№,Область/город/район/сельский округ/село,Наименование организации,"Балансодержатель автомобиля (балансодержатель/
фактический пользователь/
форма владения:
баланс,
аренда,
лизинг,
доверительное управление)","Правоустанавливающие документы №/дата
(приказы закрепления, 
акты приема-передачи,
договоры, технический паспорт ТС аренды/лизинга)",Фактический пользователь,"По использованию
(закрепленное должностное лицо/
наличие водителя) Ф.И.О. и должность",Имеется ли приказ закрепления №/дата,Марка/модель/ год выпуска,ГРНЗГосударственныйрегистрационныйномернойзнак,Примечание
,1,2,3,4,5,6,7,8,9,10
Акимат Алматинской области,,,,,,,,,,
1,"Алматинская область, город Конаев","КГУ ""Хозяйственное управление""  аппарата акима Алматинской области","КГУ ""Хозяйственное управление""  аппарата акима Алматинской области      форма владения-баланс",тех. паспорт            № ВС 80008603,Управление финансов,Руководитель,не имеется,Сhevrolet Мalibu,015QN05,
2,"Алматинская область, город Конаев","КГУ ""Хозяйственное управление""  аппарата акима Алматинской области","КГУ ""Хозяйственное управление""  аппарата акима Алматинской области      форма владения-баланс",тех. паспорт            № ВС 80007543,Управление финансов,Заместитель,не имеется,Skoda Super,047QN05,
3,"Алматинская область, город Конаев","КГУ ""Хозяйственное управление""  аппарата акима Алматинской области","КГУ ""Хозяйственное управление""  аппарата акима Алматинской области      форма владения-баланс",тех. паспорт            № ВС 80007451,Управление финансов,Заместитель,не имеется,Skoda Super,819AP05,
4,"Алматинская область, город Конаев","КГУ ""Хозяйственное управление""  аппарата акима Алматинской области","КГУ ""Хозяйственное управление""  аппарата акима Алматинской области      форма владения-баланс",тех. паспорт            № ВС 80007518,Управление государственных закупок,Руководитель,не имеется,Сhevrolet Мalibu,035QN05,
5,,,,тех. паспорт            № ВС 80007632,,Заместитель,не имеется,Skoda Super,224AV05,
6,"Алматинская область, город Конаев","КГУ ""Хозяйственное управление""  аппарата акима Алматинской области","КГУ ""Хозяйственное управление""  аппарата акима Алматинской области      форма владения-баланс",тех. паспорт            № ВС 80007562,Управление экономики и бюджетного планирования,Руководитель,не имеется,Сhevrolet Мalibu,055QN05,
7,"Алматинская область, город Конаев","КГУ ""Хозяйственное управление""  аппарата акима Алматинской области","КГУ ""Хозяйственное управление""  аппарата акима Алматинской области      форма владения-баланс",тех. паспорт            № ВС 99999726,Управление экономики и бюджетного планирования,Заместитель,не имеется,Skoda Super,067QN05,
8,"Алматинская область, город Конаев","КГУ ""Хозяйственное управление""  аппарата акима Алматинской области","КГУ ""Хозяйственное управление""  аппарата акима Алматинской области      форма владения-баланс",тех. паспорт            № ВС 99999808,Управление экономики и бюджетного планирования,Заместитель,не имеется,Toyota Camry,052QN05,
9,"Алматинская область, город Конаев","КГУ ""Хозяйственное управление""  аппарата акима Алматинской области","КГУ ""Хозяйственное управление""  аппарата акима Алматинской области      форма владения-баланс",тех. паспорт            № ВС 80007513,Управление по делам религий,Руководитель,не имеется,Сhevrolet Мalibu,023QN05,
10,"Алматинская область, город Конаев","КГУ ""Хозяйственное управление""  аппарата акима Алматинской области","КГУ ""Хозяйственное управление""  аппарата акима Алматинской области      форма владения-баланс",тех. паспорт            № ВС 80007501,Управление образования,Руководитель,не имеется,Сhevrolet Мalibu,013QN05,
11,"Алматинская область, город Конаев","КГУ ""Хозяйственное управление""  аппарата акима Алматинской области","КГУ ""Хозяйственное управление""  аппарата акима Алматинской области      форма владения-баланс",тех. паспорт            № ВС 99999805,Управление образования,Заместитель,не имеется,Skoda Super,054QN05,
12,"Алматинская область, город Конаев","КГУ ""Хозяйственное управление""  аппарата акима Алматинской области","КГУ ""Хозяйственное управление""  аппарата акима Алматинской области      форма владения-баланс",тех. паспорт            № ВС 80007541,Управление образования,Заместитель,не имеется,Skoda Super,045QN05,
13,"Алматинская область, город Конаев","КГУ ""Хозяйственное управление""  аппарата акима Алматинской области","КГУ ""Хозяйственное управление""  аппарата акима Алматинской области      форма владения-баланс",тех.паспорт             № 80007482,Управление здравоохранения,Руководитель,не имеется,Сhevrolet Мalibu,050QN05,
14,"Алматинская область, город Конаев","КГУ ""Хозяйственное управление""  аппарата акима Алматинской области","КГУ ""Хозяйственное управление""  аппарата акима Алматинской области      форма владения-баланс",тех.паспорт             № 80007542,Управление здравоохранения,Заместитель,не имеется,Skoda Super,048QN05,
15,"Алматинская область, город Конаев","КГУ ""Хозяйственное управление""  аппарата акима Алматинской области","КГУ ""Хозяйственное управление""  аппарата акима Алматинской области      форма владения-баланс",тех.паспорт                   № 99999723,Управление здравоохранения,Заместитель,не имеется,Skoda Super,072QN05,
16,"Алматинская область, город Конаев","КГУ ""Хозяйственное управление""  аппарата акима Алматинской области","КГУ ""Хозяйственное управление""  аппарата акима Алматинской области      форма владения-баланс",тех. паспорт            № ВС 80007502,Управление  координации занятости и социальных программ Алматинской области,Руководитель,не имеется,Сhevrolet Мalibu,014QN05,
17,"Алматинская область, город Конаев","КГУ ""Хозяйственное управление""  аппарата акима Алматинской области","КГУ ""Хозяйственное управление""  аппарата акима Алматинской области      форма владения-баланс",тех. паспорт           №99999803,,Заместитель,не имеется,Skoda Super,056QN05,
18,"Алматинская область, город Конаев","КГУ ""Хозяйственное управление""  аппарата акима Алматинской области","КГУ ""Хозяйственное управление""  аппарата акима Алматинской области      форма владения-баланс",№ ВС 80007515,Управление физической культуры и спорта,Руководитель,не имеется,Сhevrolet Мalibu,031QN05,
19,"Алматинская область, город Конаев","КГУ ""Хозяйственное управление""  аппарата акима Алматинской области","КГУ ""Хозяйственное управление""  аппарата акима Алматинской области      форма владения-баланс",тех. паспорт           № 80007508,Управление по развитию языков,Руководитель,не имеется,Сhevrolet Мalibu,021QN05,
20,"Алматинская область, г.Конаев","КГУ ""Хозяйственное управление""  аппарата акима Алматинской области","КГУ ""Хозяйственное управление""  аппарата акима Алматинской области      форма владения-баланс",тех паспорт            № 99999797,Управление туризма,Руководитель,не имеется,Сhevrolet Мalibu,077QN05,
21,"Алматинская область, г.Конаев","КГУ ""Хозяйственное управление""  аппарата акима Алматинской области","КГУ ""Хозяйственное управление""  аппарата акима Алматинской области      форма владения-баланс",тех. паспорт           № 80007509,Управление энергетики и водоснабжения,Руководитель,не имеется,Сhevrolet Мalibu,024QN05,
22,"Алматинская область, г.Конаев","КГУ ""Хозяйственное управление""  аппарата акима Алматинской области","КГУ ""Хозяйственное управление""  аппарата акима Алматинской области      форма владения-баланс",тех. паспорт           № 80007539,Управление энергетики и водоснабжения,Заместитель,не имеется,Skoda Super,044QN05,
23,"Алматинская область, г.Конаев","КГУ ""Хозяйственное управление""  аппарата акима Алматинской области","КГУ ""Хозяйственное управление""  аппарата акима Алматинской области      форма владения-баланс",тех паспорт            № 80007642,Управление цифровых технологий,Руководитель,не имеется,Сhevrolet Мalibu,034QN05,
24,"Алматинская область, г.Конаев","КГУ ""Хозяйственное управление""  аппарата акима Алматинской области","КГУ ""Хозяйственное управление""  аппарата акима Алматинской области      форма владения-баланс",тех паспорт №ВС80007670,Управление внутренней политики,Руководитель,не имеется,Сhevrolet Мalibu,011QN05,
25,"Алматинская область, г.Конаев","КГУ ""Хозяйственное управление""  аппарата акима Алматинской области","КГУ ""Хозяйственное управление""  аппарата акима Алматинской области      форма владения-баланс",тех паспорт №ВС99999724,Управление внутренней политики,Заместитель,не имеется,Skoda Super,069QN05,
26,"Алматинская область, г.Конаев",,"КГУ ""Хозяйственное управление""  аппарата акима Алматинской области      форма владения-баланс",тех паспорт №ВС80007504,"Управление культуры, архивов и документации",Руководитель,не имеется,Сhevrolet Мalibu,018QN05,
27,"Алматинская область, г.Конаев","КГУ ""Хозяйственное управление""  аппарата акима Алматинской области","КГУ ""Хозяйственное управление""  аппарата акима Алматинской области      форма владения-баланс",тех паспорт №99998958,Управление сельского хозяйства,Руководитель,не имеется,Hyundai Mufasa,065QN05,
28,"Алматинская область, г.Конаев","КГУ ""Хозяйственное управление""  аппарата акима Алматинской области","КГУ ""Хозяйственное управление""  аппарата акима Алматинской области      форма владения-баланс",тех паспорт №           ВW 00010887,Управление сельского хозяйства,Заместитель,не имеется,Skoda Super,646ST05,
29,"Алматинская область, г.Конаев","КГУ ""Хозяйственное управление""  аппарата акима Алматинской области","КГУ ""Хозяйственное управление""  аппарата акима Алматинской области      форма владения-баланс",тех паспорт №ВС99999806,Управление сельского хозяйства,Заместитель,не имеется,Skoda Super,053QN05,
30,"Алматинская область, г.Конаев","КГУ ""Хозяйственное управление""  аппарата акима Алматинской области","КГУ ""Хозяйственное управление""  аппарата акима Алматинской области      форма владения-баланс",тех паспорт №ВС80007506,Управление ветеринарии,Руководитель,не имеется,Сhevrolet Мalibu,016QN05,
31,"Алматинская область, г.Конаев","КГУ ""Хозяйственное управление""  аппарата акима Алматинской области","КГУ ""Хозяйственное управление""  аппарата акима Алматинской области      форма владения-баланс",тех паспорт №ВС80007627,Управление ветеринарии,Заместитель,не имеется,Kia Cerato,033QN05,
32,"Алматинская область, г.Конаев","КГУ ""Хозяйственное управление""  аппарата акима Алматинской области","КГУ ""Хозяйственное управление""  аппарата акима Алматинской области      форма владения-баланс",тех паспорт №ВС80007516,Управление природных ресурсов и регулирования природопользования,Руководитель,не имеется,Сhevrolet Мalibu,025QN05,
33,"Алматинская область, г.Конаев","КГУ ""Хозяйственное управление""  аппарата акима Алматинской области","КГУ ""Хозяйственное управление""  аппарата акима Алматинской области      форма владения-баланс",тех паспорт №ВС99999373,Управление природных ресурсов и регулирования природопользования,Заместитель,не имеется,Skoda Super,039QN05,
34,"Алматинская область, г.Конаев","КГУ ""Хозяйственное управление""  аппарата акима Алматинской области","КГУ ""Хозяйственное управление""  аппарата акима Алматинской области      форма владения-баланс",тех паспорт №ВС99998660,Управление земельных отношений,Руководитель,не имеется,Hyundai Mufasa,082BC05,
35,"Алматинская область, г.Конаев","КГУ ""Хозяйственное управление""  аппарата акима Алматинской области","КГУ ""Хозяйственное управление""  аппарата акима Алматинской области      форма владения-баланс",тех паспорт №ВС99999733,Управление земельных отношений,Заместитель,не имеется,Skoda Super,063QN05,
36,"Алматинская область, г.Конаев","КГУ ""Хозяйственное управление""  аппарата акима Алматинской области","КГУ ""Хозяйственное управление""  аппарата акима Алматинской области      форма владения-баланс",тех паспорт №ВС80007511,Управление строительства,Руководитель,не имеется,Сhevrolet Мalibu,022QN05,
37,"Алматинская область, г.Конаев","КГУ ""Хозяйственное управление""  аппарата акима Алматинской области","КГУ ""Хозяйственное управление""  аппарата акима Алматинской области      форма владения-баланс",тех паспорт №ВС99998665,Управление строительства,Заместитель,не имеется,Hyundai Mufasa,511BC05,
38,"Алматинская область, г.Конаев","КГУ ""Хозяйственное управление""  аппарата акима Алматинской области","КГУ ""Хозяйственное управление""  аппарата акима Алматинской области      форма владения-баланс",тех паспорт №ВС99999796,Управление строительства,Заместитель,не имеется,Skoda Super,058QN05,
39,"Алматинская область, г.Конаев","КГУ ""Хозяйственное управление""  аппарата акима Алматинской области","КГУ ""Хозяйственное управление""  аппарата акима Алматинской области      форма владения-баланс",тех паспорт        №ВС 80007476,Управление по вопросам молодежной политики,Руководитель,не имеется,Kia K 5,030QN05,
40,"Алматинская область, г.Конаев","КГУ ""Хозяйственное управление""  аппарата акима Алматинской области","КГУ ""Хозяйственное управление""  аппарата акима Алматинской области      форма владения-баланс",тех паспорт №ВС80007517,Управление архитектуры и градостроительства,Руководитель,не имеется,Сhevrolet Мalibu,029QN05,
41,"Алматинская область, г.Конаев","КГУ ""Хозяйственное управление""  аппарата акима Алматинской области","КГУ ""Хозяйственное управление""  аппарата акима Алматинской области      форма владения-баланс",тех паспорт №ВС99999351,Управление государственного архитектурно-строительного контроля,Руководитель,не имеется,Сhevrolet Мalibu,012QN05,
42,"Алматинская область, г.Конаев","КГУ ""Хозяйственное управление""  аппарата акима Алматинской области","КГУ ""Хозяйственное управление""  аппарата акима Алматинской области      форма владения-баланс",тех паспорт №ВС99998661,Управление пассажирского транспорта и автомобильных дорог,Руководитель,не имеется,Hyundai Mufasa,341BC05,
43,"Алматинская область, г.Конаев","КГУ ""Хозяйственное управление""  аппарата акима Алматинской области","КГУ ""Хозяйственное управление""  аппарата акима Алматинской области      форма владения-баланс",тех паспорт №ВС99998661,Управление пассажирского транспорта и автомобильных дорог,Заместитель,не имеется,Skoda Super,074QN05,
44,"Алматинская область, г.Конаев","КГУ ""Хозяйственное управление""  аппарата акима Алматинской области","КГУ ""Хозяйственное управление""  аппарата акима Алматинской области      форма владения-баланс",тех паспорт №ВС80007521,Управление предпринимательства и индустриально-инновационного развития,Руководитель,не имеется,Сhevrolet Мalibu,027QN05,
45,"Алматинская область, г.Конаев","КГУ ""Хозяйственное управление""  аппарата акима Алматинской области","КГУ ""Хозяйственное управление""  аппарата акима Алматинской области      форма владения-баланс",тех паспорт №ВС99999794,Управление предпринимательства и индустриально-инновационного развития,Заместитель,не имеется,Skoda Super,059QN05,
46,"Алматинская область, г.Конаев","КГУ ""Хозяйственное управление""  аппарата акима Алматинской области","КГУ ""Хозяйственное управление""  аппарата акима Алматинской области      форма владения-баланс",тех паспорт №ВС99999725,Управление предпринимательства и индустриально-инновационного развития,Заместитель,не имеется,Skoda Super,068QN05,
47,"Алматинская область, г.Конаев","КГУ ""Хозяйственное управление""  аппарата акима Алматинской области","КГУ ""Хозяйственное управление""  аппарата акима Алматинской области      форма владения-баланс",тех паспорт №ВС99998956,Управление водных ресурсов и ирригации,Руководитель,не имеется,Hyundai Mufasa,064QN05,
48,"Алматинская область, г.Конаев","КГУ ""Хозяйственное управление""  аппарата акима Алматинской области",,тех паспорт №ВС80007507,Управление жилищно-коммунального хозяйства и благоустройства,Руководитель,не имеется,Сhevrolet Мalibu,019QN05,
49,"Алматинская область, г.Конаев","КГУ ""Хозяйственное управление""  аппарата акима Алматинской области","КГУ ""Хозяйственное управление""  аппарата акима Алматинской области      форма владения-баланс",тех паспорт №ВС99998955,"Управления по мобилизационной подготовке, территориальной и гражданской обороне",Руководитель,не имеется,Hyundai Mufasa,057QN05,
50,"Алматинская область, г.Конаев","КГУ ""Хозяйственное управление""  аппарата акима Алматинской области","КГУ ""Хозяйственное управление""  аппарата акима Алматинской области      форма владения-баланс",тех паспорт №ВС99998378,Управление по защите прав детей,Руководитель,не имеется,KIA K5,020QN05,
Подведомственные организации в сфере Образования,,,,,,,,,,
1,"Алматинская область, город Қонаев",КГУ «Кабинет психолого-педагогической коррекции №1» город Қонаев ГУ «Управление образования Алматинской области»,"КГУ «Кабинет психолого-педагогической коррекции №1» город Қонаев ГУ «Управление образования Алматинской области», баланс",технический паспорт BC99998428,"КГУ «Кабинет психолого-педагогической коррекции №1»
город Қонаев ГУ «Управление образования Алматинской области»",водитель : Кобентаев Серикхан Рафикович,-,LADA VESTA      год выпуска 2020г,267АК05,
2,"Алматинская область, Енбекшиказахский район
район, город Есик, улица Алматинская, строение
209/6","КГУ ""Кабинет психолого-педагогической коррекции №2"" Енбекшиказахского района ГУ ""Управление образования Алматинской
области""","КГУ ""Кабинет психолого-педагогической коррекции №2"" Енбекшиказахского района ГУ ""Управление образования Алматинской области"", баланс",№01006123 от 19.02.2016г,"КГУ ""Кабинет психолого-педагогической коррекции №2"" Енбекшиказахского района ГУ ""Управление образования Алматинской
области""",Мухаметжанов Галымбек Канатбекович,№10 от 05.02.2026г приказ закрепления на каждый год,Daewoo Nexia 2011г,751АР05,
3,"Алматинская ,Карасайский,Каскелен","КГУ ""Кабинет психолого-педагогической коррекции №3""Карасайского района ГУ ""Управление образования Алматинской области""","КГУ ""Кабинет психолого-педагогической коррекции №3""Карасайского района ГУ ""Управление образования Алматинской области"",баланс",технический паспорт BQ №80002887,"КГУ ""Кабинет психолого-педагогической коррекции №3""Карасайского района ГУ ""Управление образования Алматинской области""",водитель Мнайкулов Аскар Таттыгалиевич,приказ №2 от 01.04.2014,"Daewoo Nexia,2012",022AR05,
4,Алматинская область Талгарский р/н с Талдыбулак,"КГУ ""Кабинет психолого-педагогической коррекции №4"" Талгарского района ГУ ""Управление образования Алматинской области""","КГУ ""Кабинет психолого-педагогической коррекции №4"" Талгарского района ГУ ""Управление образования Алматинской области""",№AR20006861  от 28.12.2022г.,"КГУ ""Кабинет психолого-педагогической коррекции №4"" Талгарского района ГУ ""Управление образования Алматинской области""",Водитель  Кенжекулов Б,01 ж/қ от 06.01.2026г,Chevrolet Cobalt 2022г,344АК05,
5,Алматинская область Уйгурский район село Шонжы,КГУ Кабинет психолого-педагогической коррекции №5 Уйгурского района ГУ Управления образования Алматинской области,"КГУ Кабинет психолого-педагогической коррекции №5 Уйгурского района ГУ Управления образования Алматинской области, баланс",BN № 00000942 от 02.07.2015г,КГУ Кабинет психолого-педагогической коррекции №5 Уйгурского района ГУ Управления образования Алматинской области,водитель Султангазиев Ерғани Бахытжанович,-,Lada 21214      2014 года выпуска,351AN05,
6,"ГУ «Управление образования Алматинской области», Илийский район,  село Отеген батыра","КГУ ""Кабинет психолого-педдагогической коррекции № 6""села Отеген батыра, Илийского района ГУ ""Управления Алматинской области""","КГУ ""Кабинет психолого-педдагогической коррекции № 6""села Отеген батыра, Илийского района ГУ ""Управления Алматинской области""",BN № 00007410,"КГУ ""Кабинет психолого-педдагогической коррекции № 6""села Отеген батыра, Илийского района ГУ ""Управления Алматинской области""","Руководитель -Боранбаева Алма Сандыбаевна, водитель -Мусилимова Айганым Сарсенкуловна",№ 33-б ж/қ 01.04.2026,Hyundai accent,832LC05,
7,"Алматинская область,Балхашский район, с.Баканас","КГУ""Кабинет психолого-педагогической коррекции №7""Балхашского района ГУ""Алматинской области""","КГУ""Кабинет психолого-педагогической коррекции №7""Балхашского района ГУ""Алматинской области"" Баланс",Свидетельство о регистрации BC №80003995 от 01.08.2007г,"КГУ""Кабинет психолого-педагогической коррекции №7""Балхашского района ГУ""Алматинской области""",Водитель Ибраимов Сабыр Калтаевич,Приказ №2 от 15.01.2025г,Лада 21154/Lada 21154. Год выпуска ТС 2007г,267BV05,
8,"Алматинская область, Енбекшиказахский р/н,              с. Шелек","КГУ  «Кабинет психолого  - педагогической коррекции №8»
Енбекшиказахского района государственного учреждения
Управление  образования  Алматинской области»","КГУ  «Кабинет психолого  - педагогической коррекции №8» Енбекшиказахского района государственного учреждения Управление  образования  Алматинской области», баланс",ВО № 66001855,"КГУ  «Кабинет психолого  - педагогической коррекции №8»
Енбекшиказахского района государственного учреждения
Управление  образования  Алматинской области»            Форма владения: баланс",Чонкабаев Асхат Турланович - водитель,-,"Skoda Rapid, 2014г.",905AB05,
9,"Алматинская область, Карасайский район, село Шамалган","КГУ ""Кабинет психолого-педдагогической коррекции № 9""села Шамалган Карасайского района ГУ ""Управления Алматинской области""","КГУ ""Кабинет психолого-педдагогической коррекции № 9""села Шамалган Карасайского района ГУ ""Управления Алматинской области""",Технический паспорт №VL00356728 27.10.2020,КГУ КППК №9 села Шамалган,Водитель Саурыков Ермек Сейдалиевич,-,Hyunday Accent 2021 года,608BA05,
10,"Алматинская область,Талгарский район","КГУ ""Областная психолого-медико-педагогическая консультация № 1 города Талгар""","КГУ ""Областная психолого-медико-педагогическая консультация № 1 города Талгар"", баланс",№AR20000896 от 21.10.2019г.,"КГУ ""Областная психолого-медико-педагогическая консультация № 1 города Талгар","Суймбаев Талгат Стаханович, Водитель",№68 от 03.11.2025,KIA RIO,181LC05,
11,"Алматинская область, Илийскии район, п Отеген батыр","КГУ ""Областная психолого-медико-педагогическая консультация № 5 села Отеген батыр "" ГУ ""Управление образования Алматинской области»","КГУ ""Областная психолого-медико-педагогическая консультация № 5 села Отеген батыр "" ГУ ""Управление образования Алматинской области», баланс",№ 00007156,"КГУ ""Областная психолого-медико-педагогическая консультация № 5 села Отеген батыр "" ГУ ""Управление образования Алматинской области», баланс",Нурекенов Адиль,-,KIA RIO,245LC05,
12,"Алматинская область, Енбекшиказахский район, г.Есик","КГУ ""Областная психолого-медико-педагогическая консультация №6 г.Есик"" ГУ ""Управления образования Алматинской области""","КГУ ""Областная психолого-медико-педагогическая консультация №6 г.Есик"" ГУ ""Управления образования Алматинской области"" на балансе",№ 1918229384,"КГУ ""Областная психолого-медико-педагогическая консультация №6 г.Есик"" ГУ ""Управления образования Алматинской области""","Адильханов Акылбек Тойганбекович, водитель",№11 от 01.11.2023г.,Lada Vesta 2019,557AW05,
13,"Алматинская область, Кегенский район, Кеген","КГУ ""Областная психолого- медико-педагогическая консультация № 7 села Кеген"" ГУ ""Управление образования Алматинской области""","КГУ ""Областная психолого- медико-педагогическая консультация № 7 села Кеген"" ГУ ""Управление образования Алматинской области""",№BC99999055,"КГУ ""Областная психолого- медико-педагогическая консультация № 7 села Кеген"" ГУ ""Управление образования Алматинской области""",Кадырова Ж.Ш,Шакенов.М  приказ №89,KIA  RIO  FL  2019 г.,141LC05,
14,"Адматинская область, Илийский район, село Боралдай","КГУ ""Областная психолого-медико-педагогическая консультация №9""поселка Боралдай Илийского района.ГУ ""Управление образование Алматинской области""","КГУ ""Областная психолого-медико-педагогическая консультация №9""поселка Боралдай Илийского района.ГУ ""Управление образование Алматинской области""",Техпаспорт №AL00022307 от 15.08.23г.,"КГУ ""Областная психолого-медико-педагогическая консультация №9""поселка Боралдай Илийского района.ГУ ""Управление образование Алматинской области""",Елубаев Н.Б.,Приказ №33 от 02.10.23г.,Автомобиль CHEVROLET COBALT,107AJ05,
15,"Алматинская область, Енбекшиказахский район, г. Есик","КГУ ""Областная специальная школа-интернат №1""","КГУ ""Областная специальная школа-интернат №1"" , баланс",Технический паспорт BE01008608,"КГУ ""Областная специальная школа-интернат №1""",Аскаров М.,-,Skoda Oktavia 2012гв,768АР05,
16,"Алматинская область, Енбекшиказахский район, г. Есик","КГУ ""Областная специальная школа-интернат №1""","КГУ ""Областная специальная школа-интернат №1"" , баланс",Технический паспорт BE01008607,"КГУ ""Областная специальная школа-интернат №1""",Аскаров М.,-,Ssang Yong Actyon 2013 гв,559AU05,
17,"Алматинская область, Енбекшиказахский р-н, г.Есик",КГУ «Областная специальная школа-интернат №2»,КГУ «Областная специальная школа-интернат №2»,технический паспорт  №01001665   18.04.2001 г.,КГУ «Областная специальная школа-интернат №2»,Шажабаев А.С.,№5 от 01.02.2018 г.,Vas 21213,B910AE,
18,"Алматинская область, Енбекшиказахский р-н, г.Есик",КГУ «Областная специальная школа-интернат №2»,КГУ «Областная специальная школа-интернат №2»,технический паспорт № BE 01003007 23.02.2006г.,КГУ «Областная специальная школа-интернат №2»,Шажабаев А.С.,,Vas 21150,B114BR,неисправный
19,"Алматинская область, Карасайский район","КГУ ""Областная специальная школа-интернат №3 государственного учреждения"" Управление Алматинской области","КГУ ""Областная специальная школа-интернат №3 государственного учреждения"" Управление Алматинской области",КГУ ОСШИ ДДСНИ г.Каскелен ГУ УО Алматинской области ВВ№70012839,"КГУ ""Областная специальная школа-интернат №3 государственного учреждения"" Управление Алматинской области","Директор Рахышова Анар Саматовна, Водитель Серикбаев Жанат",-,KIA CERATO 2012,042A005,
20,"Алматинская область,Талгарский район","ГУ ""Отдел образования по Талгарскому району Управления образования Алматинской 
области""","ГУ ""Отдел образования по Талгарскому району Управления образования Алматинской 
области"", баланс",BE 99999697  от 05.08.2024г,"ГУ ""Отдел образования по Талгарскому району Управления образования Алматинской 
области""",Қасымхан Данияр Жұмағұлұлы - водитель,приказ № 29- ж/қ от 04.05.2026г,KIA RIO год выпуска 2020,551BV05,
21,"Алматинская область,Жамбылский район",ГУ Отдел образования по Жамбылскому району Управления образования Алматинской области,"ГУ ""Отдел образования по Жамбылскому району Управления образования Алматинской области"", баланс",№BB80001426,ГУ Отдел образования по Жамбылскому району Управления образования Алматинской области,Килибаев Даулет Шарионвич,17.06.2025г №135,KIA CERATO 2017,422АХ05,
22,"Алматинская область, Илийский район","ГУ ""Отдел образования по Илийскому району Управления Образования Алматинской области ""","ГУ ""Отдел образования по Илийскому району Управления Образования Алматинской области "", баланс",Техпаспорт №1924707260,"ГУ ""Отдел образования по Илийскому району Управления Образования Алматинской области "", баланс",Водитель Уалиев Б,-,Kia Serato 2019 г,808LC05,
23,"Алматинская область, Балхашский район, село Баканас",ГУ Отдел образования по Балхашскому району Управления образования Алматинской области,ГУ Отдел образования по Балхашскому району Управления образования Алматинской области,BW №00004187,ГУ Отдел образования по Балхашскому району Управления образования Алматинской области,Амиртай Айдын Амангеримулы,№683 от 22.10.24г.,"Toyota Corolla, 2016 г",248VV05,
24,Алматинская область Енбекшиказакский район с.Нарынкол,ГУ «Отдел образования по Енбекшиказахскому району Управления образования Алматинской области»,"ГУ «Отдел образования по Енбекшиказахскому району Управления образования Алматинской области», баланс",технический паспорт ТС ВА № 66029167 от 07.09.2018г.,ГУ «Отдел образования по Енбекшиказахскому району Управления образования Алматинской области»,"Кошаханова Шолпан Шамгуновна , Руководитель отдела;  Водитель имеется.",-,TOYOTA COROLLA  2017г.,310VV05,
25,Алматинская область Кегенского район,ГУ «Отдел образования по Кегенскому району Управления образования Алматинской области»,ГУ «Отдел образования по Кегенскому району Управления образования Алматинской области»,№ 00005245 от 15.11.2011,ГУ «Отдел образования по Кегенскому району Управления образования Алматинской области»,Масимханов Муратжан Кожанович Водитель Батырханов Ерлан,№49 05.09.2018,Марка-Toyota Corolla Год выпуска 2011,779VV05,
26,Алматинская область Райымбекский район с.Нарынкол,ГУ «Отдел образования по Райымбекскому району Управления образования Алматинской области»,"ГУ «Отдел образования по Райымбекскому району Управления образования Алматинской области», баланс",№AP00055344,ГУ «Отдел образования по Райымбекскому району Управления образования Алматинской области»,Байтуов Әділет Жандосұлы,№2-ж/к от 13.01.2026г,KIA RIO,719ZA05,
27,"Алматинская область, Карасайский район, г Каскелен",ГУ «Отдел образования по Карасайскому району Управления образования Алматинской области»,ГУ «Отдел образования по Карасайскому району Управления образования Алматинской области»,BW №00004087,ГУ «Отдел образования по Карасайскому району Управления образования Алматинской области»,Мендебаев Галым Мэлисович,Приказ №20 от 01.03.2023 г,Kia Cerato,440VV05,
28,"Алматинская область, Уйгурский район, с.Шонжы",ГУ «Отдел образования по Уйгурскому району Управления образования Алматинской области»,ГУ «Отдел образования по Уйгурскому району Управления образования Алматинской области»,ТС от 24.11.2020г       № BF66002965,ГУ «Отдел образования по Уйгурскому району Управления образования Алматинской области»,Руководитель отдела Ж.Жаксылык        Водитель: Е. Молдабаев,-,Hyundai Accent - 2020 г,829AW05,
29,"Алматинская область, Уйгурский район, с.Шонжы",ГУ «Отдел образования по Уйгурскому району Управления образования Алматинской области»,ГУ «Отдел образования по Уйгурскому району Управления образования Алматинской области»,ТС от 02.10.2013г       № BW 00005330,ГУ «Отдел образования по Уйгурскому району Управления образования Алматинской области»,Руководитель отдела Ж.Жаксылык        Водитель: Е. Молдабаев,-,Chevrolet Cruz  - 2013 г,691VV05,
30,"Алматинская область, г. Қонаев","ГУ ""Отдел образования по городу Конаев""","ГУ ""Отдел образования по городу Конаев""",Тех паспорт BW00004142 от 16.03.2018,"ГУ ""Отдел образования по городу Конаев""",Водитель: Уалиев Б.К,№04/1 от06.01.2025г,Chevroiet Gruze 2014г,725VV05,
31,"Алматинская область, г. Қонаев","ГУ ""Отдел образования по городу Конаев""","ГУ ""Отдел образования по городу Конаев""",Тех паспорт №BC80007660 от 07.09.2023,"ГКУ ""Средняя школа №9 с.Коскудык ГУ ""Отдел образования по городу Конаев""",Водитель: Сраилов Н,№05/1 от 06.01.2025г,SUZUKI Ertiga 2022г,225AV05,
32,"Алматинская область, г. Қонаев","ГКУ ""Казахская средняя школа-лицей"" ГУ ""Отдел образования по городу Конаев""","ГКУ ""Казахская средняя школа-лицей"" ГУ ""Отдел образования по городу Конаев""",Тех паспорт №BC99998509      Акт-приема передачи от 15.01.2026г,"ГКУ ""Казахская средняя школа-лицей"" ГУ ""Отдел образования по городу Конаев""",Кожамсеитов Р.Б. водитель - нет,,Chevrolet Aveo (Серый)   год выпуска 2013,144BH05,
33,"г. Алматы, Турксибский район","КГУ ""Алматинская областная специализированная гимназия-интернат имени Абая"" ГУ ""Управление образования Алматинской области""","КГУ ""Алматинская областная специализированная гимназия-интернат имени Абая"" ГУ ""Управление образования Алматинской области"", баланс",ВА №66019866,"КГУ ""Алматинская областная специализированная гимназия-интернат имени Абая"" ГУ ""Управление образования Алматинской области""",Алиев Нурлан Жокенович,Бұйрық № 149,Chevrolet Lacetti,V723CU,
34,"Алматинская область, г.Конаев","КГУ ""Научно-практический центр физической культуры, спорта, начальной военной подготовки и дополнительного образования"" ГУ ""Управления образования Алматинской области""","КГУ ""Научно-практический центр физической культуры, спорта, начальной военной подготовки и дополнительного образования"" ГУ ""Управления образования Алматинской области"", баланс",№BC99999192,"КГУ ""Научно-практический центр физической культуры, спорта, начальной военной подготовки и дополнительного образования"" ГУ ""Управления образования Алматинской области""",Берикболов Кайрат Ельмарович -директор,-,JAC S3 PRO 2025г.,018BI05,
35,"Алматинская область, г. Қонаев",КГУ «Алматинский областной научно-практический центр информационных технологий в сфере образования» ГУ «Управление образования Алматинской области»,"КГУ «Алматинский областной научно-практический центр информационных технологий в сфере образования» ГУ «Управление образования Алматинской области», баланс",MX12EKR2XSK008333 от 01.07.2025 г,КГУ «Алматинский областной научно-практический центр информационных технологий в сфере образования» ГУ «Управление образования Алматинской области»,"Директор Аубакир М.М., Водитель Орынбасар Е.",-,"Jac S3 pro, 2025 год выпуска",013BI05,
36,"Алматинская область, г. Қонаев","КГУ "" Областной научно-практический центр по выявлению и поддержке одаренных детей и талантливой молодежи ""Жас дарын"" ГУ ""Управление образования Алматинской области""","КГУ "" Областной научно-практический центр по выявлению и поддержке одаренных детей и талантливой молодежи ""Жас дарын"" ГУ ""Управление образования Алматинской области"" , баланс",XWWPG81ADL0009890 от 12.05.2023,"КГУ "" Областной научно-практический центр по выявлению и поддержке одаренных детей и талантливой молодежи ""Жас дарын"" ГУ ""Управление образования Алматинской области""",Директор Сеильбеков Н.Т.,-,"Kia sportage, 2023 год выпуска",570BA05,
37,"Алматинская область, г. Қонаев","КГУ ""Областной методический центр ""","КГУ ""Областной методический центр """,тех.паспорт№ВС99999219,"КГУ ""Областной методический центр """,БАҚҚОЖА ӘДІЛҒАЗЫ,-,Автомобиль JAC S3 PRO 2025г.,879AC05,
38,"Алматинская область, Райымбекский район, с.Акбеит","ГККП ""Сарыжазский профессионально-технический колледж""","ГККП ""Сарыжазский профессионально-технический колледж""",Технический паспорт ВA № 66023518,"ГККП ""Сарыжазский профессионально-технический колледж""",Водитель Кожакеев Омар Омиракунович,"17.09.2024 год, приказ  № 93",Toyota Highlander      № 797АЕ05 год выпуска 2002,№797АЕ05,
39,"Алматинская область, Райымбекский район, с.Акбеит","ГККП ""Сарыжазский профессионально-технический колледж""","ГККП ""Сарыжазский профессионально-технический колледж""",Технический паспорт ВО № 66001598,"ГККП ""Сарыжазский профессионально-технический колледж""",Водитель Кожакеев Омар Омиракунович,"17.09.2024 год, приказ  № 93",Skoda Super b   № 737АЕ05 год выпуска 2012,№797АЕ05,
40,"Алматинская область, Енбекшиказахский район, Каракемерский сельский округ, село Қаракемер","ГККП ""Каракемерский профессиональный колледж""","ГККП ""Каракемерский профессиональный колледж"", балансе",№BE99999325,"ГККП ""Каракемерский профессиональный колледж""",Кочашвили Абубекир Абдуллаевич,№26 от 01.04.2022,Kia Rio,487BF05,
41,"Алматинская область, Карасайский район г. Каскелен,","ГККП ""Каскеленс проф-тех колледж  С Жандосова""","ГККП ""Каскеленс проф-тех колледж  С Жандосова"", баланс",ВВ№70011066,Проф тех колледж С Жандосова,Кизбаев Т- механик,пр№12.от 24.11.2023 г,автомобиль Chevrolet Cruze-2012,515AN05,
42,"Алматинская область, Карасайский район г. Каскелен,","ГККП ""Каскеленс проф-тех колледж  С Жандосова""","ГККП ""Каскеленс проф-тех колледж  С Жандосова"", баланс",ВВ№7009583,Проф тех колледж С Жандосова,Корганбаев А -водитель экспедитор,пр №46 от 10.04.2026 г,автомобиль Nissan Cefiro-2005,672AN05,
43,"Алматинская область,Енбекшиказахский район,село Шелек","ГККП ""Шелекский политехнический колледж""","ГККП ""Шелекский политехнический колледж""",ВО 66001729,"ГККП ""Шелекский политехнический колледж""",Амиржанов А. механик,№2-Ө от 05.01.2026г,Шевралет-Круз,823АС-05,
44,"Алматинская область,Енбекшиказахский район,село Шелек","ГККП ""Шелекский политехнический колледж""","ГККП ""Шелекский политехнический колледж""",ВО 66001962,"ГККП ""Шелекский политехнический колледж""",Бабажанов  Б. водитель,№2-Ө от 05.01.2026г,Лада 21154,824АС-05,
45,"Алматинская область,Енбекшиказахский район,село Шелек","ГККП ""Шелекский политехнический колледж""","ГККП ""Шелекский политехнический колледж""",ВО 66001961,"ГККП ""Шелекский политехнический колледж""",Амиржанов А. механик,№2-Ө от 05.01.2026г,Daewoo Nexia,806АС-05,
46,Алматинская область Талгарский район г.Талгар,"ГККП ""Талгарский политехнический колледж"" ГУ ""Управление образования Алматинской области""","ГККП ""Талгарский политехнический колледж"" ГУ ""Управление образования Алматинской области""",Тех паспорт № BA №66029593 от 13.11.2018г,"ГККП ""Талгарский политехнический колледж"" ГУ ""Управление образования Алматинской области""",Умбетов А.Д,Приказ №01 от 03.01.2024г,Skoda superd B6 год выпуска 2013 г,717АТ05,
47,Алматинская область Талгарский район г.Талгар,"ГККП ""Талгарский политехнический колледж"" ГУ ""Управление образования Алматинской области""","ГККП ""Талгарский политехнический колледж"" ГУ ""Управление образования Алматинской области""",Тех паспорт № BA 66024031 от 22.10.2014г,"ГККП ""Талгарский политехнический колледж"" ГУ ""Управление образования Алматинской области""",Умбетов А.Д,Приказ №01 от 03.01.2024г,Lada 21214 Нива год выпуска 2014 г,452АН05,
48,Алматинская область Талгарский район г.Талгар,"ГККП ""Талгарский политехнический колледж"" ГУ ""Управление образования Алматинской области""","ГККП ""Талгарский политехнический колледж"" ГУ ""Управление образования Алматинской области""",Тех паспорт №BA 66023530 от 30.05.2014г,"ГККП ""Талгарский политехнический колледж"" ГУ ""Управление образования Алматинской области""",Далелхан Т,Приказ №01 от 03.01.2024г,Kia Cerato год выпуска 2012 г,595АД05,
49,"Алматинская область, Уйгурский район,с.Чунджа",ГККП Чунджинский политехнический колледж  ГУ Управление образования Алматинской области,ГККП Чунджинский политехнический колледж  ГУ Управление образования Алматинской области,BN00000966,ГККП Чунджинский политехнический колледж  ГУ Управление образования Алматинской области,Хамраев.А. Механик,№64 02.09.2025,KIA СERATO,362AF05,
50,"Алматинская область, Уйгурский район,с.Чунджа",ГККП Чунджинский политехнический колледж  ГУ Управление образования Алматинской области,ГККП Чунджинский политехнический колледж  ГУ Управление образования Алматинской области,BN00000904,ГККП Чунджинский политехнический колледж  ГУ Управление образования Алматинской области,Хамраев А. Механик,№64 02.09.2025,Hyundai Accent,758AF05,
51,"Алматинская область, Карасайский район, г Каскелен","ГККП ""Каскеленский колледж культуры"" ГУ ""Управления образования Алматинской области","ГККП ""Каскеленский колледж культуры"" ГУ ""Управления образования Алматинской области",№BB 70008786,"ГККП ""Каскеленский колледж культуры"" ГУ ""Управления образования Алматинской области",-,-,"LADA 21154, год выпуска 2007",B841BV,Не годна к использованию
52,"Алматинская область, Карасайский район, Шамалганский сельский округ, село Шамалган","ГККП ""Ушконырский колледж водного хозяйства"" ГУ Управление образования Алматинской области","ГККП ""Ушконырский колледж водного хозяйства"" ГУ Управление образования Алматинской области",BB70011423,"ГККП ""Ушконырский колледж водного хозяйства"" ГУ Управление образования Алматинской области",Айтбаев Ж.Е. - директор,-,Chevrolet Lacetti,B945DH,
53,"Алматинская область, Карасайский район, Шамалганский сельский округ, село Шамалган","ГККП ""Ушконырский колледж водного хозяйства"" ГУ Управление образования Алматинской области","ГККП ""Ушконырский колледж водного хозяйства"" ГУ Управление образования Алматинской области",BB70008760,"ГККП ""Ушконырский колледж водного хозяйства"" ГУ Управление образования Алматинской области",Шаймерден С.с. - Зам. по АХЧ,-,Ваз 21154,B822BV,Аварийное состояние
54,"Алматинская область, Кегенский район, с.Жалагаш","ГККП ""Кольсайский профессионально-технический колледж"" ГУ ""Управления образования Алматинской области","ГККП ""Кольсайский профессионально-технический колледж"" ГУ ""Управления образования Алматинской области",BO №66001818,"ГККП ""Кольсайский профессионально-технический колледж"" ГУ ""Управления образования Алматинской области",Бильдебаев Талгат Нургожаевич - директор,-,Chevrolet Lacetti 2012,926AE05,
55,"Алматинская область, Кегенский район, с.Жалагаш","ГККП ""Кольсайский профессионально-технический колледж"" ГУ ""Управления образования Алматинской области","ГККП ""Кольсайский профессионально-технический колледж"" ГУ ""Управления образования Алматинской области",BO №66001800,"ГККП ""Кольсайский профессионально-технический колледж"" ГУ ""Управления образования Алматинской области",Бугырбаев Ерлан Бердикович - зам директор,-,LADA 21705 2014,963AE05,Требует ремонта
56,"Алматинская область, Карасайский район, село Шамалган","ГККП ""Многопрофильный колледж профессионального обучения Шамалган"" ГУ ""Управления образования Алматинской области","ГККП ""Многопрофильный колледж профессионального обучения Шамалган"" ГУ ""Управления образования Алматинской области",Свидетельство о регистрации ТС ВВ №70009259,"ГККП ""Многопрофильный колледж профессионального обучения Шамалган"" ГУ ""Управления образования Алматинской области",Нусипбеков Максат Асанович,№75ж-қ от 02.09.2025,Лада 21154 2008 год,В668АС,
57,"Алматинская область, Карасайский район, село Шамалган","ГККП ""Многопрофильный колледж профессионального обучения Шамалган"" ГУ ""Управления образования Алматинской области","ГККП ""Многопрофильный колледж профессионального обучения Шамалган"" ГУ ""Управления образования Алматинской области",Свидетельство о регистрации ТС ВВ №70010697,"ГККП ""Многопрофильный колледж профессионального обучения Шамалган"" ГУ ""Управления образования Алматинской области",Нусипбеков Максат Асанович,№75ж-қ от 02.09.2025,Лада 21713 2011 год,В669AС,
58,"Алматинская область, Карасайский район, село Шамалган","ГККП ""Многопрофильный колледж профессионального обучения Шамалган"" ГУ ""Управления образования Алматинской области","ГККП ""Многопрофильный колледж профессионального обучения Шамалган"" ГУ ""Управления образования Алматинской области",Свидетельство о регистрации ТС ВB № 80000757,"ГККП ""Многопрофильный колледж профессионального обучения Шамалган"" ГУ ""Управления образования Алматинской области",Нусипбеков Максат Асанович,№75ж-қ от 02.09.2025,Hyundai Elantra 2.0  2020 год,761АW05,
59,"Алматинская область, город Талгар","ГККП ""Талгарский колледж агробизнеса и менеджмента"" ГУ ""Управления образования Алматинской области""","ГККП ""Талгарский колледж агробизнеса и менеджмента"" ГУ ""Управления образования Алматинской области""","Технический паспорт ВА №99999135 от 10.07.2025 года,","ГККП ""Талгарский колледж агробизнеса и менеджмента"" ГУ ""Управления образования Алматинской области""",Касымхан А.Б.,Приказ № 77-ө 02.09.2025,Автомашина Hyundai Tuscon IX35 LM,262BI05,
60,"Алматинская область, город Талгар","ГККП ""Талгарский колледж агробизнеса и менеджмента"" ГУ ""Управления образования Алматинской области""","ГККП ""Талгарский колледж агробизнеса и менеджмента"" ГУ ""Управления образования Алматинской области""",Технический паспорт № 66015332 от 04.11.2007 г,"ГККП ""Талгарский колледж агробизнеса и менеджмента"" ГУ ""Управления образования Алматинской области""",Ералиев К.А.,Приказ № 77-ө 02.09.2025,Автомашина NF SONATA,B414BY,
61,"Алматинская область, город Талгар","ГККП ""Талгарский колледж агробизнеса и менеджмента"" ГУ ""Управления образования Алматинской области""","ГККП ""Талгарский колледж агробизнеса и менеджмента"" ГУ ""Управления образования Алматинской области""",Технический паспорт ВА № 66017450 от 11.07.2008,"ГККП ""Талгарский колледж агробизнеса и менеджмента"" ГУ ""Управления образования Алматинской области""",Ментаев С,Приказ № 77-ө 02.09.2025,"Автомашина ""Лада-21154""",B115CD,
62,"Алматинская область, г. Қонаев","ГККП ""Многопрофильный колледж г.Конаев"" ГУ ""Управления образования Алматинской области","ГККП ""Многопрофильный колледж г.Конаев"" ГУ ""Управления образования Алматинской области",BC № 80006244,"ГККП ""Многопрофильный колледж г.Конаев"" ГУ ""Управления образования Алматинской области","Имангелді Н,Е,",Приказ №01 от 03.01.2019,"Kia Optima, год выпуска 2012",184AP05,
63,"Алматинская область, г. Қонаев","ГККП ""Многопрофильный колледж г.Конаев"" ГУ ""Управления образования Алматинской области","ГККП ""Многопрофильный колледж г.Конаев"" ГУ ""Управления образования Алматинской области",BC № 80006244,"ГККП ""Многопрофильный колледж г.Конаев"" ГУ ""Управления образования Алматинской области",Сагадиев Б.С.,Приказ №134 от 02.09.2025,Lada 21703,178AP05,
64,"Алматинская область, Енбекшиказахский район, город Есик","КГКП "" Есикский гуманитарно - педагогический колледж""  ГУ ""Управление образования Алматинской области""","КГКП "" Есикский гуманитарно - педагогический колледж""  ГУ ""Управление образования Алматинской области""",ВЕ 01006299,"КГКП "" Есикский гуманитарно - педагогический колледж""  ГУ ""Управление образования Алматинской области""",Водитель Жолдыбаев Е,пр№12.от 24.06.2018 г,KIA Cerato 2015 г,145AU05,подлежит к ремонту
65,"Алматинская область, Енбекшиказахский район, город Есик","КГКП "" Есикский гуманитарно - педагогический колледж""  ГУ ""Управление образования Алматинской области""","КГКП "" Есикский гуманитарно - педагогический колледж""  ГУ ""Управление образования Алматинской области""",ВЕ 01005087,"КГКП "" Есикский гуманитарно - педагогический колледж""  ГУ ""Управление образования Алматинской области""",Водитель Жолдыбаев Е,пр№12.от 24.06.2018 г,Ваз 21154 2007 г,201АА05,подлежит к списанию
66,"Алматинская область, Енбекшиказахский район, город Есик","КГКП "" Есикский гуманитарно - педагогический колледж""  ГУ ""Управление образования Алматинской области""","КГКП "" Есикский гуманитарно - педагогический колледж""  ГУ ""Управление образования Алматинской области""",ВЕ 01004469,"КГКП "" Есикский гуманитарно - педагогический колледж""  ГУ ""Управление образования Алматинской области""",Водитель Жумагулов Г,пр №72 от 18.06.2025 г,Hyndai County  2010 г,В334СW,подлежит к ремонту
67,"г. Алматы, Алмалинский район",ГККП Алматинский экономический колледж,ГККП Алматинский экономический колледж,BK№00002044,ГККП Алматинский экономический колледж,Кадиров М.Д водитель,пр№21 3.02.2012,Toyota Camry 2011г,B585CW,подлежит к ремонту
68,"г. Алматы, Алмалинский район",ГККП Алматинский экономический колледж,ГККП Алматинский экономический колледж,AP99865039,ГККП Алматинский экономический колледж,Кадиров М.Д водитель,пр№46 07.02.2012,Toyota Corolla 2011,995GA02,подлежит к ремонту
69,"г. Алматы, Алмалинский район",ГККП Алматинский экономический колледж,ГККП Алматинский экономический колледж,BK№00002133,ГККП Алматинский экономический колледж,Кадиров М.Д водитель,пр№ 17 10.02.2012,Nissan Atmera 2011,В565DA,подлежит к ремонту
70,"г. Алматы, Алмалинский район",ГККП Алматинский экономический колледж,ГККП Алматинский экономический колледж,ВА№66015062,ГККП Алматинский экономический колледж,Кадиров М.Д водитель,пр№16 09.01.1998,Mersedes Bens 1997,B770BN,подлежит к списанию
71,"Алматинская область, Жамбылский район","ГККП ""Узынагашский профессиональный колледж им.Жамбыла""","ГККП ""Узынагашский профессиональный колледж им.Жамбыла"",  баланс",тех.паспорт №BB70013653,"ГККП ""Узынагашский профессиональный колледж им.Жамбыла"",  баланс","Алтаев Б.Б.-директор., Сырлыбаев М.-водитель",Приказ        №05-ж/қ от 01.02.2024г.,"ChevroletCruze, 2015г",878AX05,подлежит к ременту
72,"Алматинская область, Жамбылский район","ГККП ""Узынагашский профессиональный колледж им.Жамбыла""","ГККП ""Узынагашский профессиональный колледж им.Жамбыла"",  баланс",тех.паспорт №BB70015563,"ГККП ""Узынагашский профессиональный колледж им.Жамбыла"",  баланс","Алтаев Б.Б.-директор., Сырлыбаев М.-водитель",Приказ        №05-ж/қ от 01.02.2024г.,"Лада 21101, 2007г",578AY05,подлежит к ременту
73,"г.Алматы, Ауэзовский район","ГККП ""Алматинский областной колледж инновационных технологий в сфере сервиса и питания"" ГУ ""Управления образования Алматинской области","ГККП ""Алматинский областной колледж инновационных технологий в сфере сервиса и питания"" ГУ ""Управления образования Алматинской области",AQ №00050459,"ГККП ""Алматинский областной колледж инновационных технологий в сфере сервиса и питания"" ГУ ""Управления образования Алматинской области",Водитель Молдабеков Б.А.,№112-Ж/Қ 19.05.2026,KIA Optima 2012,969CT02,подлежит к ремонту
74,"г.Алматы, Ауэзовский район","ГККП ""Алматинский областной колледж инновационных технологий в сфере сервиса и питания"" ГУ ""Управления образования Алматинской области","ГККП ""Алматинский областной колледж инновационных технологий в сфере сервиса и питания"" ГУ ""Управления образования Алматинской области",AQ №00022177,"ГККП ""Алматинский областной колледж инновационных технологий в сфере сервиса и питания"" ГУ ""Управления образования Алматинской области",Старший мастер Утепбергенова Г.А.,№16 16.02.2024,"Skoda Rapid, 2014г.",651BL02,подлежит к ремонту
75,Алматинская область. Балхашский р-н. С. Баканас,"ГККП ""Баканасский аграрно-индустриальный колледж""","ГККП ""Баканасский аграрно-индустриальный колледж""",Тех.паспорт АР00018960 от 16.08.2019 г,"ГККП ""Баканасский аграрно-индустриальный колледж""",Жексенов Е.H.,№ 27А от 20.08.2019,Hyundai Elantra,767YB05,
Подведомственные организации в сфере Туризма,,,,,,,,,,
1,"Алматинская область, г.Конаев","КГКП ""Туристский информационный центр Алматинской области"" ГУ ""Управление туризма Алматинской области""","КГКП ""Туристский информационный центр Алматинской области"" ГУ ""Управление туризма Алматинской области"", баланс",тех паспорт  №BC80007410,"КГКП ""Туристский информационный центр Алматинской области"" ГУ ""Управление туризма Алматинской области""",Тумабаев Е.,-,Mersedes Benz-223205,426AW05,"Машина приобретена в 2019 году, ремонт автотранспортных средств - 416,0 тыс тг, автострахование - 135,8, мойка авто - 170,8 тыс тг , зарплата водителя - 862,0 тыс тенге."
2,"Алматинская область, г.Конаев","КГКП ""Туристский информационный центр Алматинской области"" ГУ ""Управление туризма Алматинской области""","КГКП ""Туристский информационный центр Алматинской области"" ГУ ""Управление туризма Алматинской области""",тех паспорт №ВС80007411,"КГКП ""Туристский информационный центр Алматинской области"" ГУ ""Управление туризма Алматинской области""",-,-,KIA OPTIMA,986AW05,"Машина приобретена в 2019 году, ремонт автотранспортных средств - 800,5 тыс тг, автострахование - 55,2, мойка авто - 211,2 тыс тг"
Подведомственные организации Управления цифровых технологий,,,,,,,,,,
1,"Алматинская область, город Конаев","Государственное учреждение "" Управление цифровых технологий Алматинской области»","Государственное учреждение "" Управление цифровых технологий Алматинской области»","Номер договора в реестре договоров 181240004225/250006/00,   Акт приема передачи от 18 апреля 2025 года, накладная номер  6599от 18 апреля 2025 года ,тех паспорт № ВС9999258","Государственное учреждение "" Управление цифровых технологий Алматинской области»","Транспортное средство компании закрепляется за сотрудником, выезжающим в командировку, на основании соответствующего приказа.","Транспортное средство компании закрепляется за сотрудником, выезжающим в командировку, на основании соответствующего приказа.",Toyota Hilux 2024,017BI05(),
2,Алматинская,"КГУ ""Центр информационных технологий"" ГУ ""Управление цифровых технологий Алматинской области""","КГУ ""Центр информационных технологий"" ГУ ""Управление цифровых технологий Алматинской области""",тех паспорт № BW00005655,"КГУ ""Центр информационных технологий"" ГУ ""Управление цифровых технологий Алматинской области""","КГУ ""Центр информационных технологий"" ГУ ""Управление цифровых технологий Алматинской области""",Безуглый П. водитель,Skoda Super B 2013г,123VV05,"Машина приобретена в 2024 году, амортизация составляет  100%, 681,0 тыс тг расходы по ГСМ-АИ 95, 50,0 тыс тг автострахование, 2200,0 тыс тг (тех.обслуж, автомойка, ремонт)"
Подведомственные организации Управления развития языков,,,,,,,,,,
1,г. Конаев,"КГУ ""Учебно методический центр ""Тіл"" Алматинской области""","КГУ ""Учебно методический центр ""Тіл"" Алматинской области""",Тех паспорт №AH00104751,"КГУ ""Учебно методический центр ""Тіл"" Алматинской области""",Водитель Нургазин Дидар Умиржанович,№20 от 19.01.2024,CHEVROLET COBALT,408AI05,
2,г. Конаев,"КГУ ""Учебно методический центр ""Тіл"" Алматинской области""","КГУ ""Учебно методический центр ""Тіл"" Алматинской области""",Тех паспорт №BW 00005432,"КГУ ""Учебно методический центр ""Тіл"" Алматинской области""",Водитель Нургазин Дидар Умиржанович,№20 от 19.01.2024,Toyota Hiace,044AS05,
Подведомственные организации в сфере Здавохранения,,,,,,,,,,
1,Алматинская область,"ГКП на ПХВ ""Алматинский областной кожно-венерологический диспансер""",Баланс,Техпаспорт,"ГКП на ПХВ ""Алматинский областной кожно-венерологический диспансер""","директор-Калдываева Г. А., водитель-Кусаинов С.",Приказ,"Chevrolet tracker, 2025 г.в.",566BI05,
2,Алматинская область,"ГКП на ПХВ ""Алматинский областной кожно-венерологический диспансер""",Баланс,Техпаспорт,"ГКП на ПХВ ""Алматинский областной кожно-венерологический диспансер""",водитель- Баймеркеев М.,Приказ,"KIA Sportage, 2014 г.в.",782AN05,
3,Алматинская область,"ГКП на ПХВ ""Алматинский областной кожно-венерологический диспансер""",Баланс,Техпаспорт,"ГКП на ПХВ ""Алматинский областной кожно-венерологический диспансер""",водитель-Бесжанов Р.,Приказ,"Lada 212140, 2015 г.в.",354AU05,
4,"Алматинская, г.Талгар","""Областной центр психического здоровья""","""Областной центр психического здоровья""",Акт приема передач,"""Областной центр психического здоровья""",Шынгысов Даурен Дарынбаевич,№403-Ж/К от 29.06.2024г,"Chevrolet Captiva, 2013",954AS05,
5,"Алматинская, г.Талгар","""Областной центр психического здоровья""","""Областной центр психического здоровья""",Акт приема передач,"""Областной центр психического здоровья""",Алиев Джалил Халилович,№14-Ж/К от 09.01.2025г,"ВАЗ 21214, 2016",834AC05,
6,"Алматинская, г.Талгар","""Областной центр психического здоровья""","""Областной центр психического здоровья""",Акт приема передач,"""Областной центр психического здоровья""",Дилманов Талгат Жайлаубаевич,№14-Ж/К от 09.01.2025г,"SKODA OCTAVIA A7, 2013",340AV05,
7,"Алматинская, г.Талгар","""Областной центр психического здоровья""","""Областной центр психического здоровья""",Акт приема передач,"""Областной центр психического здоровья""",Сапаров Аскарбек Миятпекович,№14-Ж/К от 09.01.2025г,"LADA 21214, 2013",346AV05,
8,Алматиснкая область,"ГКП на ПХВ ""Областная станция скорой и неотложной медицинской помощи ""","ГКП на ПХВ ""Областная станция скорой и неотложной медицинской помощи """,MXZ68B120SK267039,Скорая помощь,Жекеев Ермек Маликович,№66-ОД от 22.04.2025 год,Jac Sunray 2025 год,878BG05,
9,Алматиснкая область,"ГКП на ПХВ ""Областная станция скорой и неотложной медицинской помощи ""","ГКП на ПХВ ""Областная станция скорой и неотложной медицинской помощи """,MX16A414BSK043056,Скорая помощь,Бейсебаев Жасулан Кудайбергенович,№66-ОД от 22.04.2025 год,KIA K5 EUS42JG1J H064 АТ 2025 год,989BG05,
10,Алматинский область,КГП на ПХВ «Центр фтизиопульмонологии Алматинской области» ГУ «Управление здравоохранения Алматинской области»,КГП на ПХВ «Центр фтизиопульмонологии Алматинской области» ГУ «Управление здравоохранения Алматинской области»,№ BE0100855  от 02.08.2023,КГП на ПХВ «Центр фтизиопульмонологии Алматинской области» ГУ «Управление здравоохранения Алматинской области»,Директор- водитель Мустафаев Мурат Мирзаевич,№ 78-Ж/К  21.05.2024г,"Автомашина  HYUINDAI Tucson  ( MX1S3813DKK715347) , год выпуска - 2018г",277AS05,
11,Алматинский область,КГП на ПХВ «Центр фтизиопульмонологии Алматинской области» ГУ «Управление здравоохранения Алматинской области»,КГП на ПХВ «Центр фтизиопульмонологии Алматинской области» ГУ «Управление здравоохранения Алматинской области»,№ BE01008557  от 02.08.2023г,КГП на ПХВ «Центр фтизиопульмонологии Алматинской области» ГУ «Управление здравоохранения Алматинской области»,группа МиО-  водитель Бәкір Ернұр,№ 166-Ж/К  09.07.2025г,"Сhevrolet cobalt,  год выпуска - 2021г",063ZA05,
12,Алматинский область,КГП на ПХВ «Центр фтизиопульмонологии Алматинской области» ГУ «Управление здравоохранения Алматинской области»,КГП на ПХВ «Центр фтизиопульмонологии Алматинской области» ГУ «Управление здравоохранения Алматинской области»,№ BE01008554  от 02.08.2023г,КГП на ПХВ «Центр фтизиопульмонологии Алматинской области» ГУ «Управление здравоохранения Алматинской области»,Завхоз-  водитель Джалымов Сапарбай Чандыбаевич,№ 10-Ж/К  06.01.2026г,"KIA CERATO,  год выпуска - 2013г",635YK05,
13,"Алматинская область,Жамбылский район,с Каргалы ул Женис № 156","КГУ ""База специального медицинского снабжения""ГУ""УЗАО""","КГУ ""База специального медицинского снабжения""ГУ""УЗАО""",приказ №461 от 27.12.2023г,"КГУ ""База специального медицинского снабжения""ГУ""УЗАО""",Водитель. Мырзамуратов Куатбай Куттыгулович,Приказ         №35-ж от 01.06.2026г,ВАЗ 21213 год выпуска 2007 г,121ВС02,Дополнительная информация если есть
14,"Алматинская обл.Балхашский р/н, с.Баканас","ГКП на ПХВ ""Балхашская ЦРБ""","ГКП на ПХВ ""Балхашская ЦРБ""",Тех пасп №66028864,"ГКП на ПХВ ""Балхашская ЦРБ""","Байсын К., механик",нет,KIA Sportage 2018,575AZ05,
15,"Алматинская обл.Балхашский р/н, с.Баканас","ГКП на ПХВ ""Балхашская ЦРБ""","ГКП на ПХВ ""Балхашская ЦРБ""",АР99860148,"ГКП на ПХВ ""Балхашская ЦРБ""","Байсын К., механик",нет,"Адмтранспорт ""Chevrolet Cobalt"",  2025",366AZ05,приобретено в 12.2025
16,"Алматинская обл.Балхашский р/н, с.Баканас","ГКП на ПХВ ""Балхашская ЦРБ""","ГКП на ПХВ ""Балхашская ЦРБ""",АН00491640,"ГКП на ПХВ ""Балхашская ЦРБ""","Байсын К., механик",нет,"Адмтранспорт ""Chevrolet Cobalt"",  2025",386BI05,приобретено в 12.2025
17,"Алматинская обл.Балхашский р/н, с.Баканас","ГКП на ПХВ ""Балхашская ЦРБ""","ГКП на ПХВ ""Балхашская ЦРБ""",АР99860151,"ГКП на ПХВ ""Балхашская ЦРБ""","Байсын К., механик",нет,"Адмтранспорт ""Chevrolet Cobalt"",  2025",388AZ05,приобретено в 12.2025
18,"Алматинская обл.Балхашский р/н, с.Баканас","ГКП на ПХВ ""Балхашская ЦРБ""","ГКП на ПХВ ""Балхашская ЦРБ""",ВА 66019829,"ГКП на ПХВ ""Балхашская ЦРБ""","Байсын К., механик",нет,Tоyota Camry 2003,В747CU,готовим списанию
19,район,"ГКП на ПХВ ""Районная больница"" с.Боралдай ГУ ЗАО","ГКП на ПХВ ""Районная больница"" с.Боралдай ГУ ЗАО",ТС AQ №00050255,"ГКП на ПХВ ""Районная больница"" с.Боралдай ГУ ЗАО",водитель Умуталиев Н.С.,№229 от 31.03.2026,KIA SPORTAGE,615YA05,
20,Алматинская область,"КГП на ПХВ ""АОЦ  по профилактике и борьбе со СПИД""","КГП на ПХВ ""АОЦ  по профилактике и борьбе со СПИД""",AR99999319,АОЦ СПИД,Мыркасымов Естай,,CHEVROLET COBALT          2022 г.в.,607AI05,
21,Алматинская область,"КГП на ПХВ ""АОЦ  по профилактике и борьбе со СПИД""","КГП на ПХВ ""АОЦ  по профилактике и борьбе со СПИД""",AR99999360,АОЦ СПИД,Қасымхан Тимур,,LADA LARGUS  2020 г.в.,226ZA05,
22,Алматинская область,"КГП на ПХВ ""АОЦ  по профилактике и борьбе со СПИД""","КГП на ПХВ ""АОЦ  по профилактике и борьбе со СПИД""",AR99999329,АОЦ СПИД,Аргимов Қанат,,LADA LARGUS  2021 г.в.,223ZA05,
23,Алматинская область,"КГП на ПХВ ""АОЦ  по профилактике и борьбе со СПИД""","КГП на ПХВ ""АОЦ  по профилактике и борьбе со СПИД""",AR99999325,АОЦ СПИД,Жетписбанв Марат,,HYUNDAI H350   2023 г.в.,638AI05,
24,Алматинская область,"КГП на ПХВ ""АОЦ  по профилактике и борьбе со СПИД""","КГП на ПХВ ""АОЦ  по профилактике и борьбе со СПИД""",AR99999363,АОЦ СПИД,Джолдаспаев Нурсултан,,SSANG YONG ACTYON         2011 г.в.,524AS05,
25,"Алматинская область, Енбекшиказахский район, село Шелек",КГУ «Алматинский областной специализированный дом ребенка» ГУ  «Управление здравоохранения Алматинской области»,КГУ «Алматинский областной специализированный дом ребенка» ГУ  «Управление здравоохранения Алматинской области»,AR99998602,КГУ «Алматинский областной специализированный дом ребенка» ГУ  «Управление здравоохранения Алматинской области»,Саматаев Б.А. (директор),,Chevrolet Cobalt,103BF05,
26,"Алматинская область , Жамбылский район , Узынагашский сельский округ,с.Узынагаш",КГП на ПХВ Жамбылская МЦРБ,КГП на ПХВ Жамбылская МЦРБ,"Накладная №1513 от 10.11.2015г, ТП ТС-ВQ80002797",Дәлелханов Ернур Есымқанұлы,Дәлелханов Ернур Есымқанұлы  водитель,№29-Ө от 10.01.2025г.,"Chevrolet Malibu, 2014г",595AN05,
27,"Алматинская область , Жамбылский район , Узынагашский сельский округ,с.Узынагаш",КГП на ПХВ Жамбылская МЦРБ,КГП на ПХВ Жамбылская МЦРБ,"Акт приема-передачи №1276-191-АЗ от 12.07.2019г, ТП ТС-АР00017537",Рахымбаев Турлыбай Есенгожаевич,Рахымбаев Турлыбай Есенгожаевич водитель,№29-Ө от 10.01.2025г.,"Lada Xray,         2019г",165YK05,
28,"Алматинская область , Жамбылский район , Узынагашский сельский округ,с.Узынагаш",КГП на ПХВ Жамбылская МЦРБ,КГП на ПХВ Жамбылская МЦРБ,ТП ТС-70011228,Жеренбаев Жандос Шахмерденович,Жеренбаев Жандос Шахмерденович водитель,№29-Ө от 10.01.2025г.,"LADA 21214,    2012г",B343DH,
29,"Алматинская область , Жамбылский район , Узынагашский сельский округ,с.Узынагаш",КГП на ПХВ Жамбылская МЦРБ,КГП на ПХВ Жамбылская МЦРБ,ТП ТС-ВВ70008851,,,,"ВАЗ 21213,        2006г",B747BV,"не рабочий,на списании"
30,"Алматинская область , Жамбылский район , Узынагашский сельский округ,с.Узынагаш",КГП на ПХВ Жамбылская МЦРБ,КГП на ПХВ Жамбылская МЦРБ,ТП ТС-BQ80000264,Буркитбаев Н.О,Буркитбаев Н.О  водитель,№29-Ө от 10.01.2025г.,"ВАЗ 21213,       2007г",B588BN,
31,"Алматинская область , Жамбылский район , Узынагашский сельский округ,с.Узынагаш",КГП на ПХВ Жамбылская МЦРБ,КГП на ПХВ Жамбылская МЦРБ,ТП ТС-АР99866487,Cейлиханов Жанибек,Cейлиханов Жанибек  водитель,№29-Ө от 10.01.2025г.,"LADA 21214,    2012г",325AZ05,
32,"Алматинская область , Жамбылский район , Узынагашский сельский округ,с.Узынагаш",КГП на ПХВ Жамбылская МЦРБ,КГП на ПХВ Жамбылская МЦРБ,ТП ТС-ВВ70007657,Орусбаев Сарсенбай Базарбаевич,Орусбаев Сарсенбай Базарбаевич водитель,№29-Ө от 10.01.2025г.,"ВАЗ 21213,       2005г",В891АW,
33,Алматинская область,"КГП на ПХВ ""Алматинская региональная многопрофильная клиника"" Алматинской области","КГП на ПХВ ""Алматинская региональная многопрофильная клиника"" Алматинской области",1. Тех.паспорт BB80000629,1.Абдибаев Майдан Жасуланович (водитель),1.Абдибаев Майдан Жасуланович (водитель),приказ 1 . от 20.08.2019г.,"Автомобиль Hyundai H-1, объем 2359 20.11.2014г.",778AF05,
34,Алматинская область,"КГП на ПХВ ""Алматинская региональная многопрофильная клиника"" Алматинской области","КГП на ПХВ ""Алматинская региональная многопрофильная клиника"" Алматинской области",2. Тех. Паспорт АР00076076,2. Кусаинов Досым Абдразакович (водитель),2. Кусаинов Досым Абдразакович (водитель),2. от 01.01.2022г.,Автомобиль CHEVROLET Cobalt Optimum AT 1485 09.08.2023г.,548AJ05,
35,Алматинская область,"КГП на ПХВ ""Алматинская региональная многопрофильная клиника"" Алматинской области","КГП на ПХВ ""Алматинская региональная многопрофильная клиника"" Алматинской области",3. Тех.паспорт BB80000630,3.Себдайров Телжан Манапович,3.Себдайров Телжан Манапович,3. от 18.02.2021г.,"Автомобиль Skoda Superb, объем 1984 01.01.2019г.",595YK05,
36,Алматинская область,ГКП на ПХВ Алматинская многопрофильная клиническая больница,ГКП на ПХВ Алматинская многопрофильная клиническая больница,,ГКП на ПХВ АМКБ,Махмутов Акатай Отыншиевич,приказ №406-п от 31.12.2024г,"Ssang Yong Kyron,",B757DA,
37,Алматинская область,ГКП на ПХВ Алматинская многопрофильная клиническая больница,ГКП на ПХВ Алматинская многопрофильная клиническая больница,,ГКП на ПХВ АМКБ,Ескендиров Мухтар,,Daewoo Nexia Ns150,B262DK,
38,Алматинская область,ГКП на ПХВ Алматинская многопрофильная клиническая больница,ГКП на ПХВ Алматинская многопрофильная клиническая больница,,ГКП на ПХВ АМКБ,не на ходу,,Ваз 21214 (Нива),B573BZ,
39,"ГКП на ПХВ ""Енбекшиказахская многопрофильная центральная районная больница""  Форма владения:Баланс",технический паспорт ТС,"ГКП на ПХВ ""Енбекшиказахская многопрофильная центральная районная больница""",Егімбаев Арман Тлепбергенұлы,Приказ№278-Ж от 12.03.2026 г.,,,"Автомобиль Skoda Superb BB Style, 2018",044BD05,
40,"ГКП на ПХВ ""Енбекшиказахская многопрофильная центральная районная больница""  Форма владения:Баланс",технический паспорт ТС,"ГКП на ПХВ ""Енбекшиказахская многопрофильная центральная районная больница""",Батырбеков Мират Алматович,Приказ№278-Ж от 12.03.2026 г.,,,"Автомобиль легковой Kia Cerato, 2014",044АР05,
41,"ГКП на ПХВ ""Енбекшиказахская многопрофильная центральная районная больница""  Форма владения:Баланс",технический паспорт ТС,"ГКП на ПХВ ""Енбекшиказахская многопрофильная центральная районная больница""",Нурмуханов Марат Оразаевич,Приказ№278-Ж от 12.03.2026 г.,,,"Lada 21214, 2013",960AX05,
42,"ГКП на ПХВ ""Енбекшиказахская многопрофильная центральная районная больница""  Форма владения:Баланс",технический паспорт ТС,"ГКП на ПХВ ""Енбекшиказахская многопрофильная центральная районная больница""",Рахметов Ернар серикович,Приказ№278-Ж от 12.03.2026 г.,,,"Автомобиль SSANG YONG KYRON,  2014",503AW05,
43,"ГКП на ПХВ ""Енбекшиказахская многопрофильная центральная районная больница""  Форма владения:Баланс",технический паспорт ТС,"ГКП на ПХВ ""Енбекшиказахская многопрофильная центральная районная больница""",Кайнарбаев Канат Дуйсенович,Приказ№278-Ж от 12.03.2026 г.,,,"Тоyeta HIACE , 2011",891AW05,
44,Алматинская,"ГКП на ПХВ ""Илийская ЦРБ"" ГУ ""УЗ  Алм. обл."" акима","ГКП на ПХВ ""Илийская ЦРБ"" ГУ ""УЗ  Алм. обл."" акима",0,"ГКП на ПХВ ""Илийская ЦРБ"" ГУ ""УЗ  Алм. обл."" акима","Сагындыков Д.К,Постанов Е.М,Турганов Е.Т,Тойчибеков О.М",№268Ж/Қ 05№03№2019г,Сан.автотранп. микро.автобус Хундай,014AE05,
45,Алматинская область Карасайский район г.Каскелен,"КГП на ПХВ ""Карасайская клиническая многопрофильная центральная районная больница"" государственного учреждения ""Управление здравоохранения Алматинской области""","КГП на ПХВ ""Карасайская клиническая многопрофильная центральная районная больница"" государственного учреждения ""Управление здравоохранения Алматинской области""",Накладная №SP-C-2159 от 04.04.2025 г. Договор №204 от 19.03.2025 г,ВА Абай,Сагатов Ж.,,Автомобиль Шевролет Кобальт Елегент белый 047ВН05. 2025 гв,047ВН05,
46,Алматинская область Карасайский район г.Каскелен,"КГП на ПХВ ""Карасайская КМЦРБ""","КГП на ПХВ ""Карасайская КМЦРБ""",Накладная №SP-C-2159 от 04.04.2025 г. Договор №204 от 19.03.2025 г,ВА Айтей,Тургунбаев Т,,Автомобиль Шевролет Кобальт Елегент белый 091ВН05. 2025 гв,091ВН05,
47,Алматинская область Карасайский район г.Каскелен,"КГП на ПХВ ""Карасайская КМЦРБ""","КГП на ПХВ ""Карасайская КМЦРБ""",Накладная №SP-C-2159 от 04.04.2025 г. Договор №204 от 19.03.2025 г,ВА Алмалыбак,Кынбаев Б,,Автомобиль Шевролет Кобальт Елегент белый 078ВН05. 2025 гв,078ВН05,
48,Алматинская область Карасайский район г.Каскелен,"КГП на ПХВ ""Карасайская КМЦРБ""","КГП на ПХВ ""Карасайская КМЦРБ""",Накладная №17894 от 07.09.2020 г. Договор №СКТ-19 от 12.08.2020 г,ВА Асыл Арман,,,Автомобиль Chevrolet Damas DLX  (484ВА05).  2020 гв,484ВА05,
49,Алматинская область Карасайский район г.Каскелен,"КГП на ПХВ ""Карасайская КМЦРБ""","КГП на ПХВ ""Карасайская КМЦРБ""",Накладная №SP-C-2159 от 04.04.2025 г. Договор №204 от 19.03.2025 г,ВА Асыл Арман,Киинбаев Дж,,Автомобиль Шевролет Кобальт Елегент белый 123ВН05    2025 гв,123ВН05,
50,Алматинская область Карасайский район г.Каскелен,"КГП на ПХВ ""Карасайская КМЦРБ""","КГП на ПХВ ""Карасайская КМЦРБ""",Накладная №51 от 12.07.2024 г. Договор №380 от 10.07.2024 г,ВА Бекболат,Айнабеков М,,Chevrolet Cobalt Optimum AT Gaz  476ВС05    2024 гв,476ВС05,
51,Алматинская область Карасайский район г.Каскелен,"КГП на ПХВ ""Карасайская КМЦРБ""","КГП на ПХВ ""Карасайская КМЦРБ""",Накладная №51 от 12.07.2024 г. Договор №380 от 10.07.2024 г,ВА Жамбыл,Таскулов Т.С.,,Chevrolet Cobalt Optimum AT Gaz  042ВС05   2024 гв,042ВС05,
52,Алматинская область Карасайский район г.Каскелен,"КГП на ПХВ ""Карасайская КМЦРБ""","КГП на ПХВ ""Карасайская КМЦРБ""",Накладная №SP-C-2159 от 04.04.2025 г. Договор №204 от 19.03.2025 г,ВА Жана Турмыс,Махмудов,,Автомобиль Шевролет Кобальт Елегент белый 067ВН05    2025 гв,067ВН05,
53,Алматинская область Карасайский район г.Каскелен,"КГП на ПХВ ""Карасайская КМЦРБ""","КГП на ПХВ ""Карасайская КМЦРБ""",Накладная №SP-C-2159 от 04.04.2025 г. Договор №204 от 19.03.2025 г,ВА Жандосова,Торкымбеков Б,,Автомобиль Шевролет Кобальт Елегент белый 127ВН05.  2025 гв,127ВН05,
54,Алматинская область Карасайский район г.Каскелен,"КГП на ПХВ ""Карасайская КМЦРБ""","КГП на ПХВ ""Карасайская КМЦРБ""",Накладная №SP-C-2159 от 04.04.2025 г. Договор №204 от 19.03.2025 г,ВА Иргели,Бейсенбаев,,Автомобиль Шевролет Кобальт Елегент белый 079ВН05.  2025 гв,079ВН05,
55,Алматинская область Карасайский район г.Каскелен,"КГП на ПХВ ""Карасайская КМЦРБ""","КГП на ПХВ ""Карасайская КМЦРБ""",Накладная №51 от 12.07.2024 г. Договор №380 от 10.07.2024 г,ВА Коксай,Сейлханов Е,,Chevrolet Cobalt Optimum AT Gaz   043ВС05.  2024 гв,043ВС05,
56,Алматинская область Карасайский район г.Каскелен,"КГП на ПХВ ""Карасайская КМЦРБ""","КГП на ПХВ ""Карасайская КМЦРБ""",Накладная №SP-C-2159 от 04.04.2025 г. Договор №204 от 19.03.2025 г,ВА Кошмамбет,Бедельбаев Е,,Автомобиль Шевролет Кобальт Елегент белый 122ВН05. 2025 гв,122ВН05,
57,Алматинская область Карасайский район г.Каскелен,"КГП на ПХВ ""Карасайская КМЦРБ""","КГП на ПХВ ""Карасайская КМЦРБ""",Техпаспорт №АР00056232 от 15.06.2022 г,ВА Мерей,Какешев Е,,ВАЗ НИВА21214 -107 692AA05.  2013 гв,692AA05,
58,Алматинская область Карасайский район г.Каскелен,"КГП на ПХВ ""Карасайская КМЦРБ""","КГП на ПХВ ""Карасайская КМЦРБ""",Накладная №51 от 12.07.2024 г. Договор №380 от 10.07.2024 г,ВА Райымбек,Корчагин В,,Chevrolet Cobalt Optimum AT Gaz  319ВС05.  2024  гв,319ВС05,
59,Алматинская область Карасайский район г.Каскелен,"КГП на ПХВ ""Карасайская КМЦРБ""","КГП на ПХВ ""Карасайская КМЦРБ""",Накладная №SP-C-2159 от 04.04.2025 г. Договор №204 от 19.03.2025 г,ВА Улан,Курмангалиев А.А.,,Автомобиль Шевролет Кобальт Елегент белый 304ВН05.  2025 гв,304ВН05,
60,Алматинская область Карасайский район г.Каскелен,"КГП на ПХВ ""Карасайская КМЦРБ""","КГП на ПХВ ""Карасайская КМЦРБ""",Техпаспорт №АР00052004 от 29.06.2022 г,ВА Шалкар,Туменбаев А.Т.,,LADA 21214    -029ZC05.   2012 гв,029ZC05,
61,Алматинская область Карасайский район г.Каскелен,"КГП на ПХВ ""Карасайская КМЦРБ""","КГП на ПХВ ""Карасайская КМЦРБ""",Техпаспорт №АР00056249 от 15.06.2022 г,ВА Шалкар,Туменбаев А.Т.,,LADA XWW 21214  195ZC05.   2012 гв,195ZC05,
62,Алматинская область Карасайский район г.Каскелен,"КГП на ПХВ ""Карасайская КМЦРБ""","КГП на ПХВ ""Карасайская КМЦРБ""",Техпаспорт №АР00056212 от 15.06.2022 г,Инфекционная больница,Гусейнов Ж,,Lada 21713  912 АС О5.   2014 гв,912АСО5,
63,Алматинская область Карасайский район г.Каскелен,"КГП на ПХВ ""Карасайская КМЦРБ""","КГП на ПХВ ""Карасайская КМЦРБ""",Накладная №51 от 12.07.2024 г. Договор №380 от 10.07.2024 г,ПМСП Елтай,Ныкшаев С,,Chevrolet Cobalt Optimum AT Gaz   012ВС05.  2024 гв,012ВС05,
64,Алматинская область Карасайский район г.Каскелен,"КГП на ПХВ ""Карасайская КМЦРБ""","КГП на ПХВ ""Карасайская КМЦРБ""",Накладная №51 от 12.07.2024 г. Договор №380 от 10.07.2024 г,ПМСП НовоШамалган,Макажанов Ж,,Chevrolet Cobalt Optimum AT Gaz  147ВС05.   2024 гв,147ВС05,
65,Алматинская область Карасайский район г.Каскелен,"КГП на ПХВ ""Карасайская КМЦРБ""","КГП на ПХВ ""Карасайская КМЦРБ""",Накладная №SP-C-2159 от 04.04.2025 г. Договор №204 от 19.03.2025 г,СБ.с.Шамалган,Калиев А,,Автомобиль Шевролет Кобальт Елегент белый 073ВН05.  2025 гв,073ВН05,
66,Алматинская область Карасайский район г.Каскелен,"КГП на ПХВ ""Карасайская КМЦРБ""","КГП на ПХВ ""Карасайская КМЦРБ""",Накладная №375 от 06.12.2023 г. Договор №425 от 14.11.2023 г,ЦРБ,Кузембаев Ж,,Chevrolet Lacetti CDX 2023- 644AJ05.   2023 гв,644AJ05,
67,Алматинская область Карасайский район г.Каскелен,"КГП на ПХВ ""Карасайская КМЦРБ""","КГП на ПХВ ""Карасайская КМЦРБ""",Накладная №375 от 06.12.2023 г. Договор №425 от 14.11.2023 г,ЦРБ,Сисатов С,,Chevrolet Lacetti CDX 2023- 670AJ05.   2023 гв,670AJ05,
68,Алматинская область Карасайский район г.Каскелен,"КГП на ПХВ ""Карасайская КМЦРБ""","КГП на ПХВ ""Карасайская КМЦРБ""",Накладная №375 от 06.12.2023 г. Договор №425 от 14.11.2023 г,ЦРБ,Мантаев С,,Chevrolet Lacetti CDX 2023- 688AJ05.   2023 гв,688AJ05,
69,Алматинская область Карасайский район г.Каскелен,"КГП на ПХВ ""Карасайская КМЦРБ""","КГП на ПХВ ""Карасайская КМЦРБ""",Техпаспорт №АР00055068 от 17.05.2022 г,ЦРБ,Нұрімбек С,,Автомашина Skoda Superb B6   871ZA05.     2022 гв,871ZA05,
70,Алматинская область Карасайский район г.Каскелен,"КГП на ПХВ ""Карасайская КМЦРБ""","КГП на ПХВ ""Карасайская КМЦРБ""",Накладная №17709 от 12.07.2024 г. Договор №791/48 от 27.07.2020 г,ЦРБ,Баймурзаев,,Автомобиль Chevrolet Damas DLX (464ВА05).   2020 гв,464ВА05,
71,Алматинская область Карасайский район г.Каскелен,"КГП на ПХВ ""Карасайская КМЦРБ""","КГП на ПХВ ""Карасайская КМЦРБ""",Накладная №17709 от 12.07.2024 г. Договор №791/48 от 27.07.2020 г,ЦРБ,Рахимбаев Т,,Автомобиль Chevrolet Damas DLX желтый (753AW05).   2020 гв,753AW05,
72,Алматинская область Карасайский район г.Каскелен,"КГП на ПХВ ""Карасайская КМЦРБ""","КГП на ПХВ ""Карасайская КМЦРБ""",Техпаспорт №АР00056206 от 15.06.2022 г,ЦРБ,Картбаев У,,Автомобиль KIA Sportage Luxe 2.0 MT 4WD (14MY) 030AN05.    2016 гв,030AN05,
73,Алматинская область Карасайский район г.Каскелен,"КГП на ПХВ ""Карасайская КМЦРБ""","КГП на ПХВ ""Карасайская КМЦРБ""",Накладная №9 от 13.03.2025 г. Договор №187 от 11.03.2025 г,ЦРБ,Окроперидзе В,,Автомобиль легковой KIA K5 Comfort 141ВН05.   2025 гв,141ВН05,
74,Алматинская область Илийский район село Отеген батыр,"ГКП на ПХВ ""Областная детская клиническая больница""",на балансе,"Технический паспорт №80006552 от 04.01.2018 год выпуска 2017,КУЗОВ№322114Н00003769, шасси № Х06322140Н0836050","ГКП на ПХВ ""Областная детская клиническая больница""",Досымжанов Б.Д,№200 ө/1 от 01.08.2025,ГАЗ 174200,102АТ05,
75,Алматинская область Илийский район село Отеген батыр,"ГКП на ПХВ ""Областная детская клиническая больница""",на балансе,"Технический паспорт №80003833 от 18.12.2014 год выпуска 2014,двигатель №KMJWA37RAEU605738, шасси № H.У","ГКП на ПХВ ""Областная детская клиническая больница""",Досымжанов Б.Д,№200 ө/1 от 01.08.2025,Санитарный автотранспорт на базе микроавтобуса HYUNDAI H-1,872AL05,Документы готовятся к списанию
76,Алматинская область Илийский район село Отеген батыр,"ГКП на ПХВ ""Областная детская клиническая больница""",на балансе,"Технический паспорт №80006552 от 04.01.2018 год выпуска 2012,двигатель №409100С3025760, шасси № 374100С0481201","ГКП на ПХВ ""Областная детская клиническая больница""",Досымжанов Б.Д,№200 ө/1 от 01.08.2025,УАЗ 396295,В234DH,Документы готовятся к списанию
77,Алматинская область Илийский район село Отеген батыр,"ГКП на ПХВ ""Областная детская клиническая больница""",на балансе,"Технический паспорт № 80002832 от 03.10.2012год выпуска 2012,","ГКП на ПХВ ""Областная детская клиническая больница""",Досымжанов Б.Д,№200 ө/1 от 01.08.2025,Lada 21214,В484DH,Документы готовятся к списанию
78,Алматинская область,"КГП на ПХВ ""Енбекшиказахская РБ№1 с.Шелек""","КГП на ПХВ ""Енбекшиказахская РБ№1 с.Шелек""","Постановление акима Алматинской области №467 от 28.12.2023г -Skoda Super B6,","КГП на ПХВ ""Енбекшиказахская РБ№1 с.Шелек""","Махмутов Ж.К., Жумаходжа А.",№67-Н и 05.01.2026г.,Skoda Super B6 2013г,576АК05,
79,Алматинская область,"КГП на ПХВ ""Енбекшиказахская РБ№1 с.Шелек""","КГП на ПХВ ""Енбекшиказахская РБ№1 с.Шелек""",,"КГП на ПХВ ""Енбекшиказахская РБ№1 с.Шелек""",Коробейников О.А.,,Datsun On-do  2015 г,445АТ05,
80,Алматинская область,"КГП на ПХВ ""Енбекшиказахская РБ№1 с.Шелек""","КГП на ПХВ ""Енбекшиказахская РБ№1 с.Шелек""",,"КГП на ПХВ ""Енбекшиказахская РБ№1 с.Шелек""",Коробейников О.А.,,ВАЗ 21213 (Нива)  2006 г,В178BN,
81,"Алматинская область,Райымбекский район,с.Нарынкол","КГП на ПХВ ""Райымбеская районная больница"" ГУ ""УЗ Алматинской области""","КГП на ПХВ ""Райымбеская районная больница"" форма владения-на балансе",№250217/00/1 от 09.12.2025 г.,Райымбекская районная больница,Муслимов Санат Жанболатович,Приказ №813 от 22.12.2025 год,"Kia Sorento,2025",591BI05,Автомобили были приобретены в декабре 2025 года
82,"Алматинская область, Уйгурский район, село Чунджа улица Е7Джувашева 65","ГКП на ПХВ ""Уйгурская ЦРБ""",на балансе медицинской организации,№BW00008291 от 30.10.2020 года,"ГКП на ПХВ ""Уйгурская ЦРБ""",ЖАНАСБАЕВ НУРЖАН  ОРАШЕВИЧ,№26-Ж/Қ от 05.02.2025г,"Skoda Оctavia А7, 
2014 года выпуска",645AY05,
83,"Алматинская область, город Талгар","КГП на ПХВ ""Талгарский высший медицинский колледж"" ГУ ""Управление здравоохранения Алматинской области""","КГП на ПХВ ""Талгарский высший медицинский колледж"" ГУ ""Управление здравоохранения Алматинской области""",BA66031051,Водитель колледжа,Ыбраймов Д. Водитель,-,"Hyundai Accent, 2014",616AL05,
84,"Алматинская область, город Талгар","КГП на ПХВ ""Талгарский высший медицинский колледж"" ГУ ""Управление здравоохранения Алматинской области""","КГП на ПХВ ""Талгарский высший медицинский колледж"" ГУ ""Управление здравоохранения Алматинской области""",BA6603152,Директор,Кудабаев Б.А. Директор,-,"Hyundai Accent, 2014",617AL05,
85,Город,"ГКП на ПХВ ""Областной центр крови"" УЗ Алматинской области","На балансе              ГКП на ПХВ ""Областной центр крови"" УЗ Алматинской области",Акт приема передачи №388 - Н от 05.01.2023год. Номер тех паспорта KIA Cerato-АР00067812 13.03.23 г. ВАЗ  21214 - АР00066890 16.02.2023г.  УАЗ 390944 - АР00067808 13.03.2023г.  Нyundai H-1 - АР00067809  13.03.2023г.,"ГКП на ПХВ ""Областной центр крови"" УЗ Алматинской области",водитель - Кадирбеков Мейрамхан Зарыкбаевич,Приказ №112- Ж 21.04.2025 год,Автомашина KIA Cerato- 2014 г,255AJ05,
86,Город,"ГКП на ПХВ ""Областной центр крови"" УЗ Алматинской области","На балансе              ГКП на ПХВ ""Областной центр крови"" УЗ Алматинской области",,"ГКП на ПХВ ""Областной центр крови"" УЗ Алматинской области",,,Автомобиль ВАЗ  21214  - 2013 г,355AC05,
87,Город,"ГКП на ПХВ ""Областной центр крови"" УЗ Алматинской области","На балансе              ГКП на ПХВ ""Областной центр крови"" УЗ Алматинской области",,"ГКП на ПХВ ""Областной центр крови"" УЗ Алматинской области",,,Автомобиль УАЗ 390944 - 2008 г,234AJ05,
88,Город,"ГКП на ПХВ ""Областной центр крови"" УЗ Алматинской области","На балансе              ГКП на ПХВ ""Областной центр крови"" УЗ Алматинской области",,"ГКП на ПХВ ""Областной центр крови"" УЗ Алматинской области",,,Санитарная машина Нyundai H-1             2014 г,257AJ05,
89,"Алматинская область,г.Талгар","ГКП на ПХВ ""Талгарская ЦРБ""","ГКП на ПХВ ""Талгарская ЦРБ""",Технический паспорт ВА №66024117,"ГКП на ПХВ ""Талгарская ЦРБ""",не рабочее,не рабочее,Skoda Superb B6 Active 2.0 AT  (2014г),423АН05,ремонт нецелесообразен
90,"Алматинская область,г.Талгар","ГКП на ПХВ ""Талгарская ЦРБ""","ГКП на ПХВ ""Талгарская ЦРБ""",Технический паспорт ВА №660228854,"ГКП на ПХВ ""Талгарская ЦРБ""",Байболов М.Т.,Приказ ОК №281 от 01.04.2024г.,Автомобиль LADA 21214-187 (2013),043АС05,
91,"Алматинская область,г.Талгар","ГКП на ПХВ ""Талгарская ЦРБ""","ГКП на ПХВ ""Талгарская ЦРБ""",Технический паспорт ВА №66018057,"ГКП на ПХВ ""Талгарская ЦРБ""",Колесниченко С.С.,Приказ ОК №244 от 08.04.2025г.,ВАЗ -21214  (2008г),В054CD,
92,"Алматинская область,г.Талгар","ГКП на ПХВ ""Талгарская ЦРБ""","ГКП на ПХВ ""Талгарская ЦРБ""",Технический паспорт ВА №66027124,"ГКП на ПХВ ""Талгарская ЦРБ""",Аркаров Е.О.,Приказ ОК №Z00000246  от 01.04.2022г.,Ваз 21213 (2007),140АХ05,
93,"Алматинская область,г.Талгар","ГКП на ПХВ ""Талгарская ЦРБ""","ГКП на ПХВ ""Талгарская ЦРБ""",Технический паспорт ВА №66012377,"ГКП на ПХВ ""Талгарская ЦРБ""",Базирбаев А.М.,Приказ ОК №Z00000310  от 01.04.2022г.,Ваз 21213 (2005),B766AS,
94,"Алматинская область,г.Талгар","ГКП на ПХВ ""Талгарская ЦРБ""","ГКП на ПХВ ""Талгарская ЦРБ""",,"ГКП на ПХВ ""Талгарская ЦРБ""",,,Ваз 21213 (2006),B808BN,"Угон ,Справка  от РУВД от 26.12.2007 г."
95,"Алматинская область,г.Талгар","ГКП на ПХВ ""Талгарская ЦРБ""","ГКП на ПХВ ""Талгарская ЦРБ""",Технический паспорт ВА №01000226,"ГКП на ПХВ ""Талгарская ЦРБ""",Тебериков Р.Б.,Приказ ОК №Z00000281  от 01.04.2022г.,Ваз 21214  (2008г),B006BV,
96,"Алматинская область,г.Талгар","ГКП на ПХВ ""Талгарская ЦРБ""","ГКП на ПХВ ""Талгарская ЦРБ""",Технический паспорт ВА №66022045,"ГКП на ПХВ ""Талгарская ЦРБ""",Ерболатов Н.О.,Приказ ОК №Z00001158  от 21.11.2022г.,Лада 21214 (2012),В022DA,
Подведомственные организации УПИИР,,,,,,,,,,
1,г.Қонаев,"ГУ ""Управление предпринимательства и индустриально-инновационного развития Алматинской области""","Подведомственная организация ТОО ""УПРАВЛЯЮЩАЯ КОМПАНИЯ ИНДУСТРИАЛЬНЫХ ЗОН АЛМАТИНСКОЙ ОБЛАСТИ""",куплен через портал ГЗ тех/паспорт № АР99989344,"ТОО ""УПРАВЛЯЮЩАЯ КОМПАНИЯ ИНДУСТРИАЛЬНЫХ ЗОН АЛМАТИНСКОЙ ОБЛАСТИ""",Ген. директор Шокаев Е. Н. / водитель Керімқұл Ш. Т.,Приказ 52 от 04.05.2026,Tank 500,363AZ05,
2,г.Қонаев,"ГУ ""Управление предпринимательства и индустриально-инновационного развития Алматинской области""","Подведомственная организация ТОО ""УПРАВЛЯЮЩАЯ КОМПАНИЯ ИНДУСТРИАЛЬНЫХ ЗОН АЛМАТИНСКОЙ ОБЛАСТИ""",передан по акту от ГУ тех/паспорт №ВС99999579,"ТОО ""УПРАВЛЯЮЩАЯ КОМПАНИЯ ИНДУСТРИАЛЬНЫХ ЗОН АЛМАТИНСКОЙ ОБЛАСТИ""",водитель Тохтарбай Е Н,,Kia KH QUORIS,716BF05,
3,г.Қонаев,"ГУ ""Управление предпринимательства и индустриально-инновационного развития Алматинской области""","Подведомственная организация ТОО ""УПРАВЛЯЮЩАЯ КОМПАНИЯ ИНДУСТРИАЛЬНЫХ ЗОН АЛМАТИНСКОЙ ОБЛАСТИ""",куплен через портал ГЗ тех/паспорт № АР99870398,"ТОО ""УПРАВЛЯЮЩАЯ КОМПАНИЯ ИНДУСТРИАЛЬНЫХ ЗОН АЛМАТИНСКОЙ ОБЛАСТИ""",Құмарғали Мағжан Ғалымжанұлы,Приказ 74 от 01.06.2025,Chevrolet Monza,453BG05,
4,г.Қонаев,"ГУ ""Управление предпринимательства и индустриально-инновационного развития Алматинской области""","Подведомственная организация ТОО ""УПРАВЛЯЮЩАЯ КОМПАНИЯ ИНДУСТРИАЛЬНЫХ ЗОН АЛМАТИНСКОЙ ОБЛАСТИ""",куплен через портал ГЗ тех/паспорт № АР99870416,"ТОО ""УПРАВЛЯЮЩАЯ КОМПАНИЯ ИНДУСТРИАЛЬНЫХ ЗОН АЛМАТИНСКОЙ ОБЛАСТИ""",Мукишев Н М,Приказ 68 от 19.06.26,Chevrolet Monza,458BG05,
5,г.Қонаев,"ГУ ""Управление предпринимательства и индустриально-инновационного развития Алматинской области""","Подведомственная организация ТОО ""УПРАВЛЯЮЩАЯ КОМПАНИЯ ИНДУСТРИАЛЬНЫХ ЗОН АЛМАТИНСКОЙ ОБЛАСТИ""",куплен через портал ГЗ тех/паспорт № АР99861285,"ТОО ""УПРАВЛЯЮЩАЯ КОМПАНИЯ ИНДУСТРИАЛЬНЫХ ЗОН АЛМАТИНСКОЙ ОБЛАСТИ""",Ибрагимов Жомарт Максутович,приказ 87 от 15.12.26,Пикап MITSUBISHI L200,229BG05,
6,г.Қонаев,"ГУ ""Управление предпринимательства и индустриально-инновационного развития Алматинской области""","Подведомственная организация ТОО ""Региональный центр развития Алматинской области""/баланс",Технический паспорт ТС №BC99999398 от 01.11.2024,"ТОО ""Региональный центр развития Алматинской области""",Руководитель АХО/Абуов Ильяс Саматович,,Hyundai H1/2018 г.в. обьем двигателя 2.5 л. дизель,450AS05,Транспортное средство имеет высокую степень износа основных узлов и агрегатов
Подведомственные организации в сфере Социальной защиты,,,,,,,,,,
1,Алматинская область,"КГУ ""Есикский центр оказания специальных соц услуг ""Аманат ""","КГУ ""Есикский центр оказания специальных соц услуг ""Аманат "" форма владения-баланс",Приказ №130-1-Н от 20.05.2026,"КГУ ""Есикский центр оказания специальных соц услуг ""Аманат ""","Директор Бақыт Т.Б, водитель 0,5 ставка Бугачеев У",Приказ №130-1-Н от 20.05.2026,Kia Sportage (2020 г),247BE05,
2,Алматинская область,"КГУ ""Есикский центр оказания специальных соц услуг ""Аманат ""","КГУ ""Есикский центр оказания специальных соц услуг ""Аманат "" форма владения-баланс",,"КГУ ""Есикский центр оказания специальных соц услуг ""Аманат """,спецавтотранспорт водтель Даукенов Е,Приказ №130-1-Н от 20.05.2026,УАЗ-220695-332-04 (2013 г),126AU05,
3,Алматинская область,"КГУ ""Есикский центр оказания специальных соц услуг ""Аманат ""","КГУ ""Есикский центр оказания специальных соц услуг ""Аманат "" форма владения-баланс",,"КГУ ""Есикский центр оказания специальных соц услуг ""Аманат """,спецавтотранспорт водтель Нуржанов Т,Приказ №130-1-Н от 20.05.2026,УАЗ-396295-338 (2013 г),571AU05,
4,Алматинская область,"КГУ ""Есикский центр оказания специальных соц услуг ""Аманат ""","КГУ ""Есикский центр оказания специальных соц услуг ""Аманат "" форма владения-баланс",,"КГУ ""Есикский центр оказания специальных соц услуг ""Аманат """,спецавтотранспорт водтель Сарыбаев Б,Приказ №130-1-Н от 20.05.2026,ГАЗ-32212 (2019 г),575AW05,
5,Алматинская область,"КГУ ""Есикский центр оказания специальных соц услуг ""Аманат ""","КГУ ""Есикский центр оказания специальных соц услуг ""Аманат "" форма владения-баланс",,"КГУ ""Есикский центр оказания специальных соц услуг ""Аманат """,спецавтотранспорт водтель Нуржанов Т,Приказ №130-1-Н от 20.05.2026,газ 330720 (2007 г),562AU05,
6,Алматинская область,"КГУ ""Есикский центр оказания специальных соц услуг ""Аманат ""","КГУ ""Есикский центр оказания специальных соц услуг ""Аманат "" форма владения-баланс",,"КГУ ""Есикский центр оказания специальных соц услуг ""Аманат """,спецавтотранспорт водтель Айменов А,Приказ №130-1-Н от 20.05.2026,JAC M4 (2024 г),507BF05,
7,Алматинская область,"КГУ ""Есикский центр оказания специальных соц услуг ""Аманат ""","КГУ ""Есикский центр оказания специальных соц услуг ""Аманат "" форма владения-баланс",,"КГУ ""Есикский центр оказания специальных соц услуг ""Аманат """,спецавтотранспорт водтель Бугачеев У,Приказ №130-1-Н от 20.05.2026,Hyundai Staria (2025 г ),792BH05,
8,Алматинская область,"КГУ ""Есикский центр оказания специальных соц услуг ""Аманат ""","КГУ ""Есикский центр оказания специальных соц услуг ""Аманат "" форма владения-баланс",,"КГУ ""Есикский центр оказания специальных соц услуг ""Аманат """,,Приказ №130-1-Н от 20.05.2026,Hyundai SantaFe (2024 г ),770BH05,
9,Алматинская область,"КГУ ""Талгарский центр оказания специальных соц услуг""Акниет""","КГУ ""Талгарский центр оказания специальных соц услуг""Акниет"" форма владения-баланс",BA №66029690 от 30.11.2018г.,"Коммунальное государственное учреждение ""Талгарский центр оказания специальных социальных услуг ""Ақ ниет""",Фаткуллин Валерий Ходжиевич -водитель,Нет,Автомобиль KIA New Sportage - 2018г.,520AY05,
10,Алматинская область,"КГУ ""Талгарский центр оказания специальных соц услуг""Акниет""","КГУ ""Талгарский центр оказания специальных соц услуг""Акниет"" форма владения-баланс",BA №66029129 от 04.09.2018г.,"Коммунальное государственное учреждение ""Талгарский центр оказания специальных социальных услуг ""Ақ ниет""",Фаткуллин Валерий Ходжиевич -водитель,Нет,Микроавтобус  УАЗ - 396295-456  -2017г.,984AY05,
11,Алматинская область,"КГУ ""Талгарский центр оказания специальных соц услуг""Акниет""","КГУ ""Талгарский центр оказания специальных соц услуг""Акниет"" форма владения-баланс",BL № 01000411 от 15.03.2017г.,"Коммунальное государственное учреждение ""Талгарский центр оказания специальных социальных услуг ""Ақ ниет""",Бахалов Магомед Джавитович -водитель,Нет,Микроавтобус Hyundai H1  -2010г.,987AR05,
12,Алматинская область,"КГУ ""Талгарский центр оказания специальных соц услуг""Акниет""","КГУ ""Талгарский центр оказания специальных соц услуг""Акниет"" форма владения-баланс",BL № 01000410 от 15.03.2017г.,"Коммунальное государственное учреждение ""Талгарский центр оказания специальных социальных услуг ""Ақ ниет""",Бахалов Магомед Джавитович -водитель,Нет,Автобус - Daewoo BS090  (29+1мест)  -2012г.,391АU05,
13,Алматинская область,"КГУ ""Талгарский центр оказания специальных соц услуг""Аяла""","КГУ ""Талгарский центр оказания специальных соц услуг""Аяла""форма владения-баланс",Свидетельство о регистрации ВА № 66029120 от 28.08.2018г,"КГУ ""Талгарский центр оказания специальных социальных услуг ""Аяла""","Бекешев Д, водитель 0,5 ст Имадиев М.Н. Водитель 0,5ст",01.04.2026г приказ №68-Ө,"УАЗ 374195 05, 2018 г",941AY05,"Балансовая стоимость уже равна нулю за счет амортизации, поэтому оформляется сам факт снятия актива с баланса"
14,Алматинская область,"КГУ ""Талгарский центр оказания специальных соц услуг""Аяла""","КГУ ""Талгарский центр оказания специальных соц услуг""Аяла""форма владения-баланс",Свидетельство о регистрации ВL № 01000388 от 07.10.2016г,"КГУ ""Талгарский центр оказания специальных социальных услуг ""Аяла""","Альмесов Б, водитель 1ст",01.04.2026г приказ №68-Ө,"Hyundai H1 2,4 Мт, 2010 г",978AR05,"Балансовая стоимость уже равна нулю за счет амортизации, поэтому оформляется сам факт снятия актива с баланса"
15,Алматинская область,"КГУ ""Талгарский центр оказания специальных соц услуг""Аяла""","КГУ ""Талгарский центр оказания специальных соц услуг""Аяла""форма владения-баланс",Свидетельство о регистрации AP00022432 от 15.11.2019г,"КГУ ""Талгарский центр оказания специальных социальных услуг ""Аяла""","Бекешев Д, водитель 0,5 ст;  Альмесов Б, водитель 0,5ст",01.04.2026г приказ №68-Ө,"ГАЗ A63r45,  2019г",069LC05,
16,Алматинская область,"КГУ ""Талгарский центр оказания специальных соц услуг""Аяла""","КГУ ""Талгарский центр оказания специальных соц услуг""Аяла""форма владения-баланс",Свидетельство о регистрации BA66030074 от 05.02.2019г,"КГУ ""Талгарский центр оказания специальных социальных услуг ""Аяла""","Жакыпбеков Бакыт Камалбекович, водитель 0,5ст",01.04.2026г приказ №68-Ө,"KIA Cerato,  2007г",744AS05,"Балансовая стоимость уже равна нулю за счет амортизации, поэтому оформляется сам факт снятия актива с баланса"
17,Алматинская область,КГУ «Центр оказания специальных социальных услуг «Шарапат»,КГУ «Центр оказания специальных социальных услуг «Шарапат» Баланс,Свидетельство о регистраций ТС,"КГУ «Центр оказания специальных социальных услуг ""Шарапат""",Муканов Е.А.  Шагиметов Д.К.,Приказ №162-ж/қ от 12.08.2022г. Приказ №215-ж/қ от 04.06.2026г.,Автомашина ГАЗ-А31R33-60,855AZ05,
18,Алматинская область,КГУ «Центр оказания специальных социальных услуг «Шарапат»,КГУ «Центр оказания специальных социальных услуг «Шарапат» Баланс,Свидетельство о регистраций ТС,"КГУ «Центр оказания специальных социальных услуг ""Шарапат""",Муканов Е.А.  Шагиметов Д.К.,Приказ №162-ж/қ от 12.08.2022г. Приказ №215-ж/қ от 04.06.2026г.,Автомашина УАЗ -39629,B059CS,на простое
19,Алматинская область,КГУ «Центр оказания специальных социальных услуг «Шарапат»,КГУ «Центр оказания специальных социальных услуг «Шарапат» Баланс,Свидетельство о регистраций ТС,"КГУ «Центр оказания специальных социальных услуг ""Шарапат""",Муканов Е.А.  Шагиметов Д.К.,Приказ №162-ж/қ от 12.08.2022г. Приказ №215-ж/қ от 04.06.2026г.,Автомашина CHEVROLET Cruze,402BF05,
20,Алматинская область,"КГУ ""Центр Аналитки Трудовых Ресурсов""","КГУ ""Центр Аналитки Трудовых Ресурсов"" Баланс","Акт приема-передачи автотранспортного средства 04 августа 2023 года,  Договор №25 от 05.11.2023года,      номер ТС ВС80007565","КГУ ""Центр аналитики трудовых ресурсов""",Абдразаков Ержан Дауталиевич,нет,Kia Sportage   год выпуска 04.08.2023,208АV05,
21,Алматинская область,КГУ «Центр социальной помощи жертвам бытового насилия»,КГУ «Центр социальной помощи жертвам бытового насилия»,Акт приема передачи автотранспортного средства к договору №33от от 06.10.2023 года,Коммунальное государственное учреждение «Центр социальной помощи жертвам бытового насилия»,Водитель :Утеков Д.М.,приказ №55- ө от 22.05.2026,Пассажирский микроавтобус JAC Sunray 2023,245AV05,-
22,Алматинская область,КГУ «Центр социальной помощи жертвам бытового насилия»,КГУ «Центр социальной помощи жертвам бытового насилия»,Акт приема передачи автотранспортного средства к договору №28 от от 07.06.2023 года,Коммунальное государственное учреждение «Центр социальной помощи жертвам бытового насилия»,Водитель :Алтайбаев М.К.,приказ №55- ө от 22.05.2026,"Автомобиль  Kia Sportage 2023года выпуска, тип кузова-Кроссовер,Комплектация-Classic",215AV05,-
23,Алматинская область,КГУ «Центр активного долголетия»,КГУ «Центр активного долголетия»,Акт приема-передачи АС по договору о госзакупках товаров  №0088/2023 от 03.10.2023г.,"КГУ ""Центр активного долголетия"" ГУ управление координации  занятости и социальных программ Алматинской области",Сакташева Ж.К. - директор (без водителя),нет,"Автомобиль JAC JS6, 01.11.2023г.",701BH05,
24,Алматинская область,КГУ «Центр активного долголетия»,КГУ «Центр активного долголетия»,Акт приема-передачи АС к договору о госзакупках товаров  №0089/2023 от 03.10.2023г.,"КГУ ""Центр активного долголетия"" ГУ управление координации  занятости и социальных программ Алматинской области",Досаев Ж.Н. - водитель,№ 205-ж      от 01.06.2026,"Автомобиль JAC Sunray Petrol 15+1, 08.11.2023г.",599AK05,
25,Алматинская область,КГУ «Центр дневного пребывания города Конаев»,КГУ «Центр дневного пребывания города Конаев»,приказ с №-32,КГУ «Центр дневного пребывания города Конаев»,Директор Кульбаева Р.Т.,приказ с №-32,Kia Sportage 2023 MX1PU81DBPK133417,863AJ05,
26,Алматинская область,"КГУ  «Центр социальной адаптации для лиц, оказавшихся в трудной жизненной ситуации»","КГУ  «Центр социальной адаптации для лиц, оказавшихся в трудной жизненной ситуации»","приказ №27 от 15.02.2024 года о принятии на баланс учреждения ,автомобиль JAC  SNRAY M(209C) 2023 года выпуска, цвет белый Технический паспорт серия:AL99998323","КГУ ""Центр социальной адаптации для лиц, оказавшихся в ТЖС""",водитель Бапанов Муратбек  Бакдавлетович,Приказ  №77/1 от 08.07.2025 года,"автомобиль JAC  SNRAY M(209C), 2023 года выпуска",708ВС05,"указанные расходы  предусмотрены  с начала 2026 года только для автомобиля  JAC  SNRAY M(209C), 2023 года выпуска"
27,Алматинская область,"КГУ  «Центр социальной адаптации для лиц, оказавшихся в трудной жизненной ситуации»","КГУ  «Центр социальной адаптации для лиц, оказавшихся в трудной жизненной ситуации»","приказ №120 от 08.06.2026 года о принятии на баланс учреждения ,автомобиль JAC  J7  2025 года выпуска, цвет белый Технический паспорт серия:AН00489413","КГУ ""Центр социальной адаптации для лиц, оказавшихся в ТЖС""",водитель Жакежанов Сырым Мухатович,Приказ  №120 от 08.06.2026 года,автомобиль JAC  J7  2025 года выпуска,350BN05,
28,Алматинская область,"КГУ ""Баканасский центр оказания специальных социальных услуг""","КГУ ""Баканасский центр оказания специальных социальных услуг""","постановление Акима Алматинской области от 16.08.2023 №282, 23.09.2025 №294. Техпаспорт: №ВЕ01008597 от 29.08.2023, №ВЕ99999498 от 05.11.2024, №ВЕ99999156 от 09.10.2025",КГУ Баканасский ЦОССУ,Водитель Балтабаев Е. Водитель Женсикбаев К.,Приказ №19 от 29.01.2026г.,KIA CERATO 2007 г.в,832DK05,
29,Алматинская область,"КГУ ""Баканасский центр оказания специальных социальных услуг""","КГУ ""Баканасский центр оказания специальных социальных услуг""","постановление Акима Алматинской области от 16.08.2023 №282, 23.09.2025 №294. Техпаспорт: №ВЕ01008597 от 29.08.2023, №ВЕ99999498 от 05.11.2024, №ВЕ99999156 от 09.10.2025",КГУ Баканасский ЦОССУ,Водитель Балтабаев Е. Водитель Женсикбаев К.,,УАЗ 396259 2004 г.в,558BF05,
30,Алматинская область/сельский округ Кеген,"КГУ ""Центр трудовой мобильности","КГУ ""Центр трудовой мобильности",ТС AR99879281,Карьерный центр Кегенкого района,Батырханов А.А.,02-02/192 от 04.04.2025,Hyundai Sanata   2020,562BI05,
31,Алматинская область/сельский округ Кеген,"КГУ ""Центр трудовой мобильности","КГУ ""Центр трудовой мобильности",ТС VL07527742,Карьерный центр Кегенкого района,Мынбаев С.Т.,02-02/189 от 04.04.2025,ГАЗ А65R33 2022,383BF05,
32,Алматинская область/сельский округ Райымбек,"КГУ ""Центр трудовой мобильности","КГУ ""Центр трудовой мобильности",ТС VL085728232,Карьерный центр Райымбекского района,Шуленбаев К.К,№28 от 01.07.2023,Toyota Camry 2005,512BF05,
33,Алматинская область/сельский округ Райымбек,"КГУ ""Центр трудовой мобильности","КГУ ""Центр трудовой мобильности",ТС VL07744702,Карьерный центр Райымбекского района,Ускенбаев Ж.Б.,02-02/271 от 03.06.2024,ГАЗ А65R35 2020,511BF05,
34,Алматинская область/сельский округ Талғар,"КГУ ""Центр трудовой мобильности","КГУ ""Центр трудовой мобильности",ТС VLO8980255,Карьерный центр  Талгарского района,Рахимбаев А.А,,ГАЗ 322173 2021,440BF05,
35,Алматинская область/сельский округ Жамбыл,"КГУ ""Центр трудовой мобильности","КГУ ""Центр трудовой мобильности",ТС VL08999839,Карьерный центр  Жамбылского района,Малаев Д.Н.,01-1729-1 от 05.04.2026г.,ГАЗ 27057 2020,484BC05,
36,Алматинская область/сельский округ Қарасай,"КГУ ""Центр трудовой мобильности","КГУ ""Центр трудовой мобильности",ТС VL07744702,Карьерный центр  Қарасайского района,Бердисов А.А.,02-02/119аа 04.05.2026,ГАЗ А65R35 2021,396BC05,
Подведомственные организации в сфере Спорт,,,,,,,,,,
1,"Енбекшиказахск ий район, г.Есик","КГУ ""Детскоюношеская спортивная школа №1 Енбекшиказахског о района""","КГУ ""Детскоюношеская спортивная школа №1 Енбекшиказахского района""",,2,директор,,ГАЗ А65R33  2020 г.в.,217ВА05,
2,"Енбекшиказахск ий район, г.Есик","КГУ ""Детскоюношеская спортивная школа №1 Енбекшиказахског о района""","КГУ ""Детскоюношеская спортивная школа №1 Енбекшиказахского района""",,2,директор,,KIA Seltos 2023 г.в.,640DK05,
3,Талгарский район,КГУ СДЮШОР велоспорт г.Талгар,,,,директор,,Toyota Camry Gracia 1997,В059DF,
4,Талгарский район,КГУ СДЮШОР велоспорт г.Талгар,,,,директор,,Hyundai Matrix 2007,660AD05,
5,"Алматинская область, Енбекшиказахский район, село Шелек","КГУ ""Детско-юношеская спортивная школа №2 Енбекшиказахского района"" ГУ ""Управление физической культуры и спорта Алматинской области""","КГУ ""Детско-юношеская спортивная школа №2 Енбекшиказахского района"" ГУ ""Управление физической культуры и спорта Алматинской области""",,"КГУ ""Детско-юношеская спортивная школа №2 Енбекшиказахского района"" ГУ ""Управление физической культуры и спорта Алматинской области""",Керимбеков Бейбитжан Абдикаримович,,JAC,235BE05,
6,"Алматинская область, Енбекшиказахский район, село Шелек","КГУ ""Детско-юношеская спортивная школа №2 Енбекшиказахского района"" ГУ ""Управление физической культуры и спорта Алматинской области""","КГУ ""Детско-юношеская спортивная школа №2 Енбекшиказахского района"" ГУ ""Управление физической культуры и спорта Алматинской области""",,"КГУ ""Детско-юношеская спортивная школа №2 Енбекшиказахского района"" ГУ ""Управление физической культуры и спорта Алматинской области""",Керимбеков Бейбитжан Абдикаримович,,CHEVROLET COBALT,203BA05,
7,"Алматинская область, Енбекшиказахский район, село Шелек","КГУ ""Детско-юношеская спортивная школа №2 Енбекшиказахского района"" ГУ ""Управление физической культуры и спорта Алматинской области""","КГУ ""Детско-юношеская спортивная школа №2 Енбекшиказахского района"" ГУ ""Управление физической культуры и спорта Алматинской области""",,"КГУ ""Детско-юношеская спортивная школа №2 Енбекшиказахского района"" ГУ ""Управление физической культуры и спорта Алматинской области""",Керимбеков Бейбитжан Абдикаримович,,ГАЗ А65,980AI05,
8,"Алматинскоя область
г. Конаев,",КГУ «Специализированная детско-юношеская спортивная школа по шахматам и настольным играм»,,,,,,Kia Sportage 2023,824AP05,
9,"Алматинскоя область
г. Конаев,",КГУ «Специализированная детско-юношеская спортивная школа по шахматам и настольным играм»,,,,,,Автобус ГАЗ А65R33 2023,238AV05,
10,Алматинская область,"КГУ ""Областная школа высшего спортивного мастерства""",,,,,,HYUNDAI Tucson 2024 года,123BE05,
11,Алматинская область,"КГУ ""Областная школа высшего спортивного мастерства""",,,,,,LADA VESTA 2020 года,440BA05,
12,Алм.обл.с.Өтеген б.ул. Титова 97а,"КГКП ""Спортивный клуб ""Алатау"" ГУ ""Управление физической культуры и спорта Алматинской области""",,,,,,Chevrolet Malibu 2022г,595BG05,
13,Алм.обл.с.Өтеген б.ул. Титова 97а,"КГКП ""Спортивный клуб ""Алатау"" ГУ ""Управление физической культуры и спорта Алматинской области""",,,,,,Jac Sunray 2023г,144AJ05,
14,Карасайский,"КГУ СДЮСШ №1 Карасайского района""""",,,,,,ГАЗ  2020,579ZA05,
15,Карасайский,"КГУ СДЮСШ №1 Карасайского района""""",,,,,,ГАЗ  2015,861AX05,
16,Карасайский,"КГУ СДЮСШ №1 Карасайского района""""",,,,,,Toyota 2001,463AX05,
17,Карасайский,"КГУ СДЮСШ №1 Карасайского района""""",,,,,,Hyundai 2022,868AX05,
18,"Алматинская область, Илийский район, село Отеген батыр","КГУ ""Специализированная детско-юношеская спортивная школа по олимпийским видам спорта ""Жігер""  ГУ ""Управление физической культуры и спорта Алматинской области""","КГУ ""Специализированная детско-юношеская спортивная школа по олимпийским видам спорта ""Жігер""  ГУ ""Управление физической культуры и спорта Алматинской области""",,"КГУ ""Специализированная детско-юношеская спортивная школа по олимпийским видам спорта ""Жігер""  ГУ ""Управление физической культуры и спорта Алматинской области""",Ибраимов К.Б.   Серікқан С.Б.,,KIA Sportage,709BС05,
19,"Алматинская область, Илийский район, село Отеген батыр","КГУ ""Специализированная детско-юношеская спортивная школа по олимпийским видам спорта ""Жігер""  ГУ ""Управление физической культуры и спорта Алматинской области""","КГУ ""Специализированная детско-юношеская спортивная школа по олимпийским видам спорта ""Жігер""  ГУ ""Управление физической культуры и спорта Алматинской области""",,"КГУ ""Специализированная детско-юношеская спортивная школа по олимпийским видам спорта ""Жігер""  ГУ ""Управление физической культуры и спорта Алматинской области""",Ибраимов К.Б.   Серікқан С.Б.,,HYUNDAI H-350 (Автобус),113LC05,
20,Алм.обл.с.Жалагаш.ул. Серикбаева 89,"КГУ ""Алматинская областная специализированная детско-юношеская спортивная школа по зимним видам спорта в селе Жалагаш"" ГУ ""Управление физической культуры и спорта Алматинской области""","КГУ ""Алматинская областная специализированная детско-юношеская спортивная школа по зимним видам спорта в селе Жалагаш"" ГУ ""Управление физической культуры и спорта Алматинской области""",,,,,Jac Sanrey 2023,889AJ05,
21,Алм.обл.с.Жалагаш.ул. Серикбаева 89,"КГУ ""Алматинская областная специализированная детско-юношеская спортивная школа по зимним видам спорта в селе Жалагаш"" ГУ ""Управление физической культуры и спорта Алматинской области""",,,,,,Kia Sportage 2023,885AJ05,
22,"Алматинская область,Райымбекский район,с. Нарынкол",«Детская и юношеская спортивная школа Раймбекского района» Государственного учреждения «Отделение физической культуры и спорта Алматинской области»,Баланс,AL00020895,СУЛТАНКУЛОВ Д,СУЛТАНКУЛОВ Д,,ГАЗ A65R35,065AJ05,
23,Алматы облысы Қонаев қ.,"""Алматы облысының Олимпиадалық резервтер дайындау орталығы"" КММ",,,,,,Автомобиль KIA SPORTAGE 2023,727AJ05,
24,Алматинский,"Коммунальное государственное учреждение ""Детско-юношеская спортивная школа Кегенского района""",Баланс,Техпаспорт,Кеген ДЮСШ,Алимбаев Мақсат,,JAC S5,305AJ05,
25,Алматинский,"Коммунальное государственное учреждение ""Детско-юношеская спортивная школа Кегенского района""",Баланс,Техпаспорт,Кеген ДЮСШ,Шалдибеков Асхат,,ГАЗ А65r35,120AW05,
26,Алматинский,"Коммунальное государственное учреждение ""Детско-юношеская спортивная школа Кегенского района""",Баланс,Техпаспорт,Кеген ДЮСШ,Касимов Доқдырбек,,ГАЗ 322135-244,831DK05,
27,"Алматинская область,Балхашский район,с. Баканас","КГУ "" Детско юношеская спортивная школа Балхашского района""",баланс,технический паспорт,"КГУ "" Детско юношеская спортивная школа Балхашского района""",Ошакбаев Руслан Болатханович водитель,,ГАЗ A65R35,883ZC05,
28,"Алматинская область,Балхашский район,с. Баканас","КГУ "" Детско юношеская спортивная школа Балхашского района""",баланс,технический паспорт,"КГУ "" Детско юношеская спортивная школа Балхашского района""",Бимагамбетов Нурбол Нурсултанович директор,,KIA SPORTAGE,883AJ05,
29,"Алматинская область,Балхашский район,с. Баканас","КГУ "" Детско юношеская спортивная школа Балхашского района""",баланс,технический паспорт,"КГУ "" Детско юношеская спортивная школа Балхашского района""",,,Газ 322132-220,B319BZ,
30,Алматинская область,"КГУ ""Карасайская районная ДЮСШ по науиональным и конным видам спорта""",баланс,пост аким №203 от 29.04.2025 тех поспорт АР99865884,,Қуаныш Бағдат - водитель,,Газ 322132,297BG05,
31,Алматинская область,"КГУ ""Карасайская районная ДЮСШ по науиональным и конным видам спорта""",,пост аким №147 от 18.01.2024 тех поспорт ВС99999713,,Аукенов Амандос директор,,Hyndai Santa FE,197BF05,
32,"Алматинская область, Карасайский район, Райымбекский с.о, с Кыргауылды, уч.кв 271, стр-е 8033.","КГУ ""Специализированная детско-юношеская спортивная школа № 2 Карасайского района""  ГУ ""Управление физической культуры и спорта Алматинской области""",,техпаспорт,,,,ГАЗA65R35  2023г,306AJ05,
33,"Алматинская область, Карасайский район, Райымбекский с.о, с Кыргауылды, уч.кв 271, стр-е 8033.","КГУ ""Специализированная детско-юношеская спортивная школа № 2 Карасайского района""  ГУ ""Управление физической культуры и спорта Алматинской области""",,,,,,Chevrolet Cobalt  2023г,078AJ05,
34,"КГУ ""Специализированная детско-юношеская спортивная школа №1 Талгарского района"" ГУ ""Управление физической культуры и спорта Алматинской области""","КГУ ""Специализированная детско-юношеская спортивная школа №1 Талгарского района"" ГУ ""Управление физической культуры и спорта Алматинской области""","КГУ ""Специализированная детско-юношеская спортивная школа №1 Талгарского района"" ГУ ""Управление физической культуры и спорта Алматинской области""",,,,,Skoda Octavia A5 2012 год,986AR05,
35,"КГУ ""Специализированная детско-юношеская спортивная школа №1 Талгарского района"" ГУ ""Управление физической культуры и спорта Алматинской области""","КГУ ""Специализированная детско-юношеская спортивная школа №1 Талгарского района"" ГУ ""Управление физической культуры и спорта Алматинской области""",,,,,,Hyundai H-350 2020 год,868ZC05,
36,"КГУ ""Специализированная детско-юношеская спортивная школа №1 Талгарского района"" ГУ ""Управление физической культуры и спорта Алматинской области""","КГУ ""Специализированная детско-юношеская спортивная школа №1 Талгарского района"" ГУ ""Управление физической культуры и спорта Алматинской области""",,,,,,Haval H 6 2023 год,959AJ05,
37,"Алматинская область город, Конаев","КГУ ""Клуб массового спорта ""","КГУ ""Клуб массового спорта """,,,,,Kia Sportage 2023,124BE05,
38,"Алматинская область город, Конаев","КГУ ""Клуб массового спорта """,,,,,,ГАЗ А65R33 2023,855BD05,
39,"Алматинская область город, Конаев","КГУ ""Клуб массового спорта """,,,,,,DONGFENG DFH1120B80 2023,919AJ05,
40,"Алматинская область город, Конаев","КГУ ""Клуб массового спорта """,,,,,,Chevrolet lacetti Wagon 2008,989BH05,
41,"Алматинская область город, Конаев","КГУ ""Клуб массового спорта """,,,,,,Hyundai Elantra 2023,414AK05,
42,Конаев,"КГУ ""СДЮСШ г.Қонаев""","КГУ ""СДЮСШ г.Қонаев""",,,,,ВАЗ 21070                (2005г),B595AS,
43,Конаев,"КГУ ""СДЮСШ г.Қонаев""","КГУ ""СДЮСШ г.Қонаев""",,,,,ЛАДА 21214-111-30  (2011г),B308DA,
44,Конаев,"КГУ ""СДЮСШ г.Қонаев""","КГУ ""СДЮСШ г.Қонаев""",,,,,Kia Sportage               (2023г),821AP05,
45,Алматинская область,"КГУ ""Областная специализированная детско-юношеская спортивная школа спортивных видов единоборств""","КГУ ""Областная специализированная детско-юношеская спортивная школа спортивных видов единоборств""",,,,,Легковой автомобиль KIA SPORTAGE 2023,868AK05,
46,Алматинская область,"КГУ ""Областная специализированная детско-юношеская спортивная школа спортивных видов единоборств""","КГУ ""Областная специализированная детско-юношеская спортивная школа спортивных видов единоборств""",,,,,Микроавтобус ГАЗ А65R35 2023,649AJ05,
47,Алматинская область Карайский район,ДЮСШ Ушконыр,,,,,,"Chevrolet EQUINOX, 2021",737ZC05,
48,Алматинская область Карайский район,ДЮСШ Ушконыр,,,,,,"JAC J7, 2023",414AJ05,
49,Алматинская область Карайский район,ДЮСШ Ушконыр,,,,,,"ГАЗ, 2020",747BA05,
50,"КГУ ""СДЮСШ по зимним видам спорта Алматинской области"" Талгарского района","КГУ ""Специализированная ДЮСШ по зимним видам спорта Алматинской области""","КГУ ""Специализированная ДЮСШ по зимним видам спорта Алматинской области""",,,,,Газ 322173-244 2013,968АС05,
51,"КГУ ""СДЮСШ по зимним видам спорта Алматинской области"" Талгарского района","КГУ ""Специализированная ДЮСШ по зимним видам спорта Алматинской области""","КГУ ""Специализированная ДЮСШ по зимним видам спорта Алматинской области""",,,,,Газ A65R35 2020,202ВА05,
52,"КГУ ""СДЮСШ по зимним видам спорта Алматинской области"" Талгарского района","КГУ ""Специализированная ДЮСШ по зимним видам спорта Алматинской области""","КГУ ""Специализированная ДЮСШ по зимним видам спорта Алматинской области""",,,,,Ssang Yong Kyron 2013,584АС05,
53,"КГУ ""СДЮСШ по зимним видам спорта Алматинской области"" Талгарского района","КГУ ""Специализированная ДЮСШ по зимним видам спорта Алматинской области""","КГУ ""Специализированная ДЮСШ по зимним видам спорта Алматинской области""",,,,,Toyota Avensis 2008,991BH05,
54,"Алматинская обл,Илийский район,с.Отегене батыр",КГУ ДЮСШ Илийского района,КГУ ДЮСШ Илийского района,паспорт ТС,КГУ ДЮСШ Илийского района,Рауанов К.Т,,KIA Sportage,977AI05,
55,"Алматинская обл,Илийский район,с.Отегене батыр",КГУ ДЮСШ Илийского района,КГУ ДЮСШ Илийского района,паспорт ТС,КГУ ДЮСШ Илийского района,Джолдасбаев Нурболат,,ГАЗ А65R35,467ZB05,
56,"Алматинская область,Жамбылский  район,с.Узынагач",«Детская и юношеская спортивная школа Жамбылского района» Государственного учреждения «Отделение физической культуры и спорта Алматинской области»,Баланс,AP00081072,Нурдавлетов Д,Нурдавлетов  Д,,GHANGAN CS55PLUS,630AJ05,
57,"Алматинская область,Жамбылский  район,с.Узынагач",«Детская и юношеская спортивная школа Жамбылского района» Государственного учреждения «Отделение физической культуры и спорта Алматинской области»,Баланс,BQ80001386,Рахимбеков Б,Рахимбеков Б,,мерседез-бенц спринтер,064CW05,
58,"Алматинская область,Жамбылский  район,с.Узынагач",«Детская и юношеская спортивная школа Жамбылского района» Государственного учреждения «Отделение физической культуры и спорта Алматинской области»,Баланс,AP00070992,Секербаев Б,Секербаев Б,,газель,375AJ05,
59,г Конаев,Коммунальное государственное казенное предприятие «Дирекция развития спорта по национальным и конным видам спорта»,Коммунальное государственное казенное предприятие «Дирекция развития спорта по национальным и конным видам спорта»,технический паспорт,1,директор,,микроавтобус Toyota Hiace VIN JTFSX23P006173238 RR 0 MT 2017,239ZA05,
60,г Конаев,Коммунальное государственное казенное предприятие «Дирекция развития спорта по национальным и конным видам спорта»,Коммунальное государственное казенное предприятие «Дирекция развития спорта по национальным и конным видам спорта»,технический паспорт,1,директор,,Jac Sunray MXB67B100PK510561  2023,886AJ05,
61,г Конаев,Коммунальное государственное казенное предприятие «Дирекция развития спорта по национальным и конным видам спорта»,Коммунальное государственное казенное предприятие «Дирекция развития спорта по национальным и конным видам спорта»,технический паспорт,1,директор,,Автомобиль Jac S5 DKD U160B AT 1997  2023,595AJ05,
62,г Конаев,Коммунальное государственное казенное предприятие «Дирекция развития спорта по национальным и конным видам спорта»,Коммунальное государственное казенное предприятие «Дирекция развития спорта по национальным и конным видам спорта»,технический паспорт,1,директор,,коневоз Volvo Fh-16  2018,236ZA05,
63,г Конаев,Коммунальное государственное казенное предприятие «Дирекция развития спорта по национальным и конным видам спорта»,Коммунальное государственное казенное предприятие «Дирекция развития спорта по национальным и конным видам спорта»,технический паспорт,1,директор,,ГАЗ GAZELLE NEXT 2023,365AV05,
64,"Инд:041600
Алматинская  обл.Талгарский район
г.Талгар 
мкр.Мелиоратор  , №6  здание","КГУ ""Детско –юношеская спортивная школа №2 Талгарского района"" ГУ ""Управление физической культуры и спорта Алматинской области""","КГУ ""Детско –юношеская спортивная школа №2 Талгарского района""",Микроавтобус -AM00101205; Лег.авто - AR20008605,"КГУ ""Детско –юношеская спортивная школа №2 Талгарского района""",Айсаев  А.Ж .Зав.по хоз части руководителя,Приказ  № 15  от 16.01.2025 г,Микроавтобус Hyundai H-350. 2020 г выпуска;,696ZA05,
65,"Инд:041600
Алматинская  обл.Талгарский район
г.Талгар 
мкр.Мелиоратор  , №6  здание","КГУ ""Детско –юношеская спортивная школа №2 Талгарского района"" ГУ ""Управление физической культуры и спорта Алматинской области""","КГУ ""Детско –юношеская спортивная школа №2 Талгарского района""",Микроавтобус -AM00101205; Лег.авто - AR20008605,"КГУ ""Детско –юношеская спортивная школа №2 Талгарского района""",Айсаев  А.Ж .Зав.по хоз части руководителя,Приказ  № 15  от 16.01.2025 г,Лег.автомобиль JAC S5.2023 г выпуска,952AJ05,
66,"Алматинская область,Жамбылский  район,с.Узынагач",«Детская и юношеская спортивная школа Уйгурского района» Государственного учреждения «Отделение физической культуры и спорта Алматинской области»,Баланс,AP99998238,Ахметов С,Ахметов С,,MITSUBISHI ASX,062BF05,
67,"Алматинская область,Жамбылский  район,с.Узынагач",«Детская и юношеская спортивная школа Уйгурского района» Государственного учреждения «Отделение физической культуры и спорта Алматинской области»,Баланс,BF66002929,Акбаров К,Акбаров К,,ГАЗ A65R35,696AU05,
68,Алматинская область,ОСДЮСШ по футболу,,тп,1,,,KIA Cerato 2020г,272BC05,
69,Алматинская область,ОСДЮСШ по футболу,,тп,1,,,Автобус ГАЗ A65R33 2023г,240AV05,
70,Алматинская область,ОСДЮСШ по футболу,,тп,1,,,KIA Sportage 2023г,812AP05,
71,Алматинская область,"КГУ ""Детско-юношеская спортивная школа по стрелковым видам спорта Алматинской области""",1,1,"КГУ ""Детско-юношеская спортивная школа по стрелковым видам спорта Алматинской области""",Керейбаев Канат Советович,нет,KIA RIO,025DK05,
72,"Алматинская область, город Конаев","КГУ ""Детско-юношеская спортивная школа по стрелковым видам спорта Алматинской области""",1,1,"КГУ ""Детско-юношеская спортивная школа по стрелковым видам спорта Алматинской области""",Бекешев Ирмек Ильясович,нет,ГАЗ A65R35,025ZC05,
73,город Конаев,"КГУ ""Центр спортивной подготовки для лиц с ограниченными возможностями """,,техпаспорт,,,,Автомашина Hyundai Country 2015,393AK05,
74,город Конаев,"КГУ ""Центр спортивной подготовки для лиц с ограниченными возможностями """,,техпаспорт,,,,Автомашина TOYOTA AVENSIS 2008,807BE05,
75,город Конаев,"КГУ ""Центр спортивной подготовки для лиц с ограниченными возможностями """,,техпаспорт,,,,Автомобиль Инватакси JAC SUNRAY 2022,994AK05,
76,город Конаев,"КГУ ""Центр спортивной подготовки для лиц с ограниченными возможностями """,,техпаспорт,,,,"Автомобиль легковой, класс А, KIA SELTOS 2024",636BY,
Подведомственные организации в сфере Молодежной политике,,,,,,,,,,
1,Алматинская область г.Конаев,"КГУ ""Молодежный ресурсный центр Алматинской оьласти"" ГУ ""Управление по вопросам молодежной политики Алматинской области""",баланс,BW№00002332,МРЦ,Мустафин Е.,№32 от 02.03.2026,Газ-322173-244(автобус)/ 2013г.,811AD05,
2,Алматинская область г.Конаев,"КГУ ""Молодежный ресурсный центр Алматинской оьласти"" ГУ ""Управление по вопросам молодежной политики Алматинской области""",баланс,BW№00002420,МРЦ,Аукенов М.,№7 от 05.01.2026,Skoda Rapid / 2014г.,474AL05,
3,Алматинская область г.Конаев,"КГУ ""Молодежный ресурсный центр Алматинской оьласти"" ГУ ""Управление по вопросам молодежной политики Алматинской области""",баланс,BW№00003507,МРЦ,Мустафин Е.,№32 от 02.03.2026,Ивеко Дели 302 GS-15/ 2015г.,206AX05,
4,Алматинская область г.Конаев,"КГУ ""Молодежный ресурсный центр Алматинской оьласти"" ГУ ""Управление по вопросам молодежной политики Алматинской области""",баланс,BW№00003509,МРЦ,Кенешев М.К.,№5 от 05.01.2026,Jac J7/ 2022г.,035ВЕ05,
5,Алматинская область г.Конаев,"КГУ ""Молодежный ресурсный центр Алматинской оьласти"" ГУ ""Управление по вопросам молодежной политики Алматинской области""",баланс,BW№00002386,МРЦ,Саду С.С.,№6 от 05.01.2026,Toyota Camry / 2010г.,355AT05,
6,Алматинская область г.Конаев,"КГУ ""Молодежный ресурсный центр Алматинской оьласти"" ГУ ""Управление по вопросам молодежной политики Алматинской области""",баланс,BW№00002593,МРЦ,Мустафин Е.,№33 от 02.03.2026,Ваз - 21310 / 2008г.,580AL05,
7,Алматинская область г.Конаев,"КГУ ""Молодежный ресурсный центр Алматинской оьласти"" ГУ ""Управление по вопросам молодежной политики Алматинской области""",баланс,BW№00003509,МРЦ,Мустафин Е.,№33 от 02.03.2026,Skoda Rapid Active / 2014г.,235AX05,
8,Алматинская область г.Конаев,"КГУ ""Молодежный ресурсный центр Алматинской оьласти"" ГУ ""Управление по вопросам молодежной политики Алматинской области""",баланс,BW№00002334,МРЦ,Мустафин Е.,№33 от 02.03.2026,Skoda Octavia / 2013г.,838AD05,
9,Алматинская область г.Конаев,"КГУ ""Молодежный ресурсный центр Алматинской оьласти"" ГУ ""Управление по вопросам молодежной политики Алматинской области""",баланс,BW№00002588,МРЦ,Мустафин Е.,№33 от 02.03.2026,Kia Cerato / 2007г.,316AF05,
10,Алматинская область г.Конаев,"КГУ ""Молодежный ресурсный центр Алматинской оьласти"" ГУ ""Управление по вопросам молодежной политики Алматинской области""",баланс,BW№00002335,МРЦ,Мустафин Е.,№33 от 02.03.2026,Kia Cerato / 2006г.,023AH05,
Подведомственные организации в сфере Ветеринарий,,,,,,,,,,
1,Алматинская область,"ГКП на ПХВ ""Ветеринарная станция Алматинской области""","ГКП на ПХВ ""Ветеринарная станция Алматинской области""",MXHJC81DDPK257881 от 13.03.2024,"ГКП на ПХВ ""Ветеринарная станция Алматинской области""",Директор Мұхтар С.Х,,Hyundai Tucson 2023г.в.,767BС05,
2,Алматинская область,"ГКП на ПХВ ""Ветеринарная станция Алматинской области""","ГКП на ПХВ ""Ветеринарная станция Алматинской области""",MXHJC81DDPK257767 от 13.03.2024,"ГКП на ПХВ ""Ветеринарная станция Алматинской области""",Главный бухгалтер Медетов К.А,№133 от 01.06.2026г,Hyundai Tucson 2023г.в.,789ВС05,
3,Алматинская область,"ГКП на ПХВ ""Ветеринарная станция Алматинской области""","ГКП на ПХВ ""Ветеринарная станция Алматинской области""",MX1X6AGBXRK752658  от 11.07.2024,"ГКП на ПХВ ""Ветеринарная станция Алматинской области""",Зам.директора Калиев Б.З,,JAС 2023г.в.,688BF05,
4,Алматинская область,"ГКП на ПХВ ""Ветеринарная станция Алматинской области""","ГКП на ПХВ ""Ветеринарная станция Алматинской области""",MMBMGV5H9PH221322 от 11.07.2024,"ГКП на ПХВ ""Ветеринарная станция Алматинской области""",и.о. Зам директора Жунусов А.Н,№133 от 01.06.2026г,Mitsubishi L200 2023г.в.,693BF05,
5,Алматинская область,"ГКП на ПХВ ""Ветеринарная станция Алматинской области""","ГКП на ПХВ ""Ветеринарная станция Алматинской области""",KPACA1E6SDP177199 от 17.06.2024,"ГКП на ПХВ ""Ветеринарная станция Алматинской области""",Водитель Курбиев А,,Ssang Young 2013г.в.,509AK05,
6,Алматинская область,"ГКП на ПХВ ""Ветеринарная станция Алматинской области""","ГКП на ПХВ ""Ветеринарная станция Алматинской области""",Техпаспорт дата и номер,"ГКП на ПХВ ""Ветеринарная станция Алматинской области""",,,Ssang Young 2013г.в.,606АК05,На списание
7,Алматинская область,"ГКП на ПХВ ""Ветеринарная станция Алматинской области""","ГКП на ПХВ ""Ветеринарная станция Алматинской области""",X96331060F1057298 от 06.06.2024,"ГКП на ПХВ ""Ветеринарная станция Алматинской области""",Водитель Курбиев А,,Газель Валдай 2013г.в.,635BF05,На списание
8,Алматинская область,"ГКП на ПХВ ""Ветеринарная станция Алматинской области""","ГКП на ПХВ ""Ветеринарная станция Алматинской области""",X966331060F1057327 от 16.04.2024,"ГКП на ПХВ ""Ветеринарная станция Алматинской области""",Водитель Курбиев А,,Газель Валдай 2014г.в.,208BF05,
9,Алматинская область,"ГКП на ПХВ ""Ветеринарная станция Алматинской области""","ГКП на ПХВ ""Ветеринарная станция Алматинской области""",Техпаспорт дата и номер,"ГКП на ПХВ ""Ветеринарная станция Алматинской области""",Водитель Курбиев А,,Газель Валдай 2013г.в.,190BF05,
10,Алматинская область,"ГКП на ПХВ ""Ветеринарная станция Алматинской области""","ГКП на ПХВ ""Ветеринарная станция Алматинской области""",AAC001314,"ГКП на ПХВ ""Ветеринарная станция Алматинской области""",Водитель Бухатов М,,Погрузчик (ковш трактор 2024г.в.,АТД141В05,
11,Алматинская область,"ГКП на ПХВ ""Ветеринарная станция Алматинской области""","ГКП на ПХВ ""Ветеринарная станция Алматинской области""",Техпаспорт дата и номер,"ГКП на ПХВ ""Ветеринарная станция Алматинской области""",,,Iveco 2013г.в.,651BF05,На списание
12,Алматинская область,"ГКП на ПХВ ""Ветеринарная станция Алматинской области""","ГКП на ПХВ ""Ветеринарная станция Алматинской области""",X89A32R33K0ET3007 от 16.05.2024,"ГКП на ПХВ ""Ветеринарная станция Алматинской области""",,,Газ-A32R33 ЦМФ 2019г.в.,461АК05,
13,Алматинская область,"ГКП на ПХВ ""Ветеринарная станция Алматинской области""","ГКП на ПХВ ""Ветеринарная станция Алматинской области""",Техпаспорт дата и номер,"ГКП на ПХВ ""Ветеринарная станция Алматинской области""",,,Газ-3302 744 ЦМФ 2017г.в.,642BF05,на списание
14,Алматинская область,"ГКП на ПХВ ""Ветеринарная станция Алматинской области""","ГКП на ПХВ ""Ветеринарная станция Алматинской области""",Техпаспорт дата и номер,"ГКП на ПХВ ""Ветеринарная станция Алматинской области""",,,Камаз 2017г.в.,363BF05,на списание
15,Алматинская область,"ГКП на ПХВ ""Ветеринарная станция Алматинской области""","ГКП на ПХВ ""Ветеринарная станция Алматинской области""",NSBNFR90KPS000040 от13.03.2024,"ГКП на ПХВ ""Ветеринарная станция Алматинской области""",Водитель Калыбек М,,Рефрижиратор 2017г.в.,751BC05,
16,Алматинская область,"ГКП на ПХВ ""Ветеринарная станция Алматинской области""","ГКП на ПХВ ""Ветеринарная станция Алматинской области""",LRDV6PEC8CH514268 от 06.06.2024,"ГКП на ПХВ ""Ветеринарная станция Алматинской области""",Водитель Калыбек М,,Камаз(FOTON AUM) 2013г.в.,634BF05,на списание
17,Алматинская область,"ГКП на ПХВ ""Ветеринарная станция Алматинской области""","ГКП на ПХВ ""Ветеринарная станция Алматинской области""",Техпаспорт дата и номер,"ГКП на ПХВ ""Ветеринарная станция Алматинской области""",Водитель Калыбек М,,Камаз(FOTON AUM) 2013г.в.,253AN05,на списание
18,Алматинская область,"ГКП на ПХВ ""Ветеринарная станция Алматинской области""","ГКП на ПХВ ""Ветеринарная станция Алматинской области""",LVBV6PEC4DR019428 от 06.06.2024,"ГКП на ПХВ ""Ветеринарная станция Алматинской области""",Водитель Калыбек М,,Камаз(FOTON AUM) 2014г.в.,653BF05,
19,Алматинская область,"ГКП на ПХВ ""Ветеринарная станция Алматинской области""","ГКП на ПХВ ""Ветеринарная станция Алматинской области""",LVBV6PEC5DR019843 от 06.06.2024,"ГКП на ПХВ ""Ветеринарная станция Алматинской области""",Водитель Калыбек М,,Камаз(FOTON AUM) 2014г.в.,645BF05,
20,Алматинская область,"ГКП на ПХВ ""Ветеринарная станция Алматинской области""","ГКП на ПХВ ""Ветеринарная станция Алматинской области""",LVBV6PEC2DR019427 от 07.06.2024,"ГКП на ПХВ ""Ветеринарная станция Алматинской области""",Водитель Калыбек М,,Камаз(FOTON AUM) 2014г.в.,620BF05,
21,Алматинская область,"ГКП на ПХВ ""Ветеринарная станция Алматинской области""","ГКП на ПХВ ""Ветеринарная станция Алматинской области""",Техпаспорт дата и номер,"ГКП на ПХВ ""Ветеринарная станция Алматинской области""",Водитель Калыбек М,,Камаз(FOTON AUM) 2013г.в.,395BF05,на списание
22,Алматинская область,"ГКП на ПХВ ""Ветеринарная станция Алматинской области""","ГУ ""Управление ветеринарии Алматинской области""",Договор №6 от 03.02.2026г,"ГКП на ПХВ ""Ветеринарная станция Алматинской области""",Водитель Бухатов М,,Jac T6 Luxury 2.0 Ti 4x4 Ақ 2025г.в.,076ВС05,
23,Алматинская область,"ГКП на ПХВ ""Ветеринарная станция Алматинской области""","ГКП на ПХВ ""Ветеринарная станция Алматинской области""",Техпаспорт дата и номер,"ГКП на ПХВ ""Ветеринарная станция Алматинской области""",Водитель Калыбек М,,Камаз(FOTON AUM) 2014г.в.,786BF05,на списание
24,Алматинская область,"ГКП на ПХВ ""Ветеринарная станция Алматинской области""","ГКП на ПХВ ""Ветеринарная станция Алматинской области""",13.03.2024г MXHJC81DDPK258876,Вет.отдел Балхашского района,Сокабаев К,,Hyundai Tucson 2023г.в.,768BC05,
25,Алматинская область,"ГКП на ПХВ ""Ветеринарная станция Алматинской области""","ГКП на ПХВ ""Ветеринарная станция Алматинской области""",Техпаспорт дата и номер,Вет.отдел Балхашского района,,,LADA 21214 2013г.в.,640BF05,на списание
26,Алматинская область,"ГКП на ПХВ ""Ветеринарная станция Алматинской области""","ГКП на ПХВ ""Ветеринарная станция Алматинской области""",06.06.2024г 390940D0210685,Вет.отдел Балхашского района,Омарбаев А,,УАЗ 390945(ДУК) 2013г.в.,607BF05,на списание
27,Алматинская область,"ГКП на ПХВ ""Ветеринарная станция Алматинской области""","ГКП на ПХВ ""Ветеринарная станция Алматинской области""",09.04.2025г KPTC0B16SBP079008,Вет.отдел Балхашского района,Бейсенбеков Е,,Ssang Yong Actyon-1 2013г.в.,992BF05,на списание
28,Алматинская область,"ГКП на ПХВ ""Ветеринарная станция Алматинской области""","ГКП на ПХВ ""Ветеринарная станция Алматинской области""",Техпаспорт дата и номер,Вет.отдел Балхашского района,,,Уаз(Дук) 2013г.в.,625AB05,на списание
29,Алматинская область,"ГКП на ПХВ ""Ветеринарная станция Алматинской области""","ГКП на ПХВ ""Ветеринарная станция Алматинской области""",06.06.2024г XTA212140E2197679,Вет.отдел Балхашского района. С/о Баканас,Шайсұлтан Д,,LADA 21214 2014г.в.,652BF05,на списание
30,Алматинская область,"ГКП на ПХВ ""Ветеринарная станция Алматинской области""","ГКП на ПХВ ""Ветеринарная станция Алматинской области""",04.07.2025г XTA212140S2578153,Вет.отдел Балхашского района. С/о Баканас,Нурпеисов Б,,LADA 21215 2025г.в.,032BF05,
31,Алматинская область,"ГКП на ПХВ ""Ветеринарная станция Алматинской области""","ГКП на ПХВ ""Ветеринарная станция Алматинской области""",Техпаспорт дата и номер,Вет.отдел Балхашского района. С/о Акдала,,,LADA 21214 2013г.в.,625BF05,на списание
32,Алматинская область,"ГКП на ПХВ ""Ветеринарная станция Алматинской области""","ГКП на ПХВ ""Ветеринарная станция Алматинской области""",07.06.2024г XTA212140B2032157,Вет.отдел Балхашского района. С/о Ақкөл,Жақсылық Д,,LADA 21214 2011г.в.,649BF05,на списание
33,Алматинская область,"ГКП на ПХВ ""Ветеринарная станция Алматинской области""","ГКП на ПХВ ""Ветеринарная станция Алматинской области""",06.06.2024г XTA212140D2140082,Вет.отдел Балхашского района. С/о Ақжар,Уркинбаев А,,LADA 21214 2013г.в.,641BF05,на списание
34,Алматинская область,"ГКП на ПХВ ""Ветеринарная станция Алматинской области""","ГКП на ПХВ ""Ветеринарная станция Алматинской области""",Техпаспорт дата и номер,Вет.отдел Балхашского района. С/о Береке,,,LADA 21214 2011г.в.,612BF05,
35,Алматинская область,"ГКП на ПХВ ""Ветеринарная станция Алматинской области""","ГКП на ПХВ ""Ветеринарная станция Алматинской области""",Техпаспорт дата и номер,Вет.отдел Балхашского района. С/о Береке,,,LADA 21214 2013г.в.,643BF05,
36,Алматинская область,"ГКП на ПХВ ""Ветеринарная станция Алматинской области""","ГКП на ПХВ ""Ветеринарная станция Алматинской области""",07.06.2024г XTA212140D2139440,Вет.отдел Балхашского района. С/о Бірлік,Қуандық Б,,LADA 21214 2013г.в.,626BF05,на списание
37,Алматинская область,"ГКП на ПХВ ""Ветеринарная станция Алматинской области""","ГКП на ПХВ ""Ветеринарная станция Алматинской области""",Техпаспорт дата и номер,Вет.отдел Балхашского района. С/о Балатопар,,,LADA 21214 2013г.в.,619BF05,на списание
38,Алматинская область,"ГКП на ПХВ ""Ветеринарная станция Алматинской области""","ГКП на ПХВ ""Ветеринарная станция Алматинской области""",Техпаспорт дата и номер,Вет.отдел Балхашского района. С/о Көктал,,,LADA 21214 2013г.в.,630BF05,на списание
39,Алматинская область,"ГКП на ПХВ ""Ветеринарная станция Алматинской области""","ГКП на ПХВ ""Ветеринарная станция Алматинской области""",Техпаспорт дата и номер,Вет.отдел Балхашского района. С/о Қарой,,,LADA 21214 2013г.в.,623BF05,на списание
40,Алматинская область,"ГКП на ПХВ ""Ветеринарная станция Алматинской области""","ГКП на ПХВ ""Ветеринарная станция Алматинской области""",04.07.2025г XTA21214S2578025,Вет.отдел Балхашского района. С/о Қарой,Бейсенбеков А,,LADA 21215 2025г.в.,036BF05,
41,Алматинская область,"ГКП на ПХВ ""Ветеринарная станция Алматинской области""","ГКП на ПХВ ""Ветеринарная станция Алматинской области""",Техпаспорт дата и номер,Вет.отдел Балхашского района. С/о Құйған,,,LADA 21214 2013г.в.,621BF05,на списание
42,Алматинская область,"ГКП на ПХВ ""Ветеринарная станция Алматинской области""","ГКП на ПХВ ""Ветеринарная станция Алматинской области""",Техпаспорт дата и номер,Вет.отдел Балхашского района. С/о Желтораңғы,,,LADA 21214 2013г.в.,613BF05,
43,Алматинская область,"ГКП на ПХВ ""Ветеринарная станция Алматинской области""","ГКП на ПХВ ""Ветеринарная станция Алматинской области""",Техпаспорт дата и номер,Вет.отдел Балхашского района. С/о Жиделі,,,LADA 21214 2011г.в.,610BF05,на списание
44,Алматинская область,"ГКП на ПХВ ""Ветеринарная станция Алматинской области""","ГКП на ПХВ ""Ветеринарная станция Алматинской области""",06.06.2024г XTA212140D2139556,Вет.отдел Балхашского района. С/о Миялы,Алим А,,LADA 21214 2013г.в.,614BF05,
45,Алматинская область,"ГКП на ПХВ ""Ветеринарная станция Алматинской области""","ГКП на ПХВ ""Ветеринарная станция Алматинской области""",07.06.2024г ХТА212140D2139547,Вет.отдел Балхашского района. С/о Топар,Рахым Д,,LADA 21214 2013г.в.,629BF05,на списание
46,Алматинская область,"ГКП на ПХВ ""Ветеринарная станция Алматинской области""","ГУ ""Управление ветеринарии Алматинской области""","Договор №6 от 03.02.2026г,15.12.2025г MXC1PAB80SKO53690",Вет.отдел Балхашского района. С/о Балатопар,Исланұлы Ш,,Jac T6 Luxury 2.0 Ti 4x4 Ақ 2025г.в.,157BC05,
47,Алматинская область,"ГКП на ПХВ ""Ветеринарная станция Алматинской области""","ГУ ""Управление ветеринарии Алматинской области""","Договор №6 от 03.02.2026г,17.12.2025г MXC1PAB80SK053787",Вет.отдел Балхашского района. С/о Жиделі,Исабаев А,,Jac T6 Luxury 2.0 Ti 4x4 Ақ 2025г.в.,124BC05,
48,Алматинская область,"ГКП на ПХВ ""Ветеринарная станция Алматинской области""","ГУ ""Управление ветеринарии Алматинской области""","Договор №6 от 03.02.2026г,15.12.2025г  MXC1PAB80SK053667",Вет.отдел Балхашского района. С/о Желтораңғы,Тарақбаев Ж,,Jac T6 Luxury 2.0 Ti 4x4 Ақ 2025г.в.,443BC05,
49,Алматинская область,"ГКП на ПХВ ""Ветеринарная станция Алматинской области""","ГУ ""Управление ветеринарии Алматинской области""","Договор №6 от 03.02.2026г,17.12.2025г MXC1PAB80SK053692",Вет.отдел Балхашского района. С/о Көктал,Андасбаев Н,,Jac T6 Luxury 2.0 Ti 4x4 Ақ 2025г.в.,294BC05,
50,Алматинская область,"ГКП на ПХВ ""Ветеринарная станция Алматинской области""","ГУ ""Управление ветеринарии Алматинской области""","Договор №6 от 03.02.2026г,17.12.2025г MXC1PAB80SK053789",Вет.отдел Балхашского района. С/о Береке,Рахметов Е,,Jac T6 Luxury 2.0 Ti 4x4 Ақ 2025г.в.,314BC05,
51,Алматинская область,"ГКП на ПХВ ""Ветеринарная станция Алматинской области""","ГУ ""Управление ветеринарии Алматинской области""","Договор №6 от 03.02.2026г,15.12.2025г MXC1PAB80SKO53690",Вет.отдел Балхашского района. С/о Құйған,Дюсенбекова А,,Jac T6 Luxury 2.0 Ti 4x4 Ақ 2025г.в.,067BC05,
52,Алматинская область,"ГКП на ПХВ ""Ветеринарная станция Алматинской области""","ГУ ""Управление ветеринарии Алматинской области""","Договор №6 от 03.02.2026г,15.12.2025г MXC1PAB80SK053765",Вет.отдел Балхашского района. С/о Бірлік,Оразымбетоа Е,,Jac T6 Luxury 2.0 Ti 4x4 Ақ 2025г.в.,377BC05,
53,Алматинская область,"ГКП на ПХВ ""Ветеринарная станция Алматинской области""","ГУ ""Управление ветеринарии Алматинской области""","Договор №6 от 03.02.2026г,18.12.20254г MXT231073S0000509",Вет.отдел Балхашского района. С/о Ақдала,Шайсұлтан Д,,Газ 231073 Ақ 2025г.в.,105BH05,
54,Алматинская область,"ГКП на ПХВ ""Ветеринарная станция Алматинской области""","ГКП на ПХВ ""Ветеринарная станция Алматинской области""",09.07.2024 ВС99999509,Вет.отдел Енбекшыказахского района,Врач эпизоотолог Курманбаев Ж.,,Mitsubishi L200 2023г.в.,674BF05,
55,Алматинская область,"ГКП на ПХВ ""Ветеринарная станция Алматинской области""","ГКП на ПХВ ""Ветеринарная станция Алматинской области""",12.06.2024 ВЕ99999771,Вет.отдел Енбекшыказахского района,Заведующий        Заитов К.,,Уаз 39094(ДУК) 2013г.в.,572АК05,
56,Алматинская область,"ГКП на ПХВ ""Ветеринарная станция Алматинской области""","ГКП на ПХВ ""Ветеринарная станция Алматинской области""",Техпаспорт дата и номер,Вет.отдел Енбекшыказахского района,,,Уаз 39094(ДУК) 2013г.в.,394ВC05,на списание
57,Алматинская область,"ГКП на ПХВ ""Ветеринарная станция Алматинской области""","ГКП на ПХВ ""Ветеринарная станция Алматинской области""",Техпаспорт дата и номер,Вет.отдел Енбекшыказахского района,Заведующий Куандыков А.,,Lada 21214 2013г.в.,508АК05,
58,Алматинская область,"ГКП на ПХВ ""Ветеринарная станция Алматинской области""","ГКП на ПХВ ""Ветеринарная станция Алматинской области""",14.06.2024 ВЕ99999760,Вет.отдел Енбекшыказахского района,Отловщик  Болусбеков А.,,Lada 21214 2011г.в.,648АК05,
59,Алматинская область,"ГКП на ПХВ ""Ветеринарная станция Алматинской области""","ГКП на ПХВ ""Ветеринарная станция Алматинской области""",19.06.2024 ВЕ99999754,Вет.отдел Енбекшыказахского района. с/о Ават,Заведующий Биркеленов Б.,,Lada 21214 2012г.в.,578АК05,
60,Алматинская область,"ГКП на ПХВ ""Ветеринарная станция Алматинской области""","ГКП на ПХВ ""Ветеринарная станция Алматинской области""",Техпаспорт дата и номер,Вет.отдел Енбекшыказахского района. с/о Ақши,,,Lada 21214 2013г.в.,637АК05,на списание
61,Алматинская область,"ГКП на ПХВ ""Ветеринарная станция Алматинской области""","ГКП на ПХВ ""Ветеринарная станция Алматинской области""",Техпаспорт дата и номер,Вет.отдел Енбекшыказахского района. с/о Асы,,,Lada 21214 2013г.в.,608АК05,на списание
62,Алматинская область,"ГКП на ПХВ ""Ветеринарная станция Алматинской области""","ГКП на ПХВ ""Ветеринарная станция Алматинской области""",Техпаспорт дата и номер,Вет.отдел Енбекшыказахского района. с/о Асы,,,Lada 21214 2013г.в.,485AC05,на списание
63,Алматинская область,"ГКП на ПХВ ""Ветеринарная станция Алматинской области""","ГКП на ПХВ ""Ветеринарная станция Алматинской области""",Техпаспорт дата и номер,Вет.отдел Енбекшыказахского района. с/о Асы,,,Lada 21214 2013г.в.,632АК05,на списание
64,Алматинская область,"ГКП на ПХВ ""Ветеринарная станция Алматинской области""","ГКП на ПХВ ""Ветеринарная станция Алматинской области""",Техпаспорт дата и номер,Вет.отдел Енбекшыказахского района. с/о Байтерек,,,Lada 21214 2013г.в.,651АК05,на списание
65,Алматинская область,"ГКП на ПХВ ""Ветеринарная станция Алматинской области""","ГКП на ПХВ ""Ветеринарная станция Алматинской области""",11.06.2024 ВЕ99999780,Вет.отдел Енбекшыказахского района. с/о Балтабай,Заведующий Тохтарбаев Н.,,Lada 21214 2013г.в.,662АК05,
66,Алматинская область,"ГКП на ПХВ ""Ветеринарная станция Алматинской области""","ГКП на ПХВ ""Ветеринарная станция Алматинской области""",13.06.2024 ВЕ99999766,Вет.отдел Енбекшыказахского района. с/о Бөлек,Заведующий Подалякова Е.,,Lada 21214 2013г.в.,580AК05,
67,Алматинская область,"ГКП на ПХВ ""Ветеринарная станция Алматинской области""","ГКП на ПХВ ""Ветеринарная станция Алматинской области""",11.06.2024 ВЕ99999772,Вет.отдел Енбекшыказахского района. с/о Есік,Заведующий   Оралбек Д.,,Lada 21214 2013г.в.,596АК05,
68,Алматинская область,"ГКП на ПХВ ""Ветеринарная станция Алматинской области""","ГКП на ПХВ ""Ветеринарная станция Алматинской области""",19.06.2024 ВЕ99999753,Вет.отдел Енбекшыказахского района. с/о Байдібек би,Заведующий Абдукадырова Т.,,Lada 21214 2012г.в.,835DК05,
69,Алматинская область,"ГКП на ПХВ ""Ветеринарная станция Алматинской области""","ГКП на ПХВ ""Ветеринарная станция Алматинской области""",Техпаспорт дата и номер,Вет.отдел Енбекшыказахского района. с/о Жанашар,,,Lada 21214 2013г.в.,519АК05,на списание
70,Алматинская область,"ГКП на ПХВ ""Ветеринарная станция Алматинской области""","ГКП на ПХВ ""Ветеринарная станция Алматинской области""",04.07.2025 ВЕ99999152,Вет.отдел Енбекшыказахского района. с/о Жанашар,Заведующий Темирова А.,,LADA 21215 2025г.в.,027AK05,
71,Алматинская область,"ГКП на ПХВ ""Ветеринарная станция Алматинской области""","ГКП на ПХВ ""Ветеринарная станция Алматинской области""",20.06.2024 ВЕ99999750,Вет.отдел Енбекшыказахского района. с/о Қазақстан,Заведующий Ескараева А.,,Lada 21214 2013г.в.,681АК05,
72,Алматинская область,"ГКП на ПХВ ""Ветеринарная станция Алматинской области""","ГКП на ПХВ ""Ветеринарная станция Алматинской области""",13.06.2024 ВЕ99999769,Вет.отдел Енбекшыказахского района. с/о Қаракемер,Заведующий   Мұқатай Н.,,Lada 21214 2013г.в.,520АК05,
73,Алматинская область,"ГКП на ПХВ ""Ветеринарная станция Алматинской области""","ГКП на ПХВ ""Ветеринарная станция Алматинской области""",Техпаспорт дата и номер,Вет.отдел Енбекшыказахского района. с/о Қаратурык,,,Lada 21214 2007г.в.,584AК05,на списание
74,Алматинская область,"ГКП на ПХВ ""Ветеринарная станция Алматинской области""","ГКП на ПХВ ""Ветеринарная станция Алматинской области""",13.06.2024 ВЕ99999767,Вет.отдел Енбекшыказахского района. с/о Қаратурык,Заведующий  Тамабаев О.,,Lada 21214 2013г.в.,657AК05,
75,Алматинская область,"ГКП на ПХВ ""Ветеринарная станция Алматинской области""","ГКП на ПХВ ""Ветеринарная станция Алматинской области""",11.06.2024 ВЕ99999776,Вет.отдел Енбекшыказахского района. с/о Каражота,Заведующий  Маликов Қ,,Lada 21214 2014г.в.,650AК05,
76,Алматинская область,"ГКП на ПХВ ""Ветеринарная станция Алматинской области""","ГКП на ПХВ ""Ветеринарная станция Алматинской области""",Техпаспорт дата и номер,Вет.отдел Енбекшыказахского района. с/о Каражота,,,Lada 21214 2013г.в.,639АК05,на списание
77,Алматинская область,"ГКП на ПХВ ""Ветеринарная станция Алматинской области""","ГКП на ПХВ ""Ветеринарная станция Алматинской области""",Техпаспорт дата и номер,Вет.отдел Енбекшыказахского района. с/о Көктөбе,,,Lada 21214 2013г.в.,530АК05,на списание
78,Алматинская область,"ГКП на ПХВ ""Ветеринарная станция Алматинской области""","ГКП на ПХВ ""Ветеринарная станция Алматинской области""",11.06.2024 ВЕ99999779,Вет.отдел Енбекшыказахского района. с/о Қорам,Заведующий Несипбеков Ш.,,Lada 21214 2013г.в.,680АК05,
79,Алматинская область,"ГКП на ПХВ ""Ветеринарная станция Алматинской области""","ГКП на ПХВ ""Ветеринарная станция Алматинской области""",Техпаспорт дата и номер,Вет.отдел Енбекшыказахского района. с/о Қырбалтабай,,,Lada 21214 2013г.в.,684АК05,на списание
80,Алматинская область,"ГКП на ПХВ ""Ветеринарная станция Алматинской области""","ГКП на ПХВ ""Ветеринарная станция Алматинской области""",14.06.2024 ВЕ99999761,Вет.отдел Енбекшыказахского района. с/о Масақ,Заведующий Васильденов Г.,,Lada 21214 2013г.в.,512АК05,
81,Алматинская область,"ГКП на ПХВ ""Ветеринарная станция Алматинской области""","ГКП на ПХВ ""Ветеринарная станция Алматинской области""",18.06.2024 ВЕ99999755,Вет.отдел Енбекшыказахского района. с/о Ават,Заведующий         Ескен М.,,Lada 21214 2013г.в.,643АК05,
82,Алматинская область,"ГКП на ПХВ ""Ветеринарная станция Алматинской области""","ГКП на ПХВ ""Ветеринарная станция Алматинской области""",Техпаспорт дата и номер,Вет.отдел Енбекшыказахского района. с/о Сөгеті,,,Lada 21214 2007г.в.,682АК05,на списание
83,Алматинская область,"ГКП на ПХВ ""Ветеринарная станция Алматинской области""","ГКП на ПХВ ""Ветеринарная станция Алматинской области""",11.06.2024 ВЕ99999775,Вет.отдел Енбекшыказахского района. с/о Сөгеті,Заведующий Нурмуханов Д.,,Lada 21214 2013г.в.,590АК05,
84,Алматинская область,"ГКП на ПХВ ""Ветеринарная станция Алматинской области""","ГКП на ПХВ ""Ветеринарная станция Алматинской области""",11.06.2024 ВЕ99999778,Вет.отдел Енбекшыказахского района. с/о Рахат,Заведующий Тойбазаров Г.,,Lada 21214 2013г.в.,663АК05,
85,Алматинская область,"ГКП на ПХВ ""Ветеринарная станция Алматинской области""","ГКП на ПХВ ""Ветеринарная станция Алматинской области""",17.06.2024 ВЕ99999758,Вет.отдел Енбекшыказахского района. с/о Саймасай,Заведующий   Хамидов А,,Lada 21214 2013г.в.,574АК05,
86,Алматинская область,"ГКП на ПХВ ""Ветеринарная станция Алматинской области""","ГКП на ПХВ ""Ветеринарная станция Алматинской области""",11.06.2024 ВЕ99999781,Вет.отдел Енбекшыказахского района. с/о Ташкенсаз,Заведующий Умирбаев К.,,Lada 21214 2013г.в.,534АК05,
87,Алматинская область,"ГКП на ПХВ ""Ветеринарная станция Алматинской области""","ГКП на ПХВ ""Ветеринарная станция Алматинской области""",11.06.2024 ВЕ99999777,Вет.отдел Енбекшыказахского района. с/о Тескенсу,Заведующий Амирханов Е.,,Lada 21214 2013г.в.,517АК05,
88,Алматинская область,"ГКП на ПХВ ""Ветеринарная станция Алматинской области""","ГКП на ПХВ ""Ветеринарная станция Алматинской области""",14.06.2024 ВЕ99999765,Вет.отдел Енбекшыказахского района. с/о Түрген,Заведующий    Камзаев И.,,Lada 21214 2013г.в.,670AК05,
89,Алматинская область,"ГКП на ПХВ ""Ветеринарная станция Алматинской области""","ГКП на ПХВ ""Ветеринарная станция Алматинской области""",11.06.2024 ВЕ99999782,Вет.отдел Енбекшыказахского района. с/о Шелек,Заведующий Бибосынов А.,,Lada 21214 2013г.в.,526АК05,
90,Алматинская область,"ГКП на ПХВ ""Ветеринарная станция Алматинской области""","ГУ ""Управление ветеринарии Алматинской области""","Договор №6 от 03.02.2026г,18.12.2025 ВЕ99998551",Вет.отдел Енбекшыказахского района,Директор     Калдыбаев Д.,,Газ 231073 Ақ 2025г.в.,148ВН05,
91,Алматинская область,"ГКП на ПХВ ""Ветеринарная станция Алматинской области""","ГУ ""Управление ветеринарии Алматинской области""","Договор №6 от 03.02.2026г,12.12.2025 ВЕ99998631",Вет.отдел Енбекшыказахского района. с/о Асы,Заведующий       Заитов К.,,Jac T6 Luxury 2.0 Ti 4x4 Ақ 2025г.в.,935BG05,
92,Алматинская область,"ГКП на ПХВ ""Ветеринарная станция Алматинской области""","ГУ ""Управление ветеринарии Алматинской области""","Договор №6 от 03.02.2026г,12.12.2025 ВЕ99998630",Вет.отдел Енбекшыказахского района. с/о Ақши,Заведующий Шалтабаев Е.,,Jac T6 Luxury 2.0 Ti 4x4 Ақ 2025г.в.,903BG05,
93,Алматинская область,"ГКП на ПХВ ""Ветеринарная станция Алматинской области""","ГУ ""Управление ветеринарии Алматинской области""","Договор №6 от 03.02.2026г,12.12.2025 ВЕ99998626",Вет.отдел Енбекшыказахского района. с/о Есік,Директор       Калдыбаев Д.,,Jac T6 Luxury 2.0 Ti 4x4 Ақ 2025г.в.,815BG05,
94,Алматинская область,"ГКП на ПХВ ""Ветеринарная станция Алматинской области""","ГУ ""Управление ветеринарии Алматинской области""","Договор №6 от 03.02.2026г,12.12.2025 ВЕ99998629",Вет.отдел Енбекшыказахского района. с/о Көктөбе,Заведующий     Ахметов Е.,,Jac T6 Luxury 2.0 Ti 4x4 Ақ 2025г.в.,852BG05,
95,Алматинская область,"ГКП на ПХВ ""Ветеринарная станция Алматинской области""","ГУ ""Управление ветеринарии Алматинской области""","Договор №6 от 03.02.2026г,17.12.2025 ВЕ99998574",Вет.отдел Енбекшыказахского района. с/о Қаратұрық,Заведующий  Тамабаев О.,,Jac T6 Luxury 2.0 Ti 4x4 Ақ 2025г.в.,073ВС05,
96,Алматинская область,"ГКП на ПХВ ""Ветеринарная станция Алматинской области""","ГУ ""Управление ветеринарии Алматинской области""","Договор №6 от 03.02.2026г,12.12.2025 ВЕ99998621",Вет.отдел Енбекшыказахского района. с/о Қаражота,Заведующий  Маликов Қ.,,Jac T6 Luxury 2.0 Ti 4x4 Ақ 2025г.в.,905BG05,
97,Алматинская область,"ГКП на ПХВ ""Ветеринарная станция Алматинской области""","ГУ ""Управление ветеринарии Алматинской области""","Договор №6 от 03.02.2026г,12.12.2025 ВЕ99998618",Вет.отдел Енбекшыказахского района. с/о Қырбалтабай,Заведующий   Тимешев А.,,Jac T6 Luxury 2.0 Ti 4x4 Ақ 2025г.в.,842BG05,
98,Алматинская область,"ГКП на ПХВ ""Ветеринарная станция Алматинской области""","ГУ ""Управление ветеринарии Алматинской области""","Договор №6 от 03.02.2026г,18.12.2025 ВЕ99998559",Вет.отдел Енбекшыказахского района. с/о Сөгеті,Заведующий Нурмуханов Д.,,Jac T6 Luxury 2.0 Ti 4x4 Ақ 2025г.в.,986BH05,
99,Алматинская область,"ГКП на ПХВ ""Ветеринарная станция Алматинской области""","ГУ ""Управление ветеринарии Алматинской области""","Договор №6 от 03.02.2026г,15.12.2025 ВЕ99998613",Вет.отдел Енбекшыказахского района. с/о Тескенсу,Заведующий Амирханов Е.,,Jac T6 Luxury 2.0 Ti 4x4 Ақ 2025г.в.,280BH05,
100,Алматинская область,"ГКП на ПХВ ""Ветеринарная станция Алматинской области""","ГКП на ПХВ ""Ветеринарная станция Алматинской области""",16.04.2024г. ВС 99999758,Вет.отдел Жамбылского района.,Балаев Д.Б,№ 225 от 05.11.2025 ж,SSANG YONG 2013г.в.,177ВF05,
101,Алматинская область,"ГКП на ПХВ ""Ветеринарная станция Алматинской области""","ГКП на ПХВ ""Ветеринарная станция Алматинской области""",09.07.2024г. ВС99999510,Вет.отдел Жамбылского района.,Балаев Д.Б,№ 225 от 05.11.2025 ж,JAC JS6 2023г.в.,683BF05,
102,Алматинская область,"ГКП на ПХВ ""Ветеринарная станция Алматинской области""","ГКП на ПХВ ""Ветеринарная станция Алматинской области""",16.04.2024г. ВС99999750,Вет.отдел Жамбылского района.,Балаев Д.Б,№ 225 от 05.11.2025 ж,УАЗ 390945(ДУК) 2013г.в.,210BF05,
103,Алматинская область,"ГКП на ПХВ ""Ветеринарная станция Алматинской области""","ГКП на ПХВ ""Ветеринарная станция Алматинской области""",16.04.2024г.ВС99999749,Вет.отдел Жамбылского района.,Жылысов М.Б,№ 225 от 05.11.2025 ж,Lada 21214 2012г.в.,173BF05,
104,Алматинская область,"ГКП на ПХВ ""Ветеринарная станция Алматинской области""","ГКП на ПХВ ""Ветеринарная станция Алматинской области""",16.04.2024г. Вс99999756,Вет.отдел Жамбылского района.,Толымбек Д.М,№ 225 от 05.11.2025 ж,Lada 21214 2013г.в.,207BF05,
105,Алматинская область,"ГКП на ПХВ ""Ветеринарная станция Алматинской области""","ГКП на ПХВ ""Ветеринарная станция Алматинской области""",14.05.2024г. ВС99999852,Вет.отдел Жамбылского района. с/о Ақтерек,Кулганатов Б.С,№ 225 от 05.11.2025 ж,Lada 21214 2013г.в.,318BC05,
106,Алматинская область,"ГКП на ПХВ ""Ветеринарная станция Алматинской области""","ГКП на ПХВ ""Ветеринарная станция Алматинской области""",Техпаспорт дата и номер,Вет.отдел Жамбылского района. с/о Ақтерек,Қалимолда А.М,№ 225 от 05.11.2025 ж,Lada 21214 2007г.в.,644BF05,на списание
107,Алматинская область,"ГКП на ПХВ ""Ветеринарная станция Алматинской области""","ГКП на ПХВ ""Ветеринарная станция Алматинской области""",04.07.2025г. ВС99999151,Вет.отдел Жамбылского района. с/о Ақсеңгір,Баққелді Е.,№ 225 от 05.11.2025 ж,Lada 21214 2011г.в.,982BF05,
108,Алматинская область,"ГКП на ПХВ ""Ветеринарная станция Алматинской области""","ГКП на ПХВ ""Ветеринарная станция Алматинской области""",15.04.2024г. ВС99999773,Вет.отдел Жамбылского района. с/о Аққайнар,Баққелді Е.,№ 225 от 05.11.2025 ж,Lada 21214 2013г.в.,182BF05,
109,Алматинская область,"ГКП на ПХВ ""Ветеринарная станция Алматинской области""","ГКП на ПХВ ""Ветеринарная станция Алматинской области""",16.04.2024г. ВС99999752,Вет.отдел Жамбылского района. с/о Айдарлы,Птегенов К.,№ 225 от 05.11.2025 ж,Lada 21214 2013г.в.,185BF05,
110,Алматинская область,"ГКП на ПХВ ""Ветеринарная станция Алматинской области""","ГКП на ПХВ ""Ветеринарная станция Алматинской области""",Техпаспорт дата и номер,Вет.отдел Жамбылского района. с/о Базой,Абдикаликов Е.,№ 225 от 05.11.2025 ж,Lada 21214 2013г.в.,153BC05,на списание
111,Алматинская область,"ГКП на ПХВ ""Ветеринарная станция Алматинской области""","ГКП на ПХВ ""Ветеринарная станция Алматинской области""",Техпаспорт дата и номер,Вет.отдел Жамбылского района. с/о Сарытауқұм,,№ 225 от 05.11.2025 ж,Lada 21214 2013г.в.,205BF05,на списание
112,Алматинская область,"ГКП на ПХВ ""Ветеринарная станция Алматинской области""","ГКП на ПХВ ""Ветеринарная станция Алматинской области""",08.07.2025г. ВС99999147,Вет.отдел Жамбылского района. с/о Сарытауқұм,,№ 225 от 05.11.2025 ж,LADA 21215 2025г.в.,265BF05,
113,Алматинская область,"ГКП на ПХВ ""Ветеринарная станция Алматинской области""","ГКП на ПХВ ""Ветеринарная станция Алматинской области""",Техпаспорт дата и номер,Вет.отдел Жамбылского района. с/о Беріктас,Байтимбетов К.Б,№ 225 от 05.11.2025 ж,Lada 21214 2013г.в.,252BC05,на списание
114,Алматинская область,"ГКП на ПХВ ""Ветеринарная станция Алматинской области""","ГКП на ПХВ ""Ветеринарная станция Алматинской области""",Техпаспорт дата и номер,Вет.отдел Жамбылского района. с/о Дегерес,,№ 225 от 05.11.2025 ж,Lada 21214 2013г.в.,370BF05,на списание
115,Алматинская область,"ГКП на ПХВ ""Ветеринарная станция Алматинской области""","ГКП на ПХВ ""Ветеринарная станция Алматинской области""",11.06.2024г. ВС99999785,Вет.отдел Жамбылского района. с/о Жамбыл,,№ 225 от 05.11.2025 ж,Lada 21214 2013г.в.,291BC05,
116,Алматинская область,"ГКП на ПХВ ""Ветеринарная станция Алматинской области""","ГКП на ПХВ ""Ветеринарная станция Алматинской области""",15.04.2024г. ВС99999760,Вет.отдел Жамбылского района. с/о Қарасу,Мусакулов Р.М,№ 225 от 05.11.2025 ж,Lada 21214 2013г.в.,174BF05,
117,Алматинская область,"ГКП на ПХВ ""Ветеринарная станция Алматинской области""","ГКП на ПХВ ""Ветеринарная станция Алматинской области""",16.05.2024г. ВС99999839,Вет.отдел Жамбылского района. с/о Қарғалы,Болаткулов Е.Б,№ 225 от 05.11.2025 ж,Lada 21214 2013г.в.,497AZ05,
118,Алматинская область,"ГКП на ПХВ ""Ветеринарная станция Алматинской области""","ГКП на ПХВ ""Ветеринарная станция Алматинской области""",22.06.2026г. ВС99998247,Вет.отдел Жамбылского района. с/о Қарақастек,Нурманбетов Т.Н,№ 225 от 05.11.2025 ж,Lada 21214 2013г.в.,203BF05,
119,Алматинская область,"ГКП на ПХВ ""Ветеринарная станция Алматинской области""","ГКП на ПХВ ""Ветеринарная станция Алматинской области""",Техпаспорт дата и номер,Вет.отдел Жамбылского района. с/о Мыңбай,Исабеков С.С,№ 225 от 05.11.2025 ж,Lada 21214 2013г.в.,242BC05,
120,Алматинская область,"ГКП на ПХВ ""Ветеринарная станция Алматинской области""","ГКП на ПХВ ""Ветеринарная станция Алматинской области""",Техпаспорт дата и номер,Вет.отдел Жамбылского района. с/о Мыңбай,,№ 225 от 05.11.2025 ж,LADA 21215 2025г.в.,982BF05,
121,Алматинская область,"ГКП на ПХВ ""Ветеринарная станция Алматинской области""","ГКП на ПХВ ""Ветеринарная станция Алматинской области""",Техпаспорт дата и номер,Вет.отдел Жамбылского района. с/о Мәтібұлақ,,№ 225 от 05.11.2025 ж,Lada 21214 2007г.в.,638BF05,на списание
122,Алматинская область,"ГКП на ПХВ ""Ветеринарная станция Алматинской области""","ГКП на ПХВ ""Ветеринарная станция Алматинской области""",15.08.2024г. ВС99999666,Вет.отдел Жамбылского района. с/о Мәтібұлақ,,№ 225 от 05.11.2025 ж,Lada 21214 2013г.в.,639BF05,на списание
123,Алматинская область,"ГКП на ПХВ ""Ветеринарная станция Алматинской области""","ГКП на ПХВ ""Ветеринарная станция Алматинской области""",25.06.2024г. ВС99999562,Вет.отдел Жамбылского района. с/о Самсы,Екейбеков А.С,№ 225 от 05.11.2025 ж,Lada 21214 2013г.в.,494BC05,
124,Алматинская область,"ГКП на ПХВ ""Ветеринарная станция Алматинской области""","ГКП на ПХВ ""Ветеринарная станция Алматинской области""",15.05.2024г. ВС99999676,Вет.отдел Жамбылского района. с/о Талап,Дамежан Н.Т,№ 225 от 05.11.2025 ж,Lada 21214 2013г.в.,699BF05,
125,Алматинская область,"ГКП на ПХВ ""Ветеринарная станция Алматинской области""","ГКП на ПХВ ""Ветеринарная станция Алматинской области""",15.05.2024г. ВС99999676,Вет.отдел Жамбылского района. с/о Теміржол,Смирнова О.В,№ 225 от 05.11.2025 ж,Lada 21214 2013г.в.,373BF05,
126,Алматинская область,"ГКП на ПХВ ""Ветеринарная станция Алматинской области""","ГКП на ПХВ ""Ветеринарная станция Алматинской области""",Техпаспорт дата и номер,Вет.отдел Жамбылского района. с/о Теміржол,,№ 225 от 05.11.2025 ж,Lada 21214 2014г.в.,358BF05,на списание
127,Алматинская область,"ГКП на ПХВ ""Ветеринарная станция Алматинской области""","ГКП на ПХВ ""Ветеринарная станция Алматинской области""",Техпаспорт дата и номер,Вет.отдел Жамбылского района. с/о Үлгілі,,№ 225 от 05.11.2025 ж,Lada 21214 2014г.в.,207ВC05,на списание
128,Алматинская область,"ГКП на ПХВ ""Ветеринарная станция Алматинской области""","ГКП на ПХВ ""Ветеринарная станция Алматинской области""",16.04.2024г. ВС99999757,Вет.отдел Жамбылского района. с/о Ұзынағаш,,№ 225 от 05.11.2025 ж,Lada 21214 2013г.в.,192BF05,на списание
129,Алматинская область,"ГКП на ПХВ ""Ветеринарная станция Алматинской области""","ГКП на ПХВ ""Ветеринарная станция Алматинской области""",14.08.2024г. ВС99999669,Вет.отдел Жамбылского района. с/о Ұзынағаш,Молдакулов Қ.А,№ 225 от 05.11.2025 ж,Lada 21214 2013г.в.,216BF05,
130,Алматинская область,"ГКП на ПХВ ""Ветеринарная станция Алматинской области""","ГКП на ПХВ ""Ветеринарная станция Алматинской области""",15.08.2024г. ВС99999667,Вет.отдел Жамбылского района. с/о Үңгіртас,Райымгожаев Е.С,№ 225 от 05.11.2025 ж,Lada 21214 2013г.в.,227ВС05,
131,Алматинская область,"ГКП на ПХВ ""Ветеринарная станция Алматинской области""","ГКП на ПХВ ""Ветеринарная станция Алматинской области""",13.08.2024г. ВС99991444,Вет.отдел Жамбылского района. с/о Шиен,Кенжебеков А.М,№ 225 от 05.11.2025 ж,Lada 21214 2013г.в.,359BC05,
132,Алматинская область,"ГКП на ПХВ ""Ветеринарная станция Алматинской области""","ГКП на ПХВ ""Ветеринарная станция Алматинской области""",13.08.2024г. ВС99991444,Вет.отдел Жамбылского района. с/о Шолаққарғалы,Абдыкасым Ғ.Т,№ 225 от 05.11.2025 ж,LADA 21214 2019г.в.,191АZ05,
133,Алматинская область,"ГКП на ПХВ ""Ветеринарная станция Алматинской области""","ГКП на ПХВ ""Ветеринарная станция Алматинской области""",Техпаспорт дата и номер,Вет.отдел Жамбылского района. с/о Таран,,№ 225 от 05.11.2025 ж,Lada 21214 2013г.в.,095ВС05,на списании
134,Алматинская область,"ГКП на ПХВ ""Ветеринарная станция Алматинской области""","ГУ ""Управление ветеринарии Алматинской области""","Договор №6 от 03.02.2026г, 18.12.2025г. ВС99998557",Вет.отдел Жамбылского района.,Екейбеков А.С,№ 225 от 05.11.2025 ж,Jac T6 Luxury 2.0 Ti 4x4 Ақ 2025г.в.,107BH05,
135,Алматинская область,"ГКП на ПХВ ""Ветеринарная станция Алматинской области""","ГУ ""Управление ветеринарии Алматинской области""","Договор №6 от 03.02.2026г, 17.12.2025г. ВС99998576",Вет.отдел Жамбылского района. с/о Айдарлы,Хадыр Т.,№ 225 от 05.11.2025 ж,Jac T6 Luxury 2.0 Ti 4x4 Ақ 2025г.в.,046BC05,
136,Алматинская область,"ГКП на ПХВ ""Ветеринарная станция Алматинской области""","ГУ ""Управление ветеринарии Алматинской области""","Договор №6 от 03.02.2026г ,18.12.2025г. ВС99998558",Вет.отдел Жамбылского района. с/о Жамбыл,Онгарбаев Д.Б,№ 225 от 05.11.2025 ж,Jac T6 Luxury 2.0 Ti 4x4 Ақ 2025г.в.,109BH05,
137,Алматинская область,"ГКП на ПХВ ""Ветеринарная станция Алматинской области""","ГУ ""Управление ветеринарии Алматинской области""","Договор №6 от 03.02.2026г,15.12.2025г. ВС99998590",Вет.отдел Жамбылского района. с/о Бозой,Аскарбек Ж.,№ 225 от 05.11.2025 ж,Jac T6 Luxury 2.0 Ti 4x4 Ақ 2025г.в.,417BC05,
138,Алматинская область,"ГКП на ПХВ ""Ветеринарная станция Алматинской области""","ГУ ""Управление ветеринарии Алматинской области""","Договор №6 от 03.02.2026г,15.12.2025г. ВС99998590",Вет.отдел Жамбылского района. с/о Мыңбай,Нурлыбай Е.А,№ 225 от 05.11.2025 ж,Jac T6 Luxury 2.0 Ti 4x4 Ақ 2025г.в.,188BC05,
139,Алматинская область,"ГКП на ПХВ ""Ветеринарная станция Алматинской области""","ГУ ""Управление ветеринарии Алматинской области""","Договор №6 от 03.02.2026г,12.12.2025г. ВС99998625",Вет.отдел Жамбылского района. с/о Ұзынағаш,Молдакулов Қ.А,№ 225 от 05.11.2025 ж,Jac T6 Luxury 2.0 Ti 4x4 Ақ 2025г.в.,216BC05,
140,Алматинская область,"ГКП на ПХВ ""Ветеринарная станция Алматинской области""","ГУ ""Управление ветеринарии Алматинской области""","Договор №6 от 03.02.2026г,12.12.2025г. ВС99998616",Вет.отдел Жамбылского района. с/о Үлгілі,Батырбаев Т. Б,№ 225 от 05.11.2025 ж,Jac T6 Luxury 2.0 Ti 4x4 Ақ 2025г.в.,345BC05,
141,Алматинская область,"ГКП на ПХВ ""Ветеринарная станция Алматинской области""","ГУ ""Управление ветеринарии Алматинской области""","Договор №6 от 03.02.2026г,17.12.2025г. ВС99998565",Вет.отдел Жамбылского района. с/о Мәтібұлақ,Сламкулов А.М,№ 225 от 05.11.2025 ж,Jac T6 Luxury 2.0 Ti 4x4 Ақ 2025г.в.,344BC05,
142,Алматинская область,"ГКП на ПХВ ""Ветеринарная станция Алматинской области""","ГУ ""Управление ветеринарии Алматинской области""","Договор №6 от 03.02.2026г,12.12.2025г. ВС99998625",Вет.отдел Жамбылского района. с/о Талап,Дорбеноа Б.А,№ 225 от 05.11.2025 ж,Jac T6 Luxury 2.0 Ti 4x4 Ақ 2025г.в.,470BC05,
143,Алматинская область,"ГКП на ПХВ ""Ветеринарная станция Алматинской области""","ГУ ""Управление ветеринарии Алматинской области""","Договор №6 от 03.02.2026г,17.12.2025г. ВС99998562",Вет.отдел Жамбылского района.,Жаналиев М.Д,№ 225 от 05.11.2025 ж,Jac T6 Luxury 2.0 Ti 4x4 Ақ 2025г.в.,093ВС05,
144,Алматинская область,"ГКП на ПХВ ""Ветеринарная станция Алматинской области""","ГУ ""Управление ветеринарии Алматинской области""","Договор №6 от 03.02.2026г,17.12.2025г. ВС99998565",Вет.отдел Жамбылского района.,Жылысов Э.б,,Газ 231073 Ақ 2025г.в.,149BH05,
145,Алматинская область,"ГКП на ПХВ ""Ветеринарная станция Алматинской области""","ГКП на ПХВ ""Ветеринарная станция Алматинской области""",Техпаспорт дата и номер BC99999504 11.07.2024г.,Вет.отдел Илийского района.,Кудерин А.А.,,JAC 2023г.в.,681BF05,
146,Алматинская область,"ГКП на ПХВ ""Ветеринарная станция Алматинской области""","ГКП на ПХВ ""Ветеринарная станция Алматинской области""",Техпаспорт дата и номер BC99999853 04.04.2024г.,Вет.отдел Илийского района.,Бапанов С,,SSANG YONG 2013г.в.,786BC05,
147,Алматинская область,"ГКП на ПХВ ""Ветеринарная станция Алматинской области""","ГКП на ПХВ ""Ветеринарная станция Алматинской области""",Техпаспорт дата и номер BC99999834 05.04.2024 г.,Вет.отдел Илийского района.,Абдуллаев А,,Уаз 39094(ДУК) 2013г.в.,191BF05,на списание
148,Алматинская область,"ГКП на ПХВ ""Ветеринарная станция Алматинской области""","ГКП на ПХВ ""Ветеринарная станция Алматинской области""",Техпаспорт дата и номер BC99999832. 05.04.2024г.,Вет.отдел Илийского района.,Абдуллаев А,,Уаз 39094(ДУК) 2017г.в.,181BF05,на списание
149,Алматинская область,"ГКП на ПХВ ""Ветеринарная станция Алматинской области""","ГКП на ПХВ ""Ветеринарная станция Алматинской области""",Техпаспорт дата и номер BC99999858 04.04.2024г.,Вет.отдел Илийского района. с/о Ащыбұлақ,Советхан Д,,Lada 21214 2013г.в.,749BC05,на списание
150,Алматинская область,"ГКП на ПХВ ""Ветеринарная станция Алматинской области""","ГКП на ПХВ ""Ветеринарная станция Алматинской области""",Техпаспорт дата и номер BC99999835 05.04.2024г.,Вет.отдел Илийского района. с/о Боралдай,Мәжін Қ,,Lada 21214 2014г.в.,212BF05,на списание
151,Алматинская область,"ГКП на ПХВ ""Ветеринарная станция Алматинской области""","ГКП на ПХВ ""Ветеринарная станция Алматинской области""",Техпаспорт дата и номер BC99999855 04.04.2024г.,Вет.отдел Илийского района. с/о А.Тоқпанов,Арыстанбеков Б,,LADA 21215 2013г.в.,753BC05,на списание
152,Алматинская область,"ГКП на ПХВ ""Ветеринарная станция Алматинской области""","ГКП на ПХВ ""Ветеринарная станция Алматинской области""",Техпаспорт дата и номер BC99999856 04.04.2024г.,Вет.отдел Илийского района. с/о Байкент,Алнур С,,Lada 21214 2014г.в.,758BC05,на списание
153,Алматинская область,"ГКП на ПХВ ""Ветеринарная станция Алматинской области""","ГКП на ПХВ ""Ветеринарная станция Алматинской области""",Техпаспорт дата и номер BC99999850 04.04.2024г.,Вет.отдел Илийского района. с/о Ақсай,Айдархан Ш,,Lada 21214 2013г.в.,781BC05,
154,Алматинская область,"ГКП на ПХВ ""Ветеринарная станция Алматинской области""","ГКП на ПХВ ""Ветеринарная станция Алматинской области""",Техпаспорт дата и номер BC99999845 04.04.2024г.,Вет.отдел Илийского района. с/о Күрті,Бапанов С,,Lada 21214 2013г.в.,741BC05,
155,Алматинская область,"ГКП на ПХВ ""Ветеринарная станция Алматинской области""","ГКП на ПХВ ""Ветеринарная станция Алматинской области""",Техпаспорт дата и номерBC99999844 05.04.2024г.,Вет.отдел Илийского района. с/о Күрті,Бапанов С,,Lada 21214 2013г.в.,171BF05,
156,Алматинская область,"ГКП на ПХВ ""Ветеринарная станция Алматинской области""","ГКП на ПХВ ""Ветеринарная станция Алматинской области""",Техпаспорт дата и номер BC99999847 04.04.2024г.,Вет.отдел Илийского района. с/о Қараой,Мырзаханов Б,,Lada 21214 2013г.в.,769BC05,на списание
157,Алматинская область,"ГКП на ПХВ ""Ветеринарная станция Алматинской области""","ГКП на ПХВ ""Ветеринарная станция Алматинской области""",Техпаспорт дата и номер BC99999852 04.04.2024г.,Вет.отдел Илийского района. с/о Н.Тлендиев,Бектурганов А,,Lada 21214 2013г.в.,782BC05,на списание
158,Алматинская область,"ГКП на ПХВ ""Ветеринарная станция Алматинской области""","ГКП на ПХВ ""Ветеринарная станция Алматинской области""",Техпаспорт дата и номерBC99999851 04.04.2024г.,Вет.отдел Илийского района. с/о Өтеген батыр,Ракимбеков Б,,Lada 21214 2011г.в.,762BC05,
159,Алматинская область,"ГКП на ПХВ ""Ветеринарная станция Алматинской области""","ГКП на ПХВ ""Ветеринарная станция Алматинской области""",Техпаспорт дата и номер BC99999846 04.04.2024г.,Вет.отдел Илийского района. с/о Байсерке,Абдуллаев А,,Lada 21214 2013г.в.,756BC05,на списание
160,Алматинская область,"ГКП на ПХВ ""Ветеринарная станция Алматинской области""","ГКП на ПХВ ""Ветеринарная станция Алматинской области""",Техпаспорт дата и номер BC99999143 08.07.2025г.,Вет.отдел Илийского района. с/о Байсерке,Сарденешев Қ,,LADA 21215 2025г.в.,252BI05,
161,Алматинская область,"ГКП на ПХВ ""Ветеринарная станция Алматинской области""","ГУ ""Управление ветеринарии Алматинской области""","Договор №6 от 03.02.2026г, BC99998578  17.12.2025г .",Вет.отдел Илийского района. с/о Күрті,Бапанов С,,Jac T6 Luxury 2.0 Ti 4x4 Ақ 2025г.в.,224BC05,
162,Алматинская область,"ГКП на ПХВ ""Ветеринарная станция Алматинской области""","ГУ ""Управление ветеринарии Алматинской области""","Договор №6 от 03.02.2026г ,BC99998568 17.12.2025г.",Вет.отдел Илийского района. с/о Ақсай,Айдархан Ш,,Jac T6 Luxury 2.0 Ti 4x4 Ақ 2025г.в.,454BC05,
163,Алматинская область,"ГКП на ПХВ ""Ветеринарная станция Алматинской области""","ГУ ""Управление ветеринарии Алматинской области""","Договор №6 от 03.02.2026г ,BC99998603 15.12.2025г.",Вет.отдел Илийского района. с/о Қараой,Мырзаханов Б,,Jac T6 Luxury 2.0 Ti 4x4 Ақ 2025г.в.,139BC05,
164,Алматинская область,"ГКП на ПХВ ""Ветеринарная станция Алматинской области""","ГУ ""Управление ветеринарии Алматинской области""","Договор №6 от 03.02.2026г,BC99998592 15.12.2025г.",Вет.отдел Илийского района. с/о Тлендиев,Бектурганов А,,Jac T6 Luxury 2.0 Ti 4x4 Ақ 2025г.в.,311BC05,
165,Алматинская область,"ГКП на ПХВ ""Ветеринарная станция Алматинской области""","ГУ ""Управление ветеринарии Алматинской области""","Договор №6 от 03.02.2026г, BC99998560 17.12.2025г.",Вет.отдел Илийского района. с/о Өтеген батыр,Қайратұлы Ә,,Jac T6 Luxury 2.0 Ti 4x4 Ақ 2025г.в.,388BC05,
166,Алматинская область,"ГКП на ПХВ ""Ветеринарная станция Алматинской области""","ГУ ""Управление ветеринарии Алматинской области""","Договор №6 от 03.02.2026г,BC99998555 18.12.2025г",Вет.отдел Илийского района. с/о Өтеген батыр,Абдуллаев А,,Газ 231073 Ақ 2025г.в.,052BH05,
167,Алматинская область,"ГКП на ПХВ ""Ветеринарная станция Алматинской области""","ГКП на ПХВ ""Ветеринарная станция Алматинской области""","09.07.2024, MX1XBAGBXRK 52667",Вет.отдел Карасайского района.,Ж. Жарболов,,JAC JS6-1 2023г.в.,712BF05,
168,Алматинская область,"ГКП на ПХВ ""Ветеринарная станция Алматинской области""","ГКП на ПХВ ""Ветеринарная станция Алматинской области""","18.06.2024, XAT212140D2124744",Вет.отдел Карасайского района.,Н. Копадилов,,Lada 21214 2013г.в.,608BF05,на списание
169,Алматинская область,"ГКП на ПХВ ""Ветеринарная станция Алматинской области""","ГКП на ПХВ ""Ветеринарная станция Алматинской области""","23.10.2024, 33020060403348",Вет.отдел Карасайского района.,Н. Копадилов,,Газель 2006г.в.,083BС05,
170,Алматинская область,"ГКП на ПХВ ""Ветеринарная станция Алматинской области""","ГКП на ПХВ ""Ветеринарная станция Алматинской области""",Техпаспорт дата и номер,Вет.отдел Карасайского района.,,,УАЗ 390945(ДУК) 2004г.в.,784BF05,на списание
171,Алматинская область,"ГКП на ПХВ ""Ветеринарная станция Алматинской области""","ГКП на ПХВ ""Ветеринарная станция Алматинской области""","21.06.2024, XTA212140D2136983",Вет.отдел Карасайского района. с/о Каскелен,М. Сатыбалдиев,,Lada 21214 2013г.в.,270BC05,
172,Алматинская область,"ГКП на ПХВ ""Ветеринарная станция Алматинской области""","ГКП на ПХВ ""Ветеринарная станция Алматинской области""",Техпаспорт дата и номер,Вет.отдел Карасайского района. с/о Елтай,,,Lada 21214 2013г.в.,467BC05,
173,Алматинская область,"ГКП на ПХВ ""Ветеринарная станция Алматинской области""","ГКП на ПХВ ""Ветеринарная станция Алматинской области""","08.07.2025, XTA2121140S2575258",Вет.отдел Карасайского района. с/о Елтай,Д. Имангалиев,,LADA 21215 2025г.в.,232BC05,
174,Алматинская область,"ГКП на ПХВ ""Ветеринарная станция Алматинской области""","ГКП на ПХВ ""Ветеринарная станция Алматинской области""","20.06.2024,XTA212140E2192293",Вет.отдел Карасайского района. с/о Жамбыл,Г. Кульсариев,,Lada 21214 2014г.в.,218BC05,
175,Алматинская область,"ГКП на ПХВ ""Ветеринарная станция Алматинской области""","ГКП на ПХВ ""Ветеринарная станция Алматинской области""",,Вет.отдел Карасайского района. с/о Жандосов,,,Lada 21214 2013г.в.,276BC05,на списание
176,Алматинская область,"ГКП на ПХВ ""Ветеринарная станция Алматинской области""","ГКП на ПХВ ""Ветеринарная станция Алматинской области""",Техпаспорт дата и номер,Вет.отдел Карасайского района. с/о Жібек-жолы,,,Lada 21214 2013г.в.,381BC05,на списание
177,Алматинская область,"ГКП на ПХВ ""Ветеринарная станция Алматинской области""","ГКП на ПХВ ""Ветеринарная станция Алматинской области""",Техпаспорт дата и номер,Вет.отдел Карасайского района. с/о Бірінші Май,,,Lada 21214 2013г.в.,264BC05,на списание
178,Алматинская область,"ГКП на ПХВ ""Ветеринарная станция Алматинской области""","ГКП на ПХВ ""Ветеринарная станция Алматинской области""",Техпаспорт дата и номер,Вет.отдел Карасайского района. с/о Іргелі/Ұмтыл,,,Lada 21214 2013г.в.,409BC05,
179,Алматинская область,"ГКП на ПХВ ""Ветеринарная станция Алматинской области""","ГКП на ПХВ ""Ветеринарная станция Алматинской области""","21.06.2024, XTA212140D2139551",Вет.отдел Карасайского района. с/о Райымбек,Р. Кудабайұлы,,Lada 21214 2013г.в.,492BC05,
180,Алматинская область,"ГКП на ПХВ ""Ветеринарная станция Алматинской области""","ГКП на ПХВ ""Ветеринарная станция Алматинской области""",22.08.2024  XTA212140D2140730,Вет.отдел Карасайского района. с/о Шамалған,Г. Туякова,,Lada 21214 2013г.в.,481BC05,
181,Алматинская область,"ГКП на ПХВ ""Ветеринарная станция Алматинской области""","ГУ ""Управление ветеринарии Алматинской области""","Договор №6 от 03.02.2026г 18.12.2025, MXT231073S0000512",Вет.отдел Карасайского района.,Ж. Жарболов,,Газ 231073 Ақ 2025г.в.,212BH05,
182,Алматинская область,"ГКП на ПХВ ""Ветеринарная станция Алматинской области""","ГУ ""Управление ветеринарии Алматинской области""","Договор №6 от 03.02.2026г 15.12.2025, MXC1PAB80SK053696",Вет.отдел Карасайского района. с/о Каскелен,Н. Таласбаев,,Jac T6 Luxury 2.0 Ti 4x4 Ақ 2025г.в.,423BC05,
183,Алматинская область,"ГКП на ПХВ ""Ветеринарная станция Алматинской области""","ГУ ""Управление ветеринарии Алматинской области""","Договор №6 от 03.02.2026г 15.12.2025, MXC1PAB80SK053749",Вет.отдел Карасайского района. с/о Әйтей,С. Турапов,,Jac T6 Luxury 2.0 Ti 4x4 Ақ 2025г.в.,416BC05,
184,Алматинская область,"ГКП на ПХВ ""Ветеринарная станция Алматинской области""","ГУ ""Управление ветеринарии Алматинской области""","Договор №6 от 03.02.2026г 15.12.2025, MXC1PAB80SK053681",Вет.отдел Карасайского района. с/о Жамбыл,Т. Шунканов,,Jac T6 Luxury 2.0 Ti 4x4 Ақ 2025г.в.,023BC05,
185,Алматинская область,"ГКП на ПХВ ""Ветеринарная станция Алматинской области""","ГУ ""Управление ветеринарии Алматинской области""","Договор №6 от 03.02.2026г 15.12.2025, MXC1PAB80SK053770",Вет.отдел Карасайского района. с/о Жібек-жолы,О. Жакупов,,Jac T6 Luxury 2.0 Ti 4x4 Ақ 2025г.в.,217BC05,
186,Алматинская область,"ГКП на ПХВ ""Ветеринарная станция Алматинской области""","ГУ ""Управление ветеринарии Алматинской области""","Договор №6 от 03.02.2026г 17.12.2025, MXC1PAB80SK053786",Вет.отдел Карасайского района. с/о Шамалған,Қ. Исабаев,,Jac T6 Luxury 2.0 Ti 4x4 Ақ 2025г.в.,271BC05,
187,Алматинская область,"ГКП на ПХВ ""Ветеринарная станция Алматинской области""","ГКП на ПХВ ""Ветеринарная станция Алматинской области""",Техпаспорт дата и номер,Вет.отдел Талгарского района.,Руководитель Б.Атейбеков,,JAC 2023г.в.,703BF05,
188,Алматинская область,"ГКП на ПХВ ""Ветеринарная станция Алматинской области""","ГКП на ПХВ ""Ветеринарная станция Алматинской области""",Техпаспорт дата и номер,Вет.отдел Талгарского района.,Эпизоотолог Арыс.Е,,Lada 21214 2013г.в.,763BF05,
189,Алматинская область,"ГКП на ПХВ ""Ветеринарная станция Алматинской области""","ГКП на ПХВ ""Ветеринарная станция Алматинской области""",Техпаспорт дата и номер,Вет.отдел Талгарского района.,Дезинфектор Керейкулов Б,,УАЗ 390945(ДУК) 2013г.в.,773BF05,
190,Алматинская область,"ГКП на ПХВ ""Ветеринарная станция Алматинской области""","ГКП на ПХВ ""Ветеринарная станция Алматинской области""",Техпаспорт дата и номер,Вет.отдел Талгарского района. Отлов,,,Lada 21214 2011г.в.,779BF05,на списание
191,Алматинская область,"ГКП на ПХВ ""Ветеринарная станция Алматинской области""","ГКП на ПХВ ""Ветеринарная станция Алматинской области""",Техпаспорт дата и номер,Вет.отдел Талгарского района. с/о Алатау,,,Lada 21214 2013г.в.,768BF05,
192,Алматинская область,"ГКП на ПХВ ""Ветеринарная станция Алматинской области""","ГКП на ПХВ ""Ветеринарная станция Алматинской области""",Техпаспорт дата и номер,Вет.отдел Талгарского района. с/о Белбұлақ,Заведующий Татиев А,,Lada 21214 2014г.в.,622BF05,
193,Алматинская область,"ГКП на ПХВ ""Ветеринарная станция Алматинской области""","ГКП на ПХВ ""Ветеринарная станция Алматинской области""",Техпаспорт дата и номер,Вет.отдел Талгарского района. с/о Бесағаш,,,Lada 21214 2013г.в.,771BF05,на списание
194,Алматинская область,"ГКП на ПХВ ""Ветеринарная станция Алматинской области""","ГКП на ПХВ ""Ветеринарная станция Алматинской области""",Техпаспорт дата и номер,Вет.отдел Талгарского района. с/о Бесқайнар,,,Lada 21214 2013г.в.,604BF05,на списание
195,Алматинская область,"ГКП на ПХВ ""Ветеринарная станция Алматинской области""","ГКП на ПХВ ""Ветеринарная станция Алматинской области""",Техпаспорт дата и номер,Вет.отдел Талгарского района. с/о Гүлдала,Заведующий Сарсенбаев Ж,,Lada 21214 2013г.в.,793BF05,
196,Алматинская область,"ГКП на ПХВ ""Ветеринарная станция Алматинской области""","ГКП на ПХВ ""Ветеринарная станция Алматинской области""",Техпаспорт дата и номер,Вет.отдел Талгарского района. с/о Кеңдала,Заведующий Сарсеков С,,Lada 21214 2011г.в.,648BF05,
197,Алматинская область,"ГКП на ПХВ ""Ветеринарная станция Алматинской области""","ГКП на ПХВ ""Ветеринарная станция Алматинской области""",Техпаспорт дата и номер,Вет.отдел Талгарского района. с/о Қайнар,Заведующий Байшоинов Қ,,Lada 21214 2013г.в.,631BF05,
198,Алматинская область,"ГКП на ПХВ ""Ветеринарная станция Алматинской области""","ГКП на ПХВ ""Ветеринарная станция Алматинской области""",Техпаспорт дата и номер,Вет.отдел Талгарского района. с/о Нұра,,,Lada 21214 2013г.в.,795BF05,
199,Алматинская область,"ГКП на ПХВ ""Ветеринарная станция Алматинской области""","ГКП на ПХВ ""Ветеринарная станция Алматинской области""",Техпаспорт дата и номер,Вет.отдел Талгарского района. с/о Нұра,Заведующий Баймырзаев Н,,LADA 21215 2025г.в.,250BF05,
200,Алматинская область,"ГКП на ПХВ ""Ветеринарная станция Алматинской области""","ГКП на ПХВ ""Ветеринарная станция Алматинской области""",Техпаспорт дата и номер,Вет.отдел Талгарского района. с/о Панфилов,,,Lada 21214 2013г.в.,633BF05,
201,Алматинская область,"ГКП на ПХВ ""Ветеринарная станция Алматинской области""","ГКП на ПХВ ""Ветеринарная станция Алматинской области""",Техпаспорт дата и номер,Вет.отдел Талгарского района. с/о Тұздыбастау,Заведующий Акимқан М,,SSANG YONG 2013г.в.,618BF05,
202,Алматинская область,"ГКП на ПХВ ""Ветеринарная станция Алматинской области""","ГКП на ПХВ ""Ветеринарная станция Алматинской области""",Техпаспорт дата и номер,Вет.отдел Талгарского района. с/о Талғар,,,Lada 21214 2013г.в.,632BF05,
203,Алматинская область,"ГКП на ПХВ ""Ветеринарная станция Алматинской области""","ГУ ""Управление ветеринарии Алматинской области""",Договор №6 от 03.02.2026г,Вет.отдел Талгарского района. с/о Алатау,Заведующий Косаев Д,,Jac T6 Luxury 2.0 Ti 4x4 Ақ 2025г.в.,310BC05,
204,Алматинская область,"ГКП на ПХВ ""Ветеринарная станция Алматинской области""","ГУ ""Управление ветеринарии Алматинской области""",Договор №6 от 03.02.2026г,Вет.отдел Талгарского района. с/о Белбұлақ,Заведующий Рысмендиев Ж,,Jac T6 Luxury 2.0 Ti 4x4 Ақ 2025г.в.,221BC05,
205,Алматинская область,"ГКП на ПХВ ""Ветеринарная станция Алматинской области""","ГУ ""Управление ветеринарии Алматинской области""",Договор №6 от 03.02.2026г,Вет.отдел Талгарского района. с/о Бесағаш,Заведующий Сыдықбеков Ж,,Jac T6 Luxury 2.0 Ti 4x4 Ақ 2025г.в.,441BC05,
206,Алматинская область,"ГКП на ПХВ ""Ветеринарная станция Алматинской области""","ГУ ""Управление ветеринарии Алматинской области""",Договор №6 от 03.02.2026г,Вет.отдел Талгарского района. с/о Қайнар,Заведующий Иманғазиев М,,Jac T6 Luxury 2.0 Ti 4x4 Ақ 2025г.в.,297BC05,
207,Алматинская область,"ГКП на ПХВ ""Ветеринарная станция Алматинской области""","ГУ ""Управление ветеринарии Алматинской области""",Договор №6 от 03.02.2026г,Вет.отдел Талгарского района. с/о Панфилов,Заведующий Исабеков С,,Jac T6 Luxury 2.0 Ti 4x4 Ақ 2025г.в.,393BC05,
208,Алматинская область,"ГКП на ПХВ ""Ветеринарная станция Алматинской области""","ГКП на ПХВ ""Ветеринарная станция Алматинской области""",Техпаспорт дата и номер,Вет.отдел Талгарского района,Санитар Хасенов Ғ,,Газ 231073 Ақ 2025г.в.,155BH05,
209,Алматинская область,"ГКП на ПХВ ""Ветеринарная станция Алматинской области""","ГКП на ПХВ ""Ветеринарная станция Алматинской области""",BC99999869,Вет.отдел Кегенского района,Директор Қ.Токенов,,Hyundai Tucson 2024г.в.,748BC05,
210,Алматинская область,"ГКП на ПХВ ""Ветеринарная станция Алматинской области""","ГКП на ПХВ ""Ветеринарная станция Алматинской области""",Техпаспорт,Вет.отдел Кегенского района,,,KIA Mohave 2012г.в.,202BF05,на списание
211,Алматинская область,"ГКП на ПХВ ""Ветеринарная станция Алматинской области""","ГКП на ПХВ ""Ветеринарная станция Алматинской области""",BC99999821,Вет.отдел Кегенского района,М.Ерсариев,,Ssang Young 2013г.в.,184BF05,
212,Алматинская область,"ГКП на ПХВ ""Ветеринарная станция Алматинской области""","ГКП на ПХВ ""Ветеринарная станция Алматинской области""",Техпаспорт дата и номер,Вет.отдел Кегенского района,,,FOTON 2013г.в.,556AS05,на списание
213,Алматинская область,"ГКП на ПХВ ""Ветеринарная станция Алматинской области""","ГКП на ПХВ ""Ветеринарная станция Алматинской области""",BC99999643,Вет.отдел Кегенского района,Д.Бегимбетов,,УАЗ-390945(Hunter) 2013г.в.,627BF05,
214,Алматинская область,"ГКП на ПХВ ""Ветеринарная станция Алматинской области""","ГКП на ПХВ ""Ветеринарная станция Алматинской области""",BC99999825,Вет.отдел Кегенского района. с/о Бөлексаз,Ж.Муканов,,LADA-21214 2013г.в.,215BF05,
215,Алматинская область,"ГКП на ПХВ ""Ветеринарная станция Алматинской области""","ГКП на ПХВ ""Ветеринарная станция Алматинской области""",BC99999819,Вет.отдел Кегенского района. с/о Жалағаш,,,LADA-21214 2013г.в.,178BF05,на списание
216,Алматинская область,"ГКП на ПХВ ""Ветеринарная станция Алматинской области""","ГКП на ПХВ ""Ветеринарная станция Алматинской области""",Техпаспорт дата и номер,Вет.отдел Кегенского района. с/о Жалағаш,,,LADA-21214 2013г.в.,196BF05,на списание
217,Алматинская область,"ГКП на ПХВ ""Ветеринарная станция Алматинской области""","ГКП на ПХВ ""Ветеринарная станция Алматинской области""",Техпаспорт дата и номер,Вет.отдел Кегенского района. с/о Жылысай,,,LADA-21214 2013г.в.,624BF05,на списание
218,Алматинская область,"ГКП на ПХВ ""Ветеринарная станция Алматинской области""","ГКП на ПХВ ""Ветеринарная станция Алматинской области""",BC99999641,Вет.отдел Кегенского района. с/о Қарабұлақ,Қ.Иманалиев,,LADA-21214 2013г.в.,617BF05,
219,Алматинская область,"ГКП на ПХВ ""Ветеринарная станция Алматинской области""","ГКП на ПХВ ""Ветеринарная станция Алматинской области""",BC99999154,Вет.отдел Кегенского района. с/о Қарабұлақ,Б.Байбатуров,,LADA-21214 2025г.в.,992BF05,
220,Алматинская область,"ГКП на ПХВ ""Ветеринарная станция Алматинской области""","ГКП на ПХВ ""Ветеринарная станция Алматинской области""",BC99999823,Вет.отдел Кегенского района. с/о Қарқара,Қ.Баккожаев,,LADA-21214 2013г.в.,169BF05,
221,Алматинская область,"ГКП на ПХВ ""Ветеринарная станция Алматинской области""","ГКП на ПХВ ""Ветеринарная станция Алматинской области""",Техпаспорт дата и номер,Вет.отдел Кегенского района. с/о Кеген,,,LADA-21214 2013г.в.,180BF05,на списание
222,Алматинская область,"ГКП на ПХВ ""Ветеринарная станция Алматинской области""","ГКП на ПХВ ""Ветеринарная станция Алматинской области""",BC99999642,Вет.отдел Кегенского района. с/о Кеген,М.Ерсариев,,УАЗ-3151(Дук) 2013г.в.,650BF05,
223,Алматинская область,"ГКП на ПХВ ""Ветеринарная станция Алматинской области""","ГКП на ПХВ ""Ветеринарная станция Алматинской области""",BC99999639,Вет.отдел Кегенского района. с/о Саты,Д.Бегимбетов,,LADA-21214 2013г.в.,628BF05,
224,Алматинская область,"ГКП на ПХВ ""Ветеринарная станция Алматинской области""","ГКП на ПХВ ""Ветеринарная станция Алматинской области""",Техпаспорт дата и номер,Вет.отдел Кегенского района. с/о Ұзынбұлақ,,,LADA-21214 2013г.в.,213BF05,на списание
225,Алматинская область,"ГКП на ПХВ ""Ветеринарная станция Алматинской области""","ГКП на ПХВ ""Ветеринарная станция Алматинской области""",Техпаспорт дата и номер,Вет.отдел Кегенского района. с/о Шырғанақ,,,LADA-21214 2013г.в.,195BF05,на списание
226,Алматинская область,"ГКП на ПХВ ""Ветеринарная станция Алматинской области""","ГУ ""Управление ветеринарии Алматинской области""","Договор №6 от 03.02.2026г,BC99998588",Вет.отдел Кегенского района. с/о Алғабас,Д.Сыдыбаев,,Jac T6 Luxury 2.0 Ti 4x4 Ақ 2025г.в.,247BC05,
227,Алматинская область,"ГКП на ПХВ ""Ветеринарная станция Алматинской области""","ГУ ""Управление ветеринарии Алматинской области""","Договор №6 от 03.02.2026г,BC99998594",Вет.отдел Кегенского района. с/о Жалағаш,Б.Масенов,,Jac T6 Luxury 2.0 Ti 4x4 Ақ 2025г.в.,382BC05,
228,Алматинская область,"ГКП на ПХВ ""Ветеринарная станция Алматинской области""","ГУ ""Управление ветеринарии Алматинской области""","Договор №6 от 03.02.2026г, BC99998589",Вет.отдел Кегенского района. с/о Жылысай,Д.Масенов,,Jac T6 Luxury 2.0 Ti 4x4 Ақ 2025г.в.,137BC05,
229,Алматинская область,"ГКП на ПХВ ""Ветеринарная станция Алматинской области""","ГУ ""Управление ветеринарии Алматинской области""","Договор №6 от 03.02.2026г,BC99998619",Вет.отдел Кегенского района. с/о Қарқара,М.Ерсариев,,Газ 231073 Ақ 2025г.в.,094BH05,
230,Алматинская область,"ГКП на ПХВ ""Ветеринарная станция Алматинской области""","ГУ ""Управление ветеринарии Алматинской области""","Договор №6 от 03.02.2026г,BC99998585",Вет.отдел Кегенского района. с/о Тасашы,Қ.Миятбек,,Jac T6 Luxury 2.0 Ti 4x4 Ақ 2025г.в.,273BC05,
231,Алматинская область,"ГКП на ПХВ ""Ветеринарная станция Алматинской области""","ГУ ""Управление ветеринарии Алматинской области""","Договор №6 от 03.02.2026г, BC99998556",Вет.отдел Кегенского района. с/о Ұзынбұлақ,Е.Арипбаев,,Jac T6 Luxury 2.0 Ti 4x4 Ақ 2025г.в.,397BC05,
232,Алматинская область,"ГКП на ПХВ ""Ветеринарная станция Алматинской области""","ГУ ""Управление ветеринарии Алматинской области""","Договор №6 от 03.02.2026г, BC99998609",Вет.отдел Кегенского района. с/о Шырғанақ,К.Ердесбаев,,Jac T6 Luxury 2.0 Ti 4x4 Ақ 2025г.в.,471BC05,
233,Алматинская область,"ГКП на ПХВ ""Ветеринарная станция Алматинской области""","ГКП на ПХВ ""Ветеринарная станция Алматинской области""",15.05.2024  VL07528133,Вет.отдел Райымбекского района.,Берікбай Айбек бөлім басшысы,,Chevrolet Trecker 2018г.в.,393BF05,на списание
234,Алматинская область,"ГКП на ПХВ ""Ветеринарная станция Алматинской области""","ГКП на ПХВ ""Ветеринарная станция Алматинской области""",Техпаспорт дата и номер,Вет.отдел Райымбекского района.,,,Lada 21214 2014г.в.,376BF05,на списание
235,Алматинская область,"ГКП на ПХВ ""Ветеринарная станция Алматинской области""","ГКП на ПХВ ""Ветеринарная станция Алматинской области""",16.05.2024  VL07528157,Вет.отдел Райымбекского района.,Әділжан Ислам вет санитар,,УАЗ(ДУК) 2018г.в.,391BF05,
236,Алматинская область,"ГКП на ПХВ ""Ветеринарная станция Алматинской области""","ГКП на ПХВ ""Ветеринарная станция Алматинской области""",Техпаспорт дата и номер,Вет.отдел Райымбекского района.,,,Uaz Pickup 2018г.в.,397BF05,на списание
237,Алматинская область,"ГКП на ПХВ ""Ветеринарная станция Алматинской области""","ГКП на ПХВ ""Ветеринарная станция Алматинской области""",Техпаспорт дата и номер,Вет.отдел Райымбекского района.,,,Уаз  Хантер 2016г.в.,379BF05,на списание
238,Алматинская область,"ГКП на ПХВ ""Ветеринарная станция Алматинской области""","ГКП на ПХВ ""Ветеринарная станция Алматинской области""",12.12.2024 и VL08777861,Вет.отдел Райымбекского района.,Айтбаев Айбек вет дәрігер,,УАЗ(ДУК) 2013г.в.,972BF05,
239,Алматинская область,"ГКП на ПХВ ""Ветеринарная станция Алматинской области""","ГКП на ПХВ ""Ветеринарная станция Алматинской области""",Техпаспорт дата и номер,Вет.отдел Райымбекского района. с/о Жамбыл,,,Lada 21214 2013г.в.,388BF05,на списание
240,Алматинская область,"ГКП на ПХВ ""Ветеринарная станция Алматинской области""","ГКП на ПХВ ""Ветеринарная станция Алматинской области""",15.05.2024  VL07528122,Вет.отдел Райымбекского района. с/о Қайнар,Дүйсенұлы Абай вет дәрігер,,Lada 21214 2013г.в.,406BF05,
241,Алматинская область,"ГКП на ПХВ ""Ветеринарная станция Алматинской области""","ГКП на ПХВ ""Ветеринарная станция Алматинской области""",16.05.2024 VL07528170,Вет.отдел Райымбекского района. с/о Қақпақ,Кемелжан Бектен вет дәрігер,,Lada 21214 2013г.в.,366BF05,
242,Алматинская область,"ГКП на ПХВ ""Ветеринарная станция Алматинской области""","ГКП на ПХВ ""Ветеринарная станция Алматинской области""",16.05.2024 VL07528161,Вет.отдел Райымбекского района. с/о Қарасаз,Тәліп Санжар вет дәрігер,,Lada 21214 2013г.в.,361BF05,
243,Алматинская область,"ГКП на ПХВ ""Ветеринарная станция Алматинской области""","ГКП на ПХВ ""Ветеринарная станция Алматинской области""",Техпаспорт дата и номер,Вет.отдел Райымбекского района. с/о Нарынқол,,,Lada 21214 2012г.в.,794BF05,на списание
244,Алматинская область,"ГКП на ПХВ ""Ветеринарная станция Алматинской области""","ГКП на ПХВ ""Ветеринарная станция Алматинской области""",Техпаспорт дата и номер,Вет.отдел Райымбекского района. с/о Сарыжаз,,,Lada 21214 2013г.в.,375BF05,на списание
245,Алматинская область,"ГКП на ПХВ ""Ветеринарная станция Алматинской области""","ГКП на ПХВ ""Ветеринарная станция Алматинской области""",Техпаспорт дата и номер,Вет.отдел Райымбекского района. с/о Сүмбе,,,Lada 21214 2013г.в.,381BF05,на списание
246,Алматинская область,"ГКП на ПХВ ""Ветеринарная станция Алматинской области""","ГКП на ПХВ ""Ветеринарная станция Алматинской области""",Техпаспорт дата и номер,Вет.отдел Райымбекского района. с/о Тегістік,,,Lada 21214 2013г.в.,386BF05,на списание
247,Алматинская область,"ГКП на ПХВ ""Ветеринарная станция Алматинской области""","ГКП на ПХВ ""Ветеринарная станция Алматинской области""",16.05.2024  VL07528153,Вет.отдел Райымбекского района. с/о Текес,Бөбекбаев Талғат вет санитар,,Lada 21214 2013г.в.,407BF05,
248,Алматинская область,"ГКП на ПХВ ""Ветеринарная станция Алматинской области""","ГКП на ПХВ ""Ветеринарная станция Алматинской области""",Техпаспорт дата и номер,Вет.отдел Райымбекского района. с/о Ұзақ батыр,,,Lada 21214 2013г.в.,357BF05,на списание
249,Алматинская область,"ГКП на ПХВ ""Ветеринарная станция Алматинской области""","ГКП на ПХВ ""Ветеринарная станция Алматинской области""",Техпаспорт дата и номер,Вет.отдел Райымбекского района. с/о Ұзақ батыр,,,Lada 21214 2013г.в.,792BF05,на списание
250,Алматинская область,"ГКП на ПХВ ""Ветеринарная станция Алматинской области""","ГКП на ПХВ ""Ветеринарная станция Алматинской области""",16.05.2024  VL07528155,Вет.отдел Райымбекского района. с/о Шәлкөде,Оразақынов Еркебұлан вет дәрігер,,Lada 21214 2013г.в.,405BF05,
251,Алматинская область,"ГКП на ПХВ ""Ветеринарная станция Алматинской области""","ГКП на ПХВ ""Ветеринарная станция Алматинской области""",04.07.2025  VL10488538,Вет.отдел Райымбекского района. с/о Шәлкөде,Оразақынов Еркебұлан вет дәрігер,,LADA 21215 2025г.в.,024BF05,
252,Алматинская область,"ГКП на ПХВ ""Ветеринарная станция Алматинской области""","ГУ ""Управление ветеринарии Алматинской области""","Договор №6 от 03.02.2026г,17.12.2024  VL11287249",Вет.отдел Райымбекского района.,Берікбай Айбек бөлім басшысы,,Jac T6 Luxury 2.0 Ti 4x4 Ақ 2025г.в.,366BC05,
253,Алматинская область,"ГКП на ПХВ ""Ветеринарная станция Алматинской области""","ГУ ""Управление ветеринарии Алматинской области""","Договор №6 от 03.02.2026г,18.12.2025  VL11287416",Вет.отдел Райымбекского района. Отлов,Айтбаев Айбек вет дәрігер,,Газ 231073 Ақ 2025г.в.,145BH05,
254,Алматинская область,"ГКП на ПХВ ""Ветеринарная станция Алматинской области""","ГУ ""Управление ветеринарии Алматинской области""","Договор №6 от 03.02.2026г,15.12.2025  VL11287149",Вет.отдел Райымбекского района. с/о Нарынқол,Берік Арлен вет дәрігер,,Jac T6 Luxury 2.0 Ti 4x4 Ақ 2025г.в.,283BC05,
255,Алматинская область,"ГКП на ПХВ ""Ветеринарная станция Алматинской области""","ГУ ""Управление ветеринарии Алматинской области""","Договор №6 от 03.02.2026г,15.12.2025  VL11287078",Вет.отдел Райымбекского района. с/о Жамбыл,Жұмабаев Ұлан вет дәрігер,,Jac T6 Luxury 2.0 Ti 4x4 Ақ 2025г.в.,342BC05,
256,Алматинская область,"ГКП на ПХВ ""Ветеринарная станция Алматинской области""","ГУ ""Управление ветеринарии Алматинской области""","Договор №6 от 03.02.2026г,15.12.2025  VL11287129",Вет.отдел Райымбекского района. с/о Ұзақ батыр,Құныпияев Сенім вет дәрігер,,Jac T6 Luxury 2.0 Ti 4x4 Ақ 2025г.в.,358BC05,
257,Алматинская область,"ГКП на ПХВ ""Ветеринарная станция Алматинской области""","ГУ ""Управление ветеринарии Алматинской области""","Договор №6 от 03.02.2026г,15.12.2025  VL11287100",Вет.отдел Райымбекского района. с/о Сарыжаз,Совед Бағдат вет дәрігер,,Jac T6 Luxury 2.0 Ti 4x4 Ақ 2025г.в.,259BC05,
258,Алматинская область,"ГКП на ПХВ ""Ветеринарная станция Алматинской области""","ГУ ""Управление ветеринарии Алматинской области""","Договор №6 от 03.02.2026г,15.12.2025  VL11287085",Вет.отдел Райымбекского района. с/о Сүмбе,Карбозов Бектұрсын вет дәрігер,,Jac T6 Luxury 2.0 Ti 4x4 Ақ,136BC05,
259,Алматинская область,"ГКП на ПХВ ""Ветеринарная станция Алматинской области""","ГКП на ПХВ ""Ветеринарная станция Алматинской области""",09.07.2024    ВС99999509,Вет.отдел Уйгурского района.,"Нач. отд.
Досымбеков Е",,JAC 2023г.в.,686BF05,
260,Алматинская область,"ГКП на ПХВ ""Ветеринарная станция Алматинской области""","ГКП на ПХВ ""Ветеринарная станция Алматинской области""",15.04.2024   ВС99999769,Вет.отдел Уйгурского района.,эпизоот врач Намангенов А,,SSANG YONG 2013г.в.,174BF05,
261,Алматинская область,"ГКП на ПХВ ""Ветеринарная станция Алматинской области""","ГКП на ПХВ ""Ветеринарная станция Алматинской области""",Техпаспорт дата и номер,Вет.отдел Уйгурского района.,,,Lada 21214 2007г.в.,209BF05,на списание
262,Алматинская область,"ГКП на ПХВ ""Ветеринарная станция Алматинской области""","ГКП на ПХВ ""Ветеринарная станция Алматинской области""",15.04.2024    ВС99999772,Вет.отдел Уйгурского района.,Әлібеков Е,,УАЗ 390945(ДУК) 2013г.в.,170BF05,
263,Алматинская область,"ГКП на ПХВ ""Ветеринарная станция Алматинской области""","ГКП на ПХВ ""Ветеринарная станция Алматинской области""",15.04.2024    ВС99999770,Вет.отдел Уйгурского района. с/о Шарын,ветфельдшер Нурдаулетов Е,,Lada 21214 2013г.в.,199BF05,
264,Алматинская область,"ГКП на ПХВ ""Ветеринарная станция Алматинской области""","ГКП на ПХВ ""Ветеринарная станция Алматинской области""",Техпаспорт дата и номер,Вет.отдел Уйгурского района. с/о Тасқарасу,,,Lada 21214 2013г.в.,183BF05,на списание
265,Алматинская область,"ГКП на ПХВ ""Ветеринарная станция Алматинской области""","ГКП на ПХВ ""Ветеринарная станция Алматинской области""",15.04.2024   ВС99999766,Вет.отдел Уйгурского района. с/о Бахар,ветфельдшер Дулатов Р,,Lada 21214 2014г.в.,176BF05,
266,Алматинская область,"ГКП на ПХВ ""Ветеринарная станция Алматинской области""","ГКП на ПХВ ""Ветеринарная станция Алматинской области""",13.05.2024   ВС99999695,Вет.отдел Уйгурского района. с/о Шонжы,зав вет пункта Тахтарбаев К,,Lada 21214 2013г.в.,380BF05,
267,Алматинская область,"ГКП на ПХВ ""Ветеринарная станция Алматинской области""","ГКП на ПХВ ""Ветеринарная станция Алматинской области""",Техпаспорт дата и номер,Вет.отдел Уйгурского района. с/о Шонжы,,,Lada 21214 2007г.в.,401BF05,на списание
268,Алматинская область,"ГКП на ПХВ ""Ветеринарная станция Алматинской области""","ГКП на ПХВ ""Ветеринарная станция Алматинской области""",15.05.2024    ВС99999680,Вет.отдел Уйгурского района. с/о Сүмбе,ветфельдшер Чалабаев М,,Lada 21214 2014г.в.,369BF05,
269,Алматинская область,"ГКП на ПХВ ""Ветеринарная станция Алматинской области""","ГКП на ПХВ ""Ветеринарная станция Алматинской области""",13.05.2024   ВС99999697,Вет.отдел Уйгурского района. с/о Қырғызсай,зав вет пункта Азнабакиев К,,Lada 21214 2013г.в.,377BF05,
270,Алматинская область,"ГКП на ПХВ ""Ветеринарная станция Алматинской области""","ГКП на ПХВ ""Ветеринарная станция Алматинской области""",13.05.2024   ВС99999698,Вет.отдел Уйгурского района. с/о Улкен Ақсу,ветфельдшер Арзыкулов К,,Lada 21214 2013г.в.,399BF05,
271,Алматинская область,"ГКП на ПХВ ""Ветеринарная станция Алматинской области""","ГКП на ПХВ ""Ветеринарная станция Алматинской области""",04.07.2025   ВС99999156,Вет.отдел Уйгурского района. с/о Улкен Ақсу,зав вет пункта Турсунов Ш,,LADA 21215 2025г.в.,994BH05,
272,Алматинская область,"ГКП на ПХВ ""Ветеринарная станция Алматинской области""","ГКП на ПХВ ""Ветеринарная станция Алматинской области""",Техпаспорт дата и номер,Вет.отдел Уйгурского района. с/о Кіші Ақсу,,,Lada 21214 2007г.в.,403BF05,на списание
273,Алматинская область,"ГКП на ПХВ ""Ветеринарная станция Алматинской области""","ГКП на ПХВ ""Ветеринарная станция Алматинской области""",13.05.2024   ВС99999699,Вет.отдел Уйгурского района. с/о Ават,зав вет пункта Усенов А,,Lada 21214 2013г.в.,374BF05,
274,Алматинская область,"ГКП на ПХВ ""Ветеринарная станция Алматинской области""","ГКП на ПХВ ""Ветеринарная станция Алматинской области""",13.05.2024   ВС99999694,Вет.отдел Уйгурского района. с/о Тиірмен,Есенбаев А,,Lada 21214 2013г.в.,371BF05,
275,Алматинская область,"ГКП на ПХВ ""Ветеринарная станция Алматинской области""","ГКП на ПХВ ""Ветеринарная станция Алматинской области""",13.05.2024    ВС99999698,Вет.отдел Уйгурского района. с/о Ақтам,зав вет пункта Маратов Н,,Lada 21214 2013г.в.,384BF05,
276,Алматинская область,"ГКП на ПХВ ""Ветеринарная станция Алматинской области""","ГКП на ПХВ ""Ветеринарная станция Алматинской области""",13.05.2024    ВС99999686,Вет.отдел Уйгурского района. с/о Дардамты,зав вет пункта Жумадилов Е,,Lada 21214 2013г.в.,378BF05,
277,Алматинская область,"ГКП на ПХВ ""Ветеринарная станция Алматинской области""","ГКП на ПХВ ""Ветеринарная станция Алматинской области""",Техпаспорт дата и номер,Вет.отдел Уйгурского района. с/о Cұңқар,,,Lada 21214 2007г.в.,392BF05,на списание
278,Алматинская область,"ГКП на ПХВ ""Ветеринарная станция Алматинской области""","ГКП на ПХВ ""Ветеринарная станция Алматинской области""",Техпаспорт дата и номер,Вет.отдел Уйгурского района. с/о Кетпен,,,Lada 21214 2014г.в.,372BF05,на списание
279,Алматинская область,"ГКП на ПХВ ""Ветеринарная станция Алматинской области""","ГКП на ПХВ ""Ветеринарная станция Алматинской области""",15.04.2024    ВС99999768,Вет.отдел Уйгурского района. с/о Кіші Дихан,зав вет пункта Махпиров Е,,Lada 21214 2013г.в.,166BF05,
280,Алматинская область,"ГКП на ПХВ ""Ветеринарная станция Алматинской области""","ГКП на ПХВ ""Ветеринарная станция Алматинской области""",Техпаспорт дата и номер,Вет.отдел Уйгурского района. с/о Үлкен Дихан,,,Lada 21214 2007г.в.,211BF05,на списание
281,Алматинская область,"ГКП на ПХВ ""Ветеринарная станция Алматинской области""","ГКП на ПХВ ""Ветеринарная станция Алматинской области""",13.05.2024    ВС99999682,Вет.отдел Уйгурского района. с/о Қалжат,ветфельдшер Валиев Р,,Lada 21214 2013г.в.,368BF05,
282,Алматинская область,"ГКП на ПХВ ""Ветеринарная станция Алматинской области""","ГУ ""Управление ветеринарии Алматинской области""","Договор №6 от 03.02.2026г,18.12.2025   ВС99998549",Вет.отдел Уйгурского района.,Әлібеков Е,,Газ 231073 Ақ 2025г.в.,303BH05,
283,Алматинская область,"ГКП на ПХВ ""Ветеринарная станция Алматинской области""","ГУ ""Управление ветеринарии Алматинской области""","Договор №6 от 03.02.2026г,17.12.2025   ВС99998570",Вет.отдел Уйгурского района. с/о Шарын,ветфельдшер Камунаров Д,,Jac T6 Luxury 2.0 Ti 4x4 Ақ 2025г.в.,449BC05,
284,Алматинская область,"ГКП на ПХВ ""Ветеринарная станция Алматинской области""","ГУ ""Управление ветеринарии Алматинской области""","Договор №6 от 03.02.2026г,17.12.2025   ВС99998561",Вет.отдел Уйгурского района. с/о Тасқарасу,зав вет пункта Султанкулов О,,Jac T6 Luxury 2.0 Ti 4x4 Ақ 2025г.в.,438BC05,
285,Алматинская область,"ГКП на ПХВ ""Ветеринарная станция Алматинской области""","ГУ ""Управление ветеринарии Алматинской области""","Договор №6 от 03.02.2026г,17.12.2025  ВС99998563",Вет.отдел Уйгурского района. с/о Сумбе,зав вет пункта Жақсыбек А,,Jac T6 Luxury 2.0 Ti 4x4 Ақ 2025г.в.,164BC05,
286,Алматинская область,"ГКП на ПХВ ""Ветеринарная станция Алматинской области""","ГУ ""Управление ветеринарии Алматинской области""","Договор №6 от 03.02.2026г,17.12.2025  ВС99998581",Вет.отдел Уйгурского района. с/о Диірмен,зав вет пункта Кибиров Н,,Jac T6 Luxury 2.0 Ti 4x4 Ақ 2025г.в.,085BC05,
287,Алматинская область,"ГКП на ПХВ ""Ветеринарная станция Алматинской области""","ГУ ""Управление ветеринарии Алматинской области""","Договор №6 от 03.02.2026г,17.12.2025  ВС99998597",Вет.отдел Уйгурского района. с/о Кетпен,ветфельдшер Кожагулов Б,,Jac T6 Luxury 2.0 Ti 4x4 Ақ 2025г.в.,856BC05,
288,Алматинская область,"ГКП на ПХВ ""Ветеринарная станция Алматинской области""","ГУ ""Управление ветеринарии Алматинской области""","Договор №6 от 03.02.2026г,17.12.2025  ВС99998623",Вет.отдел Уйгурского района. с/о Қалжат,зав вет пункта Таиров Р,,Jac T6 Luxury 2.0 Ti 4x4 Ақ 2025г.в.,469BC05,
289,Алматинская область,"ГКП на ПХВ ""Ветеринарная станция Алматинской области""","ГКП на ПХВ ""Ветеринарная станция Алматинской области""","MX1X6AGBXRK752622, 11.07.2024",Вет.отдел г.Конаев,руководитель Сарсенғали Д.С,,JAC 2023г.в.,689BF05,
290,Алматинская область,"ГКП на ПХВ ""Ветеринарная станция Алматинской области""","ГКП на ПХВ ""Ветеринарная станция Алматинской области""",Техпаспорт дата и номер,Вет.отдел г.Конаев,списание,,Lada 21214 2013г.в.,364AR05,списание
291,Алматинская область,"ГКП на ПХВ ""Ветеринарная станция Алматинской области""","ГКП на ПХВ ""Ветеринарная станция Алматинской области""","XTA212140D2136754, 18.04.2024",Вет.отдел г.Конаев с/о Шенгелды,Вет.врач Аязбаев М.Е,,Lada 21214 2013г.в.,644AB05,
292,Алматинская область,"ГКП на ПХВ ""Ветеринарная станция Алматинской области""","ГКП на ПХВ ""Ветеринарная станция Алматинской области""",Техпаспорт дата и номер,Вет.отдел г.Конаев с/о Шенгелды,списание,,Lada 21214 2013г.в.,908AT05,на списание
293,Алматинская область,"ГКП на ПХВ ""Ветеринарная станция Алматинской области""","ГКП на ПХВ ""Ветеринарная станция Алматинской области""","MXT231073R0000285, 12/08/2025",Вет.отдел г.Конаев с/о Шенгелды,Вет.санитар Күмісбеков І.Т,,Соболь 2025г.в.,992BG05,
294,Алматинская область,"ГКП на ПХВ ""Ветеринарная станция Алматинской области""","ГКП на ПХВ ""Ветеринарная станция Алматинской области""","XTA212140S2578017, 08.07.2025",Вет.отдел г.Конаев с/о Шенгелды,Заведующий Серекбаев М.М,,Lada 21214 2025г.в.,275BI05,
295,Алматинская область,"ГКП на ПХВ ""Ветеринарная станция Алматинской области""","ГКП на ПХВ ""Ветеринарная станция Алматинской области""","KPACA1E6SDP177040, 18.04.2024",Вет.отдел г.Конаев Отлов,Вет.фельдшер Нұрмолда Ж.С,,SSANG YONG 2013г.в.,266AS05,
296,Алматинская область,"ГКП на ПХВ ""Ветеринарная станция Алматинской области""","ГКП на ПХВ ""Ветеринарная станция Алматинской области""",Техпаспорт дата и номер,Вет.отдел г.Конаев,списание,,Lada 21214 2013г.в.,758ВА05,на списание
297,Алматинская область,"ГКП на ПХВ ""Ветеринарная станция Алматинской области""","ГКП на ПХВ ""Ветеринарная станция Алматинской области""",Техпаспорт дата и номер,Вет.отдел г.Конаев,списание,,Газ(Валдай) 2014г.в.,853AN05,на списание
298,Алматинская область,"ГКП на ПХВ ""Ветеринарная станция Алматинской области""","ГУ ""Управление ветеринарии Алматинской области""","Договор №6 от 03.02.2026г,МХС1РАВ80SK053759, 17.12.2025",Вет.отдел г.Конаев,Вет.санитар Күмісбеков І.Т,,Jac T6 Luxury 2.0 Ti 4x4 Ақ 2025г.в.,053ВС05,
299,Алматинская область,"ГКП на ПХВ ""Ветеринарная станция Алматинской области""","ГКП на ПХВ ""Ветеринарная станция Алматинской области""",ВС99999505  09.07.2024ж,Вет.отдел г.Алатау,рук вет отдела Тайбагаров Т,,Mitsubishi L200 2023г.в.,715BF05,
300,Алматинская область,"ГКП на ПХВ ""Ветеринарная станция Алматинской области""","ГКП на ПХВ ""Ветеринарная станция Алматинской области""",Техпаспорт дата и номер,Вет.отдел г.Алатау,,,SSANG YONG 2013г.в.,609BF05,на списание
301,Алматинская область,"ГКП на ПХВ ""Ветеринарная станция Алматинской области""","ГКП на ПХВ ""Ветеринарная станция Алматинской области""",Техпаспорт дата и номер,Вет.отдел г.Алатау,,,Lada 21214 2013г.в.,745BС05,на списание
302,Алматинская область,"ГКП на ПХВ ""Ветеринарная станция Алматинской области""","ГКП на ПХВ ""Ветеринарная станция Алматинской области""",ВС99998852 14.10.2025ж,Вет.отдел г.Алатау,отлов Алдакенов Ф,,Газель 2025г.в.,648BН05,
303,Алматинская область,"ГКП на ПХВ ""Ветеринарная станция Алматинской области""","ГУ ""Управление ветеринарии Алматинской области""","Договор №6 от 03.02.2026г,ВС99998620 12.12.2025ж",Вет.отдел г.Алатау,зав вет пункта Нурымбетов Ж,,Jac T6 Luxury 2.0 Ti 4x4 Ақ 2025г.в.,823BG05,
Подведомственные организации в сфере Культуры,,,,,,,,,,
1,"Алматинская область, Талгарский район, с Туздыбастау",ГККП Алатау әуендері,Баланс ГККП Алатау әуендері,тех.паспорт №BW00009583,ГККП Алатау әуендері,Мәкежан. Б,№-14/1-н/қ от 06.02.2026,Kia Rio 2021 г.в,512ST05,
2,"Алматинская область, Талгарский район, с Туздыбастау",ГККП Алатау әуендері,Баланс ГККП Алатау әуендері,тех.паспорт №BW00004661,ГККП Алатау әуендері,Умбетов А.,№6-н/қ от 05.01.2026,Golden Dragon,676AY05,
3,"Алматинская область, Талгарский район, с Туздыбастау",ГККП Алатау әуендері,Баланс ГККП Алатау әуендері,тех.паспорт №AR99886685,ГККП Алатау әуендері,Умбетов А.,№6-н/қ от 05.01.2026,Foton Toano,076BF05,
4,"Алматинская обл., Карасайский р-н, с. Шамалган, ул. Жібек Жолы, зд. 59","КГУ ""Историко-культурный центр «Атамекен» Первого Президента Республики Казахстан""","КГУ ""Историко-культурный центр «Атамекен» Первого Президента Республики Казахстан""",тех.паспорт №BW00005697,"КГУ ""Историко-культурный центр «Атамекен» Первого Президента Республики Казахстан""",Мотынов С.Г.,нет,LADA XR,AS43005,
5,"Алматинская область ,Карасайский район,село Алмалыбак, ул.Шегебаева 21А Умтылский сельский округ","КГУ ""Государственный архив Алматинской области ""","КГУ ""Государственный архив Алматинской области",технический паспорт ТС        JACS3-ВВ80150,"КГУ ""Государственный архив Алматинской области ""","Каиров С., Салимбаев Э",,JAC/S-3,720AW05,
6,"Алматинская область ,Карасайский район,село Алмалыбак, ул.Шегебаева 21А Умтылский сельский округ","КГУ ""Государственный архив Алматинской области ""","КГУ ""Государственный архив Алматинской области",Газель пассажирский-АР99993924,"КГУ ""Государственный архив Алматинской области ""","Каиров С., Салимбаев Э",,ГазЕЛь пассажирский,272AZ05,
7,"Алматинская область ,Карасайский район,село Алмалыбак, ул.Шегебаева 21А Умтылский сельский округ","КГУ ""Государственный архив Алматинской области ""","КГУ ""Государственный архив Алматинской области",Газель грузовая- АР00069797,"КГУ ""Государственный архив Алматинской области ""","Каиров С., Салимбаев Э",нет,ГазЕль грузовая,167AJ05,
8,"г. Алматы, ул. С. Татибекова, дом 27","КГУ ""Алматинская областная центральная универсальная библиотека""","КГУ ""Алматинская областная центральная универсальная библиотека""",тех.паспорт №BW00010781,"КГУ ""Алматинская областная центральная универсальная библиотека""",Бегалы Алмас Тінәліұлы,нет,CHEVROLET COBALT-2022,438ST05,
9,"г. Алматы, ул. С. Татибекова, дом 27","КГУ ""Алматинская областная центральная универсальная библиотека""","КГУ ""Алматинская областная центральная универсальная библиотека""",№AL99995949,"КГУ ""Алматинская областная центральная универсальная библиотека""",Бегалы Алмас Тінәліұлы,нет,CHANGAN ALSVIN-2024,314FB02,
10,"г. Алматы, ул. С. Татибекова, дом 27","КГУ ""Алматинская областная центральная универсальная библиотека""","КГУ ""Алматинская областная центральная универсальная библиотека""",№AR99998868,"КГУ ""Алматинская областная центральная универсальная библиотека""",Бегалы Алмас Тінәліұлы,нет,ГАЗ GAZELLE NEXT-2024 г.,270EX02,
11,"Алматинская область, Жамбылский район, село музей Жамбыл",ГККП Литературно мемориальный музей имени Ж.Жабаева,ГККП Литературно мемориальный музей имени Ж.Жабаева,тех.паспорт №BW00010712,ГККП Литературно мемориальный музей имени Ж.Жабаева,Сарсенбеков Магрупхан,приказ 147а-ж/к от 30.11.2023г,«Лада 21703/138-31» 2014г,034ST05,
12,"Алматинская область, г. Конаев, 1-й микрорайон, здание 28А",ГККП Объединение Музеев Алматинской Области,ГККП Объединение Музеев Алматинской Области,№BC99999655,ГККП Объединение Музеев Алматинской Области,1)директор-Мусабаев М.Б. 2.Сабиров 3. Муса  4.Узакбаев 5.Баттал А,нет,Шевроле Кобальт г.в.2022,362BF05,
13,"Алматинская область, г. Конаев, 1-й микрорайон, здание 28А",ГККП Объединение Музеев Алматинской Области,ГККП Объединение Музеев Алматинской Области,№AR99880229,ГККП Объединение Музеев Алматинской Области,1)директор-Мусабаев М.Б. 2.Сабиров 3. Муса  4.Узакбаев 5.Баттал А,нет,TOYOTA HIACE г.в.2004г,524BI05,
14,"Алматинская область, г. Конаев, 1-й микрорайон, здание 28А",ГККП Объединение Музеев Алматинской Области,ГККП Объединение Музеев Алматинской Области,№BW00008037,ГККП Объединение Музеев Алматинской Области,1)директор-Мусабаев М.Б. 2.Сабиров 3. Муса  4.Узакбаев 5.Баттал А,нет,Lada Granta FL г.в.2025г,228АК05,
15,"Алматинская область, г. Конаев, 1-й микрорайон, здание 28А",ГККП Объединение Музеев Алматинской Области,ГККП Объединение Музеев Алматинской Области,№BW00005594,ГККП Объединение Музеев Алматинской Области,1)директор-Мусабаев М.Б. 2.Сабиров 3. Муса  4.Узакбаев 5.Баттал А,нет,Lada Granta г.в.2018,415AS05,
16,"Алматинская область, г. Конаев, 1-й микрорайон, здание 28А",ГККП Объединение Музеев Алматинской Области,ГККП Объединение Музеев Алматинской Области,№BQ80002832,ГККП Объединение Музеев Алматинской Области,1)директор-Мусабаев М.Б. 2.Сабиров 3. Муса  4.Узакбаев 5.Баттал А,нет,Renault Logan  г.в.2015,536AN05,
17,"Алматинская область, г. Конаев, 1-й микрорайон, здание 28А",ГККП Объединение Музеев Алматинской Области,ГККП Объединение Музеев Алматинской Области,№BT03017482,ГККП Объединение Музеев Алматинской Области,1)директор-Мусабаев М.Б. 2.Сабиров 3. Муса  4.Узакбаев 5.Баттал А,нет,Mitsubishi Lancer г.в.2011,В672DA,
18,"Алматинская область, г. Конаев, 1-й микрорайон, здание 28А",ГККП Объединение Музеев Алматинской Области,ГККП Объединение Музеев Алматинской Области,№BT03017910,ГККП Объединение Музеев Алматинской Области,1)директор-Мусабаев М.Б. 2.Сабиров 3. Муса  4.Узакбаев 5.Баттал А,нет,Нива г.в.2006,688DA05,
19,"Алматинская область, г. Конаев, ул. Достык, дом 1",ГККП«Алматинский областной центр народного творчества»,ГККП«Алматинский областной центр народного творчества»,BW00009914,ГККП«Алматинский областной центр народного творчества»,1)Омирбеков Мадияр Надырханович 2)Калиев Алмас Багланович 3)Сагадиев Бекболат Бакытулы,нет,TOYOTA HIGHLANDER 2001г.в,345ST05,
20,"Алматинская область, г. Конаев, ул. Достык, дом 1",ГККП«Алматинский областной центр народного творчества»,ГККП«Алматинский областной центр народного творчества»,BW00001313,ГККП«Алматинский областной центр народного творчества»,1)Омирбеков Мадияр Надырханович 2)Калиев Алмас Багланович 3)Сагадиев Бекболат Бакытулы,нет,Mercedes Benz 814 1990г.в,859АО05,
21,"Алматинская область, г. Конаев, ул. Достык, дом 1",ГККП«Алматинский областной центр народного творчества»,ГККП«Алматинский областной центр народного творчества»,AR99999006,ГККП«Алматинский областной центр народного творчества»,1)Омирбеков Мадияр Надырханович 2)Калиев Алмас Багланович 3)Сагадиев Бекболат Бакытулы,нет,JAC JS6 2024г.в,088BF05,
22,"Алматинская область, г. Конаев, ул. Достык, дом 1",ГККП«Алматинский областной центр народного творчества»,ГККП«Алматинский областной центр народного творчества»,ВС80007512,ГККП«Алматинский областной центр народного творчества»,1)Омирбеков Мадияр Надырханович 2)Калиев Алмас Багланович 3)Сагадиев Бекболат Бакытулы,нет,ГАЗ А21R23 2023г.в,A21R23,
23,"Алматинская область, г. Конаев, ул. Достык, дом 1",ГККП«Алматинский областной центр народного творчества»,ГККП«Алматинский областной центр народного творчества»,AР99868798,ГККП«Алматинский областной центр народного творчества»,1)Омирбеков Мадияр Надырханович 2)Калиев Алмас Багланович 3)Сагадиев Бекболат Бакытулы,нет,JAC N90.2025 г.в,106BG05,
24,"Алматинская область, Енбекшиказахский район, с. Акши, проспект Даркембай Даңғылы, дом 1",ГККП Музей прикладного искусства им.Уста Даркембая,ГККП Музей прикладного искусства им.Уста Даркембая,постановление №414 от 06.09.2018 г.,ГККП Музей прикладного искусства им.Уста Даркембая,Абдикаимов Д.,приказ №10 от 05.01.2026г,УАЗ 220695 2014 г.в,350AY05,
25,"Алматинская область, Енбекшиказахский район, с. Акши, проспект Даркембай Даңғылы, дом 1",ГККП Музей прикладного искусства им.Уста Даркембая,ГККП Музей прикладного искусства им.Уста Даркембая,", Акт прием-передачи №48/ж от 03.06.2019",ГККП Музей прикладного искусства им.Уста Даркембая,Абдикаимов Д.,приказ №10 от 05.01.2026г,LADA GRANTA FL 2019г.в,570AW05,
26,"Алматинская область, Талгарский район, Бесагашский сельский округ, село Бесагаш, ул. Райымбек Батыр, д. 74А","ГККП ""Алматинская областная филармония имени Суюнбая""","ГККП ""Алматинская областная филармония имени Суюнбая""",№BR80002528,"ГККП ""Алматинская областная филармония имени Суюнбая""",1) Казакбеков А. 2)Амерханов М. 3) Орынбай Д. (водители),нет,Nissan-Teana,B949DD,
27,"Алматинская область, Талгарский район, Бесагашский сельский округ, село Бесагаш, ул. Райымбек Батыр, д. 74А","ГККП ""Алматинская областная филармония имени Суюнбая""","ГККП ""Алматинская областная филармония имени Суюнбая""",№BT03021144,"ГККП ""Алматинская областная филармония имени Суюнбая""",1) Казакбеков А. 2)Амерханов М. 3) Орынбай Д. (водители),нет,Mersedes-Benz,848AD05,
28,"Алматинская область, Талгарский район, Бесагашский сельский округ, село Бесагаш, ул. Райымбек Батыр, д. 74А","ГККП ""Алматинская областная филармония имени Суюнбая""","ГККП ""Алматинская областная филармония имени Суюнбая""",№BT03017369,"ГККП ""Алматинская областная филармония имени Суюнбая""",1) Казакбеков А. 2)Амерханов М. 3) Орынбай Д. (водители),нет,Toyota-Hiace,B075DA,
29,"Алматинская область, Талгарский район, Бесагашский сельский округ, село Бесагаш, ул. Райымбек Батыр, д. 74А","ГККП ""Алматинская областная филармония имени Суюнбая""","ГККП ""Алматинская областная филармония имени Суюнбая""",№BW 00001377,"ГККП ""Алматинская областная филармония имени Суюнбая""",1) Казакбеков А. 2)Амерханов М. 3) Орынбай Д. (водители),нет,Газель 322132,880AO05,
30,"Алматинская область, Талгарский район, Бесагашский сельский округ, село Бесагаш, ул. Райымбек Батыр, д. 74А","ГККП ""Алматинская областная филармония имени Суюнбая""","ГККП ""Алматинская областная филармония имени Суюнбая""",№AR99999148,"ГККП ""Алматинская областная филармония имени Суюнбая""",1) Казакбеков А. 2)Амерханов М. 3) Орынбай Д. (водители),нет,Автобус King Long,398AV05,
31,"г. Конаев, 1-й микрорайон, здание 34, н.п. 4",КГУ «Алматинский областной центр по охране историко-культурного наследия»,КГУ «Алматинский областной центр по охране историко-культурного наследия»,тех. паспорт BW №00004594,КГУ «Алматинский областной центр по охране историко-культурного наследия»,Аблаев Т.А. (директор),нет,LADA 4x4 URBAN,606АY05,
Подведомственные организации УГАСК,,,,,,,,,,
1,г.Қонаев,"ГУ ""Управление государственного архитектурно-строительного контроля Алматинской области""","ГУ ""Управление государственного архитектурно-строительного контроля Алматинской области""",Тех пасп BW00010717,"ГУ ""Управление государственного архитектурно-строительного контроля Алматинской области""",Имашев Е.,№188-ө от 30.10.2025,2015гв/ KIA SPORTAGE,974ST05,
2,г.Қонаев,"ГУ ""Управление государственного архитектурно-строительного контроля Алматинской области""","ГУ ""Управление государственного архитектурно-строительного контроля Алматинской области""",Тех пасп BW00010838,"ГУ ""Управление государственного архитектурно-строительного контроля Алматинской области""",Узенбаев Г.,,2015гв/ KIA SPORTAGE,622ST05,
Подведомственные организации Управление религий,,,,,,,,,,
1,Алматинская область,"КГУ""Центр по реабилитации жертв религиозного экстремизма и приверженцев деструктивных культов""","КГУ""Центр по реабилитации жертв религиозного экстремизма и приверженцев деструктивных культов""",BW № 00004250,"КГУ""Центр по реабилитации жертв религиозного экстремизма и приверженцев деструктивных культов""",Исмагулов Ержан Батыргалиевич - водитель,№39 ж/қ от 03.04.2023г,Tоyota Hiace,456AY05,
2,Алматинская область,"КГУ""Центр по реабилитации жертв религиозного экстремизма и приверженцев деструктивных культов""","КГУ""Центр по реабилитации жертв религиозного экстремизма и приверженцев деструктивных культов""",BW № 00004653,"КГУ""Центр по реабилитации жертв религиозного экстремизма и приверженцев деструктивных культов""",Асқарбеков Нұрсұлтан Ерболұлы -водитель,№97 ж/қ от 08.06.2022,Kia Sportage,678AY05,
3,Алматинская область,"КГУ""Центр по реабилитации жертв религиозного экстремизма и приверженцев деструктивных культов""","КГУ""Центр по реабилитации жертв религиозного экстремизма и приверженцев деструктивных культов""",BС99998363,"КГУ""Центр по реабилитации жертв религиозного экстремизма и приверженцев деструктивных культов""",Амангулов Ерлик Акалжанович - водитель,№84 ж/қ от 01.06.2026г,Hyundai Custin,025BC05,
4,Алматинская область,КГУ «Центр исследования проблем в сфере религий»,КГУ «Центр исследования проблем в сфере религий»,BW №00003249,КГУ «Центр исследования проблем в сфере религий»,Бебедов Талғат Орынханұлы - водитель,№206-ж/қ от 13.11.25,Mercedes-Benz Sprinter,310АХ05,-
5,Алматинская область,КГУ «Центр исследования проблем в сфере религий»,КГУ «Центр исследования проблем в сфере религий»,ВС №80007527,КГУ «Центр исследования проблем в сфере религий»,Хамитжан Данияр - заместитель руководителя,№114-ж/қ от 03.09.24,TOYOTA AVENSIS,806АР05,-
6,Алматинская область,КГУ «Центр исследования проблем в сфере религий»,КГУ «Центр исследования проблем в сфере религий»,ВС №99998465,КГУ «Центр исследования проблем в сфере религий»,Ерасыл Айбар Айдарұлы - руководитель,№10-ж/қ от 13.05.26,Hyundai Tucson Classic,816BG05,-
Подведомственные организации Управление энергетики,,,,,,,,,,
1,"Алматинская обл., Илийский р.-н., Отеген батыр с/о., п.Отеген батыр",ТОО  «Alatau Public Utilities»,ТОО  «Alatau Public Utilities»,Техпаспорт №AR99885973,Генеральный директор       Р.Б. Утелбаев,Генеральный директор       Р.Б. Утелбаев,от 06 апреля 2026 г.  № 31-ОД,"«Jetour T2», цвет қара/BLACK,  2024 года выпуска,",484BH05,
2,"Алматинская обл., Илийский р.-н., Отеген батыр с/о., п.Отеген батыр",ТОО  «Alatau Public Utilities»,ТОО  «Alatau Public Utilities»,Техаспорт №AR99998159,Заместитель  генерального дтректора  У.Е.Бектурганов,Заместитель  генерального дтректора  У.Е.Бектурганов,от 13.02 2026 г.  № 09-ОД,"«Toyota Camry», цвет ақ/ White,  2015 года выпуска,",086BF05,
3,"Алматинская обл., Илийский р.-н., Отеген батыр с/о., п.Отеген батыр",ТОО  «Alatau Public Utilities»,ТОО  «Alatau Public Utilities»,Техпаспорт №AR99885922,Заместитель  генерального дтректора      И.Е. Налибаев,Заместитель  генерального дтректора      И.Е. Налибаев,от 30 апреля 2026 г.  № 38-ОД,"«Jetour Х70», цвет ҚАРА/ BLACK,  2024 года выпуска,",445BH05,
4,"Алматинская обл., Илийский р.-н., Отеген батыр с/о., п.Отеген батыр",ТОО  «Alatau Public Utilities»,ТОО  «Alatau Public Utilities»,Техпаспорт №AR99998813,Главный инженер  Н.К.Медеубаев,Главный инженер  Н.К.Медеубаев,от «15» апреля 2026г.  №  35-ОД,"«KIA SORENTO», цвет СҰР/GRAY,  2024 года выпуска",151BF05,
5,"Алматинская обл., Илийский р.-н., Отеген батыр с/о., п.Отеген батыр",ТОО  «Alatau Public Utilities»,ТОО  «Alatau Public Utilities»,Техпаспорт №AR99998157,Специалист    АХО             Хамзинов Ж.А.,Специалист    АХО             Хамзинов Ж.А.,от 18 марта 2026 г.        №   ОД- 25,"«Skoda Kodiag», цвет Сұр/gray,  2019 года выпуска,",096BF05,
6,"Алматинская область, Талгарский район, с. Бесагаш","Государственное коммунальное предприятие на праве хозяйственного ведения ""Алматы ОблГаз Engineering"" государственного учреждения ""Управление энергетики и водоснабжения Алматинской области""",Автомобили числятся на балансе ГКП на ПХВ Алматы ОблГаз Engeneering,Акт приема передачи ТС №12 от 22.11.2025 Техпаспорт AL99998558,ГКП на ПХВ Алматы ОблГаз Engineering,Назирбаев .Д.А Водитель,Приказ  № 96 - П от                           15 .12.2025 г,Kia K5 2023,712AV05,
7,"Алматинская область, Талгарский район, с. Бесагаш","Государственное коммунальное предприятие на праве хозяйственного ведения ""Алматы ОблГаз Engineering"" государственного учреждения ""Управление энергетики и водоснабжения Алматинской области""",Автомобили числятся на балансе ГКП на ПХВ Алматы ОблГаз Engeneering,Акт приема передачи ТС №17 от 18.12.2025 г Техпаспорт AL99998562,ГКП на ПХВ Алматы ОблГаз Engineering,Бекболатов Е.Б Водитель,Приказ  № 96 - П от                           15 .12.2025 г,Kia K5 2023,713AV05,
8,"Алматинская область, Талгарский район, с. Бесагаш","Государственное коммунальное предприятие на праве хозяйственного ведения ""Алматы ОблГаз Engineering"" государственного учреждения ""Управление энергетики и водоснабжения Алматинской области""",Автомобили числятся на балансе ГКП на ПХВ Алматы ОблГаз Engeneering,Акт приема передачи ТС №13 от 30.12.2025 г Техпаспорт AL99998561,ГКП на ПХВ Алматы ОблГаз Engineering,Калыбаев Р.М. Водитель,Приказ  № 96 - П от                           15 .12.2025 г,Kia K5 2023,748AV05,
9,"Алматинская область, Талгарский район, с. Бесагаш","Государственное коммунальное предприятие на праве хозяйственного ведения ""Алматы ОблГаз Engineering"" государственного учреждения ""Управление энергетики и водоснабжения Алматинской области""",Автомобили числятся на балансе ГКП на ПХВ Алматы ОблГаз Engeneering,Акт приема передачи ТС №12 от 15.07.2024 г Техпаспорт AL99997936,ГКП на ПХВ Алматы ОблГаз Engineering,Кречетов .Д.Н Руководитель УМиКП,Приказ  № 96 - П от                           15 .12.2025 г,Автомобиль CHEVROLET COBALT (elegant at) (1) 2023,753AV05,
10,"Алматинская область, Талгарский район, с. Бесагаш","Государственное коммунальное предприятие на праве хозяйственного ведения ""Алматы ОблГаз Engineering"" государственного учреждения ""Управление энергетики и водоснабжения Алматинской области""",Автомобили числятся на балансе ГКП на ПХВ Алматы ОблГаз Engeneering,Акт приема передачи ТС № 9 от 29.03.2024 г Техпаспорт AL99997933,ГКП на ПХВ Алматы ОблГаз Engineering,Талдыбаев Ж.А Руководитель УЭГС,Приказ  № 40 - П от                           4 .04.2024 г,Автомобиль CHEVROLET COBALT (elegant at) (2) 2023,749AV05,
11,"Алматинская область, Талгарский район, с. Бесагаш","Государственное коммунальное предприятие на праве хозяйственного ведения ""Алматы ОблГаз Engineering"" государственного учреждения ""Управление энергетики и водоснабжения Алматинской области""",Автомобили числятся на балансе ГКП на ПХВ Алматы ОблГаз Engeneering,Акт приема передачи ТС №18 от 18.12.2025 г Техпаспорт AP00071844,ГКП на ПХВ Алматы ОблГаз Engineering,Шаянбаев К.С.Главный инженер,Приказ  № 96 - П от                           15 .12.2025 г,Skoda Super B8 - 2018,403AJ05,
12,"Алматинская область, Талгарский район, с. Бесагаш","Государственное коммунальное предприятие на праве хозяйственного ведения ""Алматы ОблГаз Engineering"" государственного учреждения ""Управление энергетики и водоснабжения Алматинской области""",Автомобили числятся на балансе ГКП на ПХВ Алматы ОблГаз Engeneering,Акт приема передачи ТС №11 от 22.01.2024 г Техпаспорт AP00083294,ГКП на ПХВ Алматы ОблГаз Engineering,Рахымділда К.С. Водитель,Приказ  № 96 - П от                           15 .12.2025 г,"ГАЗ 231073  бортовой тентованный,4x4 № 126  -2023",749AJ05,
13,"Алматинская область, Талгарский район, с. Бесагаш","Государственное коммунальное предприятие на праве хозяйственного ведения ""Алматы ОблГаз Engineering"" государственного учреждения ""Управление энергетики и водоснабжения Алматинской области""",Автомобили числятся на балансе ГКП на ПХВ Алматы ОблГаз Engeneering,Акт приема передачи ТС №14 от 01.04.2024 Техпаспорт AP00083295,ГКП на ПХВ Алматы ОблГаз Engineering,Киргизбаев Б.А. Водитель,Приказ  № 96 - П от                           15 .12.2025 г,"ГАЗ 231073  бортовой тентованный,4x4 № 127  -2023",746AJ05,
14,"Алматинская область, Талгарский район, с. Бесагаш","Государственное коммунальное предприятие на праве хозяйственного ведения ""Алматы ОблГаз Engineering"" государственного учреждения ""Управление энергетики и водоснабжения Алматинской области""",Автомобили числятся на балансе ГКП на ПХВ Алматы ОблГаз Engeneering,Техпаспорт AAB002529,ГКП на ПХВ Алматы ОблГаз Engineering,Вакансия,,ЭКСКАВАТОР-ПОГРУЗЧИК ALPHA A4  -2023,AUD260B,
15,"Алматинская область, Талгарский район, с. Бесагаш","Государственное коммунальное предприятие на праве хозяйственного ведения ""Алматы ОблГаз Engineering"" государственного учреждения ""Управление энергетики и водоснабжения Алматинской области""",Автомобили числятся на балансе ГКП на ПХВ Алматы ОблГаз Engeneering,Техпаспорт AP00082887,ГКП на ПХВ Алматы ОблГаз Engineering,Вакансия,,Кран-манипулятор- 2023,701AJ05,
16,"Алматинская область, Талгарский район, с. Бесагаш","Государственное коммунальное предприятие на праве хозяйственного ведения ""Алматы ОблГаз Engineering"" государственного учреждения ""Управление энергетики и водоснабжения Алматинской области""",Автомобили числятся на балансе ГКП на ПХВ Алматы ОблГаз Engeneering,Акт приема передачи ТС №19 от 1.04.2024 г Техпаспорт AL99865716,ГКП на ПХВ Алматы ОблГаз Engineering,Вакансия,,ГАЗ A22R33 бортовой тентованный № 970,173BJ05,
17,"Алматинская область, Талгарский район, с. Бесагаш","Государственное коммунальное предприятие на праве хозяйственного ведения ""Алматы ОблГаз Engineering"" государственного учреждения ""Управление энергетики и водоснабжения Алматинской области""",Автомобили числятся на балансе ГКП на ПХВ Алматы ОблГаз Engeneering,Акт приема передачи ТС №18 от 5.05.2026 г Техпаспорт AL99865957,ГКП на ПХВ Алматы ОблГаз Engineering,Сабиров  Е.,Приказ  № 47 - П от                           02 .06.2026 г,ГАЗ A22R33 бортовой тентованный № 982,163BJ05,
"Подведомственные организации по мобилизационной подготовке,  территориальной и гражданской обороне",,,,,,,,,,
1,г.Конаев,"КГУ «Служба обеспечения мобилизационной подготовки, территориальной и гражданской обороны Управления по мобилизационной подготовке,  территориальной и гражданской обороне Алматинской области»","КГУ «Служба обеспечения мобилизационной подготовки, территориальной и гражданской обороны Управления по мобилизационной подготовке,  территориальной и гражданской обороне Алматинской области»",Технический паспорт - ВС 99999491,"КГУ «Служба обеспечения мобилизационной подготовки, территориальной и гражданской обороны Управления по мобилизационной подготовке,  территориальной и гражданской обороне Алматинской области»",водитель Токбанов Т.,Приказ № 63 от 07.08.2025 г.,"Skoda Super B, 2013 г.в.",673BF05,В 2025 году проводился капитальный ремонт
2,г.Конаев,"КГУ «Служба обеспечения мобилизационной подготовки, территориальной и гражданской обороны Управления по мобилизационной подготовке,  территориальной и гражданской обороне Алматинской области»","КГУ «Служба обеспечения мобилизационной подготовки, территориальной и гражданской обороны Управления по мобилизационной подготовке,  территориальной и гражданской обороне Алматинской области»",Технический паспорт - ВС 99999500,"КГУ «Служба обеспечения мобилизационной подготовки, территориальной и гражданской обороны Управления по мобилизационной подготовке,  территориальной и гражданской обороне Алматинской области»",Руководитель ЗЗПУ - Амитов Б.,Приказ № 16 от 31.01.2025 г.,"УАЗ-31519037, 2007 г.в.",874AR05,
3,г.Конаев,"КГУ «Служба обеспечения мобилизационной подготовки, территориальной и гражданской обороны Управления по мобилизационной подготовке,  территориальной и гражданской обороне Алматинской области»","КГУ «Служба обеспечения мобилизационной подготовки, территориальной и гражданской обороны Управления по мобилизационной подготовке,  территориальной и гражданской обороне Алматинской области»",Технический паспорт - ВС 99999381,"КГУ «Служба обеспечения мобилизационной подготовки, территориальной и гражданской обороны Управления по мобилизационной подготовке,  территориальной и гражданской обороне Алматинской области»",водитель Халыков К.,Приказ № 63 от 07.08.2025 г.,"Hyundai Tucson, 2024 г.в.",985BF05,
4,г.Конаев,"КГУ «Служба обеспечения мобилизационной подготовки, территориальной и гражданской обороны Управления по мобилизационной подготовке,  территориальной и гражданской обороне Алматинской области»","КГУ «Служба обеспечения мобилизационной подготовки, территориальной и гражданской обороны Управления по мобилизационной подготовке,  территориальной и гражданской обороне Алматинской области»",Технический паспорт - ВС 99999380,в/ч 99220,водитель Кусманов К.,Приказ № 14 от 29.01.2025 г.,"JAC Т6, 2023 г.в.",967BF05,
5,г.Конаев,"КГУ «Служба обеспечения мобилизационной подготовки, территориальной и гражданской обороны Управления по мобилизационной подготовке,  территориальной и гражданской обороне Алматинской области»","КГУ «Служба обеспечения мобилизационной подготовки, территориальной и гражданской обороны Управления по мобилизационной подготовке,  территориальной и гражданской обороне Алматинской области»",Технический паспорт - ВС 99999489,"КГУ «Служба обеспечения мобилизационной подготовки, территориальной и гражданской обороны Управления по мобилизационной подготовке,  территориальной и гражданской обороне Алматинской области»",водитель Мамраев Б.,Приказ № 63 от 07.08.2025 г.,"Toyota Hi Ace, 2006 г.в.",679BF05,В 2025 году проводился капитальный ремонт
6,г.Конаев,"КГУ «Служба обеспечения мобилизационной подготовки, территориальной и гражданской обороны Управления по мобилизационной подготовке,  территориальной и гражданской обороне Алматинской области»","КГУ «Служба обеспечения мобилизационной подготовки, территориальной и гражданской обороны Управления по мобилизационной подготовке,  территориальной и гражданской обороне Алматинской области»",Технический паспорт - ВС 99999595,"КГУ «Служба обеспечения мобилизационной подготовки, территориальной и гражданской обороны Управления по мобилизационной подготовке,  территориальной и гражданской обороне Алматинской области»",водитель Бакиев М.,Приказ № 63 от 07.08.2025 г.,"JAC SANRAY Микроавтобус, 2023 г.в.",615BF05,
7,г.Конаев,"КГУ «Служба обеспечения мобилизационной подготовки, территориальной и гражданской обороны Управления по мобилизационной подготовке,  территориальной и гражданской обороне Алматинской области»","КГУ «Служба обеспечения мобилизационной подготовки, территориальной и гражданской обороны Управления по мобилизационной подготовке,  территориальной и гражданской обороне Алматинской области»",Технический паспорт - ВС 99999498,"КГУ «Служба обеспечения мобилизационной подготовки, территориальной и гражданской обороны Управления по мобилизационной подготовке,  территориальной и гражданской обороне Алматинской области»",водитель Бакиев М.,Приказ № 63 от 07.08.2025 г.,"Камаз-43118 (ППУ), 2010 г.в.",695BF05,В 2025 году проводилась полная модернизация
8,г.Конаев,"КГУ «Служба обеспечения мобилизационной подготовки, территориальной и гражданской обороны Управления по мобилизационной подготовке,  территориальной и гражданской обороне Алматинской области»","КГУ «Служба обеспечения мобилизационной подготовки, территориальной и гражданской обороны Управления по мобилизационной подготовке,  территориальной и гражданской обороне Алматинской области»",Технический паспорт - ВС 99999497,"КГУ «Служба обеспечения мобилизационной подготовки, территориальной и гражданской обороны Управления по мобилизационной подготовке,  территориальной и гражданской обороне Алматинской области»",водитель Мамраев Б.,Приказ № 63 от 07.08.2025 г.,"Камаз-43114 (Нефаз), 2011 г.в.",691BF05,
9,г.Конаев,"КГУ «Служба обеспечения мобилизационной подготовки, территориальной и гражданской обороны Управления по мобилизационной подготовке,  территориальной и гражданской обороне Алматинской области»","КГУ «Служба обеспечения мобилизационной подготовки, территориальной и гражданской обороны Управления по мобилизационной подготовке,  территориальной и гражданской обороне Алматинской области»",Технический паспорт - ВС 99999311,"КГУ «Служба обеспечения мобилизационной подготовки, территориальной и гражданской обороны Управления по мобилизационной подготовке,  территориальной и гражданской обороне Алматинской области»",водитель Токбанов Т.,Приказ № 63 от 07.08.2025 г.,"ГАЗ Газель NEXT, 2024 г.в.",989BF05,
10,г.Конаев,"КГУ «Служба обеспечения мобилизационной подготовки, территориальной и гражданской обороны Управления по мобилизационной подготовке,  территориальной и гражданской обороне Алматинской области»","КГУ «Служба обеспечения мобилизационной подготовки, территориальной и гражданской обороны Управления по мобилизационной подготовке,  территориальной и гражданской обороне Алматинской области»",Технический паспорт - ВС 99999273,"КГУ «Служба обеспечения мобилизационной подготовки, территориальной и гражданской обороны Управления по мобилизационной подготовке,  территориальной и гражданской обороне Алматинской области»",водитель Кундугулов С.,Приказ № 63 от 07.08.2025 г.,"ГАЗ A21R33, 2025 г.в.",966BF05,
11,г.Конаев,"КГУ «Служба обеспечения мобилизационной подготовки, территориальной и гражданской обороны Управления по мобилизационной подготовке,  территориальной и гражданской обороне Алматинской области»","КГУ «Служба обеспечения мобилизационной подготовки, территориальной и гражданской обороны Управления по мобилизационной подготовке,  территориальной и гражданской обороне Алматинской области»",Технический паспорт - ВС 99999283,"КГУ «Служба обеспечения мобилизационной подготовки, территориальной и гражданской обороны Управления по мобилизационной подготовке,  территориальной и гражданской обороне Алматинской области»",водитель Халыков К.,Приказ № 39 от 15.04.2025 г.,"Камаз 65117-50, 2024 г.в.",955BF05,"Замена масла, фильтров и прочие расходы на всю автомобильную технику КГУ"
Подведомственные организации Управление финансов,,,,,,,,,,
1,Алматинская область,Управление финансов Алматинской области,Управление финансов Алматинской области,2017 год,Тумабаев Ерлан Акчаганович,Тумабаев Ерлан Акчаганович,2017,"Toyota Hiace, 2014",308AX05,
Подведомственные организации Управление внутренней политики,,,,,,,,,,
1,"Алматинская область, г. Конаев",ГУ Управление внутренней политики Алматинской области,ГУ Управление внутренней политики Алматинской области,"Акт прием-передач №0059 от 19.11.2025г., BC99998375",,,,Автомашина KIA CADENZA №XWWLN414BFU000609,489AZ05,
2,"Алматинская область, г. Конаев",ГУ Управление внутренней политики Алматинской области,ГУ Управление внутренней политики Алматинской области,"Акт прием-передач №0059 от 19.11.2025г., BC99998374",,,,"Автомашина Chevrolet Malibu VIN, №MX1CMAAA9LK310542",884BG05,
3,"Алматинская область, г. Конаев",ГУ Управление внутренней политики Алматинской области,ГУ Управление внутренней политики Алматинской области,"Акт прием-передач №0059 от 19.11.2025г., BC99998377",,,,Автомашина KIA CERATO № KNAFT411BD5992357,886BG05,
4,"Алматинская область, г. Конаев",ГУ Управление внутренней политики Алматинской области,ГУ Управление внутренней политики Алматинской области,"Акт прием-передач №0059 от 19.11.2025г., BC99998373",,,,Автомашина Toyota Land Cruiser 100 GX JTECJ705511256,973BG05,
5,"Алматинская область, г. Конаев",ГУ Управление внутренней политики Алматинской области,ГУ Управление внутренней политики Алматинской области,"Акт прием-передач №0059 от 19.11.2025г.,BC99998376",,,,Автомашина Hunday Sonata №MXHL3416BMK158786,822BG05,
6,"Алматинская область, г. Конаев",КГУ Центр анализа и прогнозирования,КГУ Центр анализа и прогнозирования,BW00010776 техпаспорт ТС,КГУ Центр анализа и прогнозирования,Абжапаров ДР,38-ж/к от 04№05№26 хюндай,Hyundai H350/2018г,802BE05,
7,"Алматинская область, г. Конаев",КГУ Центр анализа и прогнозирования,КГУ Центр анализа и прогнозирования,BW00010783 техпаспорт ТС,КГУ Центр анализа и прогнозирования,Сейрбаев СТ,123/2 н/к от 14.10.22 дастер,Renault Duster/2016г,803BE05,
8,"Алматинская область, г. Конаев",ТОО Өлке Тынысы,ТОО Өлке Тынысы,BW00005354 техпаспорт ТС,ТОО Өлке Тынысы,Балтабеков М.,№34 от 11.09.2023г,Toyota Camry/2011,271AS05,
9,"Алматинская область, г. Конаев",ТОО Өлке Тынысы,ТОО Өлке Тынысы,BW00000628 техпаспорт ТС,ТОО Өлке Тынысы,Абдулдаев К.,№8 от 04.06.2024г,Skoda Rapid/2014,932AN05,
10,"Алматинская область, г. Конаев",ТОО Өлке Тынысы,ТОО Өлке Тынысы,BW00000332 техпаспорт ТС,ТОО Өлке Тынысы,Тунгатаров К.,№10 от 05.01.2015,Chevrolet Aveo/2014,596AL05,
11,"Алматинская область, г. Конаев",ТОО Өлке Тынысы,ТОО Өлке Тынысы,BW00006500 техпаспорт ТС,ТОО Өлке Тынысы,Несипбеков А.,№14 от 2.07.2022г,Skoda Rapid/2019,405AW05,
12,"Алматинская область, г. Конаев",ТОО Өлке Тынысы,ТОО Өлке Тынысы,BW00010028 техпаспорт ТС,ТОО Өлке Тынысы,Алмабаев Б.,№37 от 04.04.2023г,Skoda superb b6/2021,087ST05,
13,"Алматинская область, г. Конаев",ТОО Өлке Тынысы,ТОО Өлке Тынысы,BW00000313 техпаспорт ТС,ТОО Өлке Тынысы,Джурынбаев Е.,№ 10 от 12.05.2026г.,Skoda superb b6/2014,094AE05,
14,"Алматинская область, г. Конаев",ТОО Өлке Тынысы,ТОО Өлке Тынысы,BW00001391 техпаспорт ТС,ТОО Өлке Тынысы,Джурынбаев Е.,№ 10 от 12.05.2026г.,Skoda superb b6/2014,761AO05,
15,"Алматинская область, г. Конаев",ТОО Өлке Тынысы,ТОО Өлке Тынысы,BW00009959 техпаспорт ТС,ТОО Өлке Тынысы,Джурынбаев Е.,№ 10 от 12.05.2026г.,Hyundai Sonata/2021,302ST05,
16,"Алматинская область, г. Конаев","КГУ ""Қоғамдық келісім және даму орталығы""","КГУ ""Қоғамдық келісім және даму орталығы""",AR20009962,"КГУ ""Қоғамдық келісім және даму орталығы""",Шораұлы Нұрсултан,15-н/қ от  01.06.2024,Sanray Jac,947AJ05,
17,"Алматинская область, г. Конаев","КГУ ""Қоғамдық келісім және даму орталығы""","КГУ ""Қоғамдық келісім және даму орталығы""",BC99999966,"КГУ ""Қоғамдық келісім және даму орталығы""",,,Автомашина JAG,249AV05,
18,"Алматинская область, г. Конаев","КГУ ""Қоғамдық келісім және даму орталығы""","КГУ ""Қоғамдық келісім және даму орталығы""",BC99999963,"КГУ ""Қоғамдық келісім және даму орталығы""",,,Skoda superb b6,254AV05,
19,"Алматинская область, г. Конаев","ТОО ""Qonaev TV""","ТОО ""Qonaev TV""",AP99856071,"ТОО ""Qonaev TV""",Мухаметов П.Т.,Договор от 10.04.2026,Авто Hyundai Custin Luxe,010TV05,
20,"Алматинская область, г. Конаев","ТОО ""Qonaev TV""","ТОО ""Qonaev TV""",AL99872884,"ТОО ""Qonaev TV""",Зейнелов Д.А.,Договор  от 29.04.2026г,Авто JAC  M4,130BI05,
21,"Алматинская область, г. Конаев","ТОО ""Qonaev TV""","ТОО ""Qonaev TV""",AL99872882,"ТОО ""Qonaev TV""",Заитов С.Т.,Договор от 07.04.2026г,Авто JAC  M4,120BI05,
22,"Алматинская область, г. Конаев","ТОО ""Qonaev TV""","ТОО ""Qonaev TV""",AL99872888,"ТОО ""Qonaev TV""",Касымбеков М.М.,Договор от 23.09.2025г,Авто JAC Sunray,190BI05,
Подведомственные организации Управление сельского хозяйства,,,,,,,,,,
1,"Алматинская область, г.Қонаев",ГУ Управление сельского хозяства Алматинской области,ГУ Управление сельского хозяства Алматинской области,Договор №30 от 13.05.2024г,ГУ Управление сельского хозяства Алматинской области,Симтиков Ерболат Туррусбекович,№56 б-нқ от 10.06.2026г,"Автомобиль,
класс
внедорожник,
автоматическая
трансмиссия,
объем до 3000
куб.см 2024г",092BF05,Дополнительная информация нет
2,"Алматинская область, г.Қонаев",ГУ Управление сельского хозяства Алматинской области,ГУ Управление сельского хозяства Алматинской области,Договор №20 от 13.05.2020г,ГУ Управление сельского хозяства Алматинской области,Дауткулов Еркинбек Аянбекович,№26 б-нқ от 10.06.2025г,huyndai елантра,412AK05,Дополнительная информация нет
Подведомственные организации УПТиАД,,,,,,,,,,
1,город Қонаев,Управление пассажирского транспорта и автомобильных дорог Алматинской области,"ТОО ""Автобусный парк Алматинской области""",договор №60 от 04.08.2023 г.,"ТОО ""Автобусный парк Алматинской области"", Заместитель директора","Аяшев Нургали Батырбекович, заместитель директора",,"Легковой Автомобиль: марка,модель Hyundai Sonata , год выпуска 2023год, цвет-черный",010QQ05,
2,город Қонаев,Управление пассажирского транспорта и автомобильных дорог Алматинской области,"ТОО ""Автобусный парк Алматинской области""",договор №230140043688/260004/00 от 28.01.2026 г.акт прием передачи №260004/00/1 от 17.03.2026,"ТОО ""Автобусный парк Алматинской области"", Руководитель","Жунисов Бейсегали Исакович, директор",,"Легковой Автомобиль: марка,модель Hyundai Sonata , год выпуска 2025год, цвет-серый",010OQ05,"принято в баланс 17.03.2026 года ,гсм за апрель,май 2026г"
3,город Қонаев,Управление пассажирского транспорта и автомобильных дорог Алматинской области,"ТОО ""Автобусный парк Алматинской области""",договор №70 от 10.08.2023 год.,"ТОО ""Автобусный парк Алматинской области"", слесарям-механикам Мирзалимов Н.Т.,Әбдесін С.С.,Алдекенов Ж.К.","слесарям-механикам Мирзалимов Н.Т.,Әбдесін С.С.,Алдекенов Ж.К.",приказ № 58п от 11.09.2025,"Автомобиль УАЗ Pickup 23632 MT 2693,  443 AJ 05,   MXC236320P3020555 Цвет Черный",443AJ05,
4,город Қонаев,Управление пассажирского транспорта и автомобильных дорог Алматинской области,"ТОО ""Автобусный парк Алматинской области""",Постановление  № 205 от 23.06.2023 г.,"ТОО ""Автобусный парк Алматинской области""",,,Автобус  Лиаз-429260   126 BC 05 XTY429260H0001290,126BC05,подан на списание согласно  прика № 48 от 13.05.2026г (20 автобусов)
5,город Қонаев,Управление пассажирского транспорта и автомобильных дорог Алматинской области,"ТОО ""Автобусный парк Алматинской области""",Постановление  № 205 от 23.06.2023 г.,"ТОО ""Автобусный парк Алматинской области""",,,Автобус  Лиаз-429260   138BC 05 XTY429260H0001135,138BC05,подан на списание согласно  прика № 48 от 13.05.2026г (20 автобусов)
6,город Қонаев,Управление пассажирского транспорта и автомобильных дорог Алматинской области,"ТОО ""Автобусный парк Алматинской области""",Постановление  № 205 от 23.06.2023 г.,"ТОО ""Автобусный парк Алматинской области""",,,Автобус  Лиаз-429260   143BC 05 XTY429260H0001323,143BC05,подан на списание согласно  прика № 48 от 13.05.2026г (20 автобусов)
7,город Қонаев,Управление пассажирского транспорта и автомобильных дорог Алматинской области,"ТОО ""Автобусный парк Алматинской области""",Постановление  № 205 от 23.06.2023 г.,"ТОО ""Автобусный парк Алматинской области""",,,Автобус  Лиаз-429260   246BC 05 XTY429260H0001292,246BC05,подан на списание согласно  прика № 48 от 13.05.2026г (20 автобусов)
8,город Қонаев,Управление пассажирского транспорта и автомобильных дорог Алматинской области,"ТОО ""Автобусный парк Алматинской области""",Постановление  № 205 от 23.06.2023 г.,"ТОО ""Автобусный парк Алматинской области""",,,Автобус  Лиаз-529265,382AJ05,
9,город Қонаев,Управление пассажирского транспорта и автомобильных дорог Алматинской области,"ТОО ""Автобусный парк Алматинской области""",Постановление  № 205 от 23.06.2023 г.,"ТОО ""Автобусный парк Алматинской области""",,,Автобус  Лиаз-529260  12м,417AJ05,
10,город Қонаев,Управление пассажирского транспорта и автомобильных дорог Алматинской области,"ТОО ""Автобусный парк Алматинской области""",Постановление  № 205 от 23.06.2023 г.,"ТОО ""Автобусный парк Алматинской области""",Майшыбаев Д,,Автобус  Лиаз-529265,367AJ05,"на 1 автобус по 2 водителя, расходы 2-го водитля включен"
11,город Қонаев,Управление пассажирского транспорта и автомобильных дорог Алматинской области,"ТОО ""Автобусный парк Алматинской области""",Постановление  № 205 от 23.06.2023 г.,"ТОО ""Автобусный парк Алматинской области""",,,Автобус  Лиаз-529260  12м,389AJ05,
12,город Қонаев,Управление пассажирского транспорта и автомобильных дорог Алматинской области,"ТОО ""Автобусный парк Алматинской области""",Постановление  № 205 от 23.06.2023 г.,"ТОО ""Автобусный парк Алматинской области""",,,Автобус  Лиаз-529260  12м,406AJ05,
13,город Қонаев,Управление пассажирского транспорта и автомобильных дорог Алматинской области,"ТОО ""Автобусный парк Алматинской области""",Постановление  № 205 от 23.06.2023 г.,"ТОО ""Автобусный парк Алматинской области""",,,Автобус  Лиаз-529265,425AJ05,
14,город Қонаев,Управление пассажирского транспорта и автомобильных дорог Алматинской области,"ТОО ""Автобусный парк Алматинской области""",Постановление  № 205 от 23.06.2023 г.,"ТОО ""Автобусный парк Алматинской области""",,,Автобус  Лиаз-529265,427AJ05,
15,город Қонаев,Управление пассажирского транспорта и автомобильных дорог Алматинской области,"ТОО ""Автобусный парк Алматинской области""",Постановление  № 205 от 23.06.2023 г.,"ТОО ""Автобусный парк Алматинской области""",,,Автобус  Лиаз-529260,430AJ05,
16,город Қонаев,Управление пассажирского транспорта и автомобильных дорог Алматинской области,"ТОО ""Автобусный парк Алматинской области""",Постановление  № 205 от 23.06.2023 г.,"ТОО ""Автобусный парк Алматинской области""",Маматов Э,,Автобус  Лиаз-529260,432AJ05,"на 1 автобус по 2 водителя, расходы 2-го водитля включен"
17,город Қонаев,Управление пассажирского транспорта и автомобильных дорог Алматинской области,"ТОО ""Автобусный парк Алматинской области""",Постановление  № 205 от 23.06.2023 г.,"ТОО ""Автобусный парк Алматинской области""",,,Автобус  Лиаз-529265,437AJ05,
18,город Қонаев,Управление пассажирского транспорта и автомобильных дорог Алматинской области,"ТОО ""Автобусный парк Алматинской области""",Постановление  № 205 от 23.06.2023 г.,"ТОО ""Автобусный парк Алматинской области""",Шамуратов Ж,,Автобус  Лиаз-529260,439AJ05,"на 1 автобус по 2 водителя, расходы 2-го водитля включен"
19,город Қонаев,Управление пассажирского транспорта и автомобильных дорог Алматинской области,"ТОО ""Автобусный парк Алматинской области""",Постановление  № 205 от 23.06.2023 г.,"ТОО ""Автобусный парк Алматинской области""",Смирнов С,,Автобус  Лиаз-529265,440AJ05,"на 1 автобус по 2 водителя, расходы 2-го водитля включен"
20,город Қонаев,Управление пассажирского транспорта и автомобильных дорог Алматинской области,"ТОО ""Автобусный парк Алматинской области""",Постановление  № 205 от 23.06.2023 г.,"ТОО ""Автобусный парк Алматинской области""",Джандосов К,,Автобус  Лиаз-529260,445AJ05,"на 1 автобус по 2 водителя, расходы 2-го водитля включен"
21,город Қонаев,Управление пассажирского транспорта и автомобильных дорог Алматинской области,"ТОО ""Автобусный парк Алматинской области""",Постановление  № 205 от 23.06.2023 г.,"ТОО ""Автобусный парк Алматинской области""",Ербулат Н,,Автобус  Лиаз-529260,448AJ05,"на 1 автобус по 2 водителя, расходы 2-го водитля включен"
22,город Қонаев,Управление пассажирского транспорта и автомобильных дорог Алматинской области,"ТОО ""Автобусный парк Алматинской области""",Постановление  № 205 от 23.06.2023 г.,"ТОО ""Автобусный парк Алматинской области""",,,Автобус  Лиаз-529260,449AJ05,
23,город Қонаев,Управление пассажирского транспорта и автомобильных дорог Алматинской области,"ТОО ""Автобусный парк Алматинской области""",Постановление  № 205 от 23.06.2023 г.,"ТОО ""Автобусный парк Алматинской области""",,,Автобус  Лиаз-529265,455AJ05,
24,город Қонаев,Управление пассажирского транспорта и автомобильных дорог Алматинской области,"ТОО ""Автобусный парк Алматинской области""",Постановление  № 205 от 23.06.2023 г.,"ТОО ""Автобусный парк Алматинской области""",Алшымбаев С,,Автобус  Лиаз-529265,456AJ05,"на 1 автобус по 2 водителя, расходы 2-го водитля включен"
25,город Қонаев,Управление пассажирского транспорта и автомобильных дорог Алматинской области,"ТОО ""Автобусный парк Алматинской области""",Постановление  № 205 от 23.06.2023 г.,"ТОО ""Автобусный парк Алматинской области""",,,Автобус Лиаз-429260,412AJ05,
26,город Қонаев,Управление пассажирского транспорта и автомобильных дорог Алматинской области,"ТОО ""Автобусный парк Алматинской области""",Постановление  № 205 от 23.06.2023 г.,"ТОО ""Автобусный парк Алматинской области""",,,Автобус  Лиаз-529260,416AJ05,
27,город Қонаев,Управление пассажирского транспорта и автомобильных дорог Алматинской области,"ТОО ""Автобусный парк Алматинской области""",Постановление  № 205 от 23.06.2023 г.,"ТОО ""Автобусный парк Алматинской области""",,,Автобус  Лиаз-429260,431AJ05,
28,город Қонаев,Управление пассажирского транспорта и автомобильных дорог Алматинской области,"ТОО ""Автобусный парк Алматинской области""",Постановление  № 205 от 23.06.2023 г.,"ТОО ""Автобусный парк Алматинской области""",,,Автобус  Лиаз-429260,433AJ05,
29,город Қонаев,Управление пассажирского транспорта и автомобильных дорог Алматинской области,"ТОО ""Автобусный парк Алматинской области""",Постановление  № 205 от 23.06.2023 г.,"ТОО ""Автобусный парк Алматинской области""",,,Автобус  Лиаз-429260,436AJ05,
30,город Қонаев,Управление пассажирского транспорта и автомобильных дорог Алматинской области,"ТОО ""Автобусный парк Алматинской области""",Постановление  № 205 от 23.06.2023 г.,"ТОО ""Автобусный парк Алматинской области""",Большуманов Оралбек Касымович,,АвтомобильКАМАЗ 43118-3098-50,"546AV05,",
31,город Қонаев,Управление пассажирского транспорта и автомобильных дорог Алматинской области,"ТОО ""Автобусный парк Алматинской области""",Постановление  № 205 от 23.06.2023 г.,"ТОО ""Автобусный парк Алматинской области""",,,ГАЗ  A63r42,442AJ05,
32,город Қонаев,Управление пассажирского транспорта и автомобильных дорог Алматинской области,"ТОО ""Автобусный парк Алматинской области""",Постановление  № 205 от 23.06.2023 г.,"ТОО ""Автобусный парк Алматинской области""",Нурелов Ержан Мухамедшарипович,,МашинауборочнаяБеларус-82МК,B099BCO,
33,город Қонаев,Управление пассажирского транспорта и автомобильных дорог Алматинской области,"ТОО ""Автобусный парк Алматинской области""",Постановление  № 205 от 23.06.2023 г.,"ТОО ""Автобусный парк Алматинской области""",,,Автобус ZHONGTONG LCK6125HGAN  029 BC 05 LDYGCS3T9K0011191,029BC05,
34,город Қонаев,Управление пассажирского транспорта и автомобильных дорог Алматинской области,"ТОО ""Автобусный парк Алматинской области""",Постановление  № 205 от 23.06.2023 г.,"ТОО ""Автобусный парк Алматинской области""",,,Автобус ZHONGTONG LCK6125HGAN  045 BC 05 LDYGCS3T0K0010768,045BC05,
35,город Қонаев,Управление пассажирского транспорта и автомобильных дорог Алматинской области,"ТОО ""Автобусный парк Алматинской области""",Постановление  № 205 от 23.06.2023 г.,"ТОО ""Автобусный парк Алматинской области""",Пирназаров Ж,,Автобус ZHONGTONG LCK6125HGAN  063 BC 05 LDYGCS3T5K0009549,063BC05,"на 1 автобус по 2 водителя, расходы 2-го водитля включен"
36,город Қонаев,Управление пассажирского транспорта и автомобильных дорог Алматинской области,"ТОО ""Автобусный парк Алматинской области""",Постановление  № 205 от 23.06.2023 г.,"ТОО ""Автобусный парк Алматинской области""",,,Автобус ZHONGTONG LCK6125HGAN  110 BC 05 LDYGCS3T7K0010766,110BC05,
37,город Қонаев,Управление пассажирского транспорта и автомобильных дорог Алматинской области,"ТОО ""Автобусный парк Алматинской области""",Постановление  № 205 от 23.06.2023 г.,"ТОО ""Автобусный парк Алматинской области""",,,Автобус ZHONGTONG LCK6125HGAN  116 BH 05 LDYGCS3T3K0009520,116BH05,
38,город Қонаев,Управление пассажирского транспорта и автомобильных дорог Алматинской области,"ТОО ""Автобусный парк Алматинской области""",Постановление  № 205 от 23.06.2023 г.,"ТОО ""Автобусный парк Алматинской области""",Даулетияров Д,,Автобус ZHONGTONG LCK6125HGAN  125 BC 05 LDYGCS3T1K0009516,125BC05,"на 1 автобус по 2 водителя, расходы 2-го водитля включен"
39,город Қонаев,Управление пассажирского транспорта и автомобильных дорог Алматинской области,"ТОО ""Автобусный парк Алматинской области""",Постановление  № 205 от 23.06.2023 г.,"ТОО ""Автобусный парк Алматинской области""",Жарылкасенов Н,,Автобус ZHONGTONG LCK6125HGAN  145 BC 05 LDYGCS3TXK0009580,145BC05,"на 1 автобус по 2 водителя, расходы 2-го водитля включен"
40,город Қонаев,Управление пассажирского транспорта и автомобильных дорог Алматинской области,"ТОО ""Автобусный парк Алматинской области""",Постановление  № 205 от 23.06.2023 г.,"ТОО ""Автобусный парк Алматинской области""",Әділбеков Ж,,Автобус ZHONGTONG LCK6125HGAN  154 BC 05 LDYGCS3T4K0009557,154BC05,"на 1 автобус по 2 водителя, расходы 2-го водитля включен"
41,город Қонаев,Управление пассажирского транспорта и автомобильных дорог Алматинской области,"ТОО ""Автобусный парк Алматинской области""",Постановление  № 205 от 23.06.2023 г.,"ТОО ""Автобусный парк Алматинской области""",,,Автобус ZHONGTONG LCK6125HGAN  166 BC 05 LDYGCS3T7K0009553,166BC05,
42,город Қонаев,Управление пассажирского транспорта и автомобильных дорог Алматинской области,"ТОО ""Автобусный парк Алматинской области""",Постановление  № 205 от 23.06.2023 г.,"ТОО ""Автобусный парк Алматинской области""",,,Автобус ZHONGTONG LCK6125HGAN  170 BH 05 LDYGCS3T9K0009523,170BH05,
43,город Қонаев,Управление пассажирского транспорта и автомобильных дорог Алматинской области,"ТОО ""Автобусный парк Алматинской области""",Постановление  № 205 от 23.06.2023 г.,"ТОО ""Автобусный парк Алматинской области""",,,Автобус ZHONGTONG LCK6125HGAN  173 BC 05 LDYGCS3T4K0009560,173BC05,
44,город Қонаев,Управление пассажирского транспорта и автомобильных дорог Алматинской области,"ТОО ""Автобусный парк Алматинской области""",Постановление  № 205 от 23.06.2023 г.,"ТОО ""Автобусный парк Алматинской области""",,,Автобус ZHONGTONG LCK6125HGAN  173 BH 05 LDYGCS3T9K0010736,173BH05,
45,город Қонаев,Управление пассажирского транспорта и автомобильных дорог Алматинской области,"ТОО ""Автобусный парк Алматинской области""",Постановление  № 205 от 23.06.2023 г.,"ТОО ""Автобусный парк Алматинской области""",,,Автобус ZHONGTONG LCK6125HGAN  175 BC 05 LDYGCS3T6K0009530,175BC05,
46,город Қонаев,Управление пассажирского транспорта и автомобильных дорог Алматинской области,"ТОО ""Автобусный парк Алматинской области""",Постановление  № 205 от 23.06.2023 г.,"ТОО ""Автобусный парк Алматинской области""",Джуманазаров С,,Автобус ZHONGTONG LCK6125HGAN  188 BH 05 LDYGCS3T9K0006072,188BH05,"на 1 автобус по 2 водителя, расходы 2-го водитля включен"
47,город Қонаев,Управление пассажирского транспорта и автомобильных дорог Алматинской области,"ТОО ""Автобусный парк Алматинской области""",Постановление  № 205 от 23.06.2023 г.,"ТОО ""Автобусный парк Алматинской области""",,,Автобус ZHONGTONG LCK6125HGAN  198 BH 05 LDYGCS3T6K0009561,198BH05,
48,город Қонаев,Управление пассажирского транспорта и автомобильных дорог Алматинской области,"ТОО ""Автобусный парк Алматинской области""",Постановление  № 205 от 23.06.2023 г.,"ТОО ""Автобусный парк Алматинской области""",Турганбаев К,,Автобус ZHONGTONG LCK6125HGAN  230 BC 05 LDYGCS3T6K0006062,230BC05,"на 1 автобус по 2 водителя, расходы 2-го водитля включен"
49,город Қонаев,Управление пассажирского транспорта и автомобильных дорог Алматинской области,"ТОО ""Автобусный парк Алматинской области""",Постановление  № 205 от 23.06.2023 г.,"ТОО ""Автобусный парк Алматинской области""",,,Автобус ZHONGTONG LCK6125HGAN  237 BH 05 LDYGCS3T5K0010748,237BH05,
50,город Қонаев,Управление пассажирского транспорта и автомобильных дорог Алматинской области,"ТОО ""Автобусный парк Алматинской области""",Постановление  № 205 от 23.06.2023 г.,"ТОО ""Автобусный парк Алматинской области""",Джексембиев Н,,Автобус ZHONGTONG LCK6125HGAN  237 BI 05 LDYGCS3T3K0010750,237BI05,"на 1 автобус по 2 водителя, расходы 2-го водитля включен"
51,город Қонаев,Управление пассажирского транспорта и автомобильных дорог Алматинской области,"ТОО ""Автобусный парк Алматинской области""",Постановление  № 205 от 23.06.2023 г.,"ТОО ""Автобусный парк Алматинской области""",Вдовин Д,,Автобус ZHONGTONG LCK6125HGAN  245 BI 05 LDYGCS3T0K0010737,245BI05,
52,город Қонаев,Управление пассажирского транспорта и автомобильных дорог Алматинской области,"ТОО ""Автобусный парк Алматинской области""",Постановление  № 205 от 23.06.2023 г.,"ТОО ""Автобусный парк Алматинской области""",,,Автобус ZHONGTONG LCK6125HGAN  248 BI 05 LDYGCS3T7K0011173,248BI05,
53,город Қонаев,Управление пассажирского транспорта и автомобильных дорог Алматинской области,"ТОО ""Автобусный парк Алматинской области""",Постановление  № 205 от 23.06.2023 г.,"ТОО ""Автобусный парк Алматинской области""",Калтаев Д,,Автобус ZHONGTONG LCK6125HGAN  253 BC 05 LDYGCS3T2K0009542,253BC05,"на 1 автобус по 2 водителя, расходы 2-го водитля включен"
54,город Қонаев,Управление пассажирского транспорта и автомобильных дорог Алматинской области,"ТОО ""Автобусный парк Алматинской области""",Постановление  № 205 от 23.06.2023 г.,"ТОО ""Автобусный парк Алматинской области""",Абдижанов Р,,Автобус ZHONGTONG LCK6125HGAN  256 BI 05 LDYGCS3T6K0011181,256BI05,"на 1 автобус по 2 водителя, расходы 2-го водитля включен"
55,город Қонаев,Управление пассажирского транспорта и автомобильных дорог Алматинской области,"ТОО ""Автобусный парк Алматинской области""",Постановление  № 205 от 23.06.2023 г.,"ТОО ""Автобусный парк Алматинской области""",,,Автобус ZHONGTONG LCK6125HGAN  257 BI 05 LDYGCS3T6K0010760,257BI05,
56,город Қонаев,Управление пассажирского транспорта и автомобильных дорог Алматинской области,"ТОО ""Автобусный парк Алматинской области""",Постановление  № 205 от 23.06.2023 г.,"ТОО ""Автобусный парк Алматинской области""",Джумамуратов Б,,Автобус ZHONGTONG LCK6125HGAN  261 BH 05 LDYGCS3T5K0011169,261BH05,"на 1 автобус по 2 водителя, расходы 2-го водитля включен"
57,город Қонаев,Управление пассажирского транспорта и автомобильных дорог Алматинской области,"ТОО ""Автобусный парк Алматинской области""",Постановление  № 205 от 23.06.2023 г.,"ТОО ""Автобусный парк Алматинской области""",Салимов Ш,,Автобус ZHONGTONG LCK6125HGAN  266 BC 05 LDYGCS3T6K0009527,266BC05,"на 1 автобус по 2 водителя, расходы 2-го водитля включен"
58,город Қонаев,Управление пассажирского транспорта и автомобильных дорог Алматинской области,"ТОО ""Автобусный парк Алматинской области""",Постановление  № 205 от 23.06.2023 г.,"ТОО ""Автобусный парк Алматинской области""",,,Автобус ZHONGTONG LCK6125HGAN  268 BC 05 LDYGCS3T4K0010742,268BC05,
59,город Қонаев,Управление пассажирского транспорта и автомобильных дорог Алматинской области,"ТОО ""Автобусный парк Алматинской области""",Постановление  № 205 от 23.06.2023 г.,"ТОО ""Автобусный парк Алматинской области""",,,Автобус ZHONGTONG LCK6125HGAN  287 BC 05 LDYGCS3T2K0010772,287BC05,
60,город Қонаев,Управление пассажирского транспорта и автомобильных дорог Алматинской области,"ТОО ""Автобусный парк Алматинской области""",Постановление  № 205 от 23.06.2023 г.,"ТОО ""Автобусный парк Алматинской области""",,,Автобус ZHONGTONG LCK6125HGAN  288 BH 05 LDYGCS3T3K0011185,288BH05,
61,город Қонаев,Управление пассажирского транспорта и автомобильных дорог Алматинской области,"ТОО ""Автобусный парк Алматинской области""",Постановление  № 205 от 23.06.2023 г.,"ТОО ""Автобусный парк Алматинской области""",Байназаров М,,Автобус ZHONGTONG LCK6125HGAN  296 BC 05 LDYGCS3T0K0011189,296BC05,"на 1 автобус по 2 водителя, расходы 2-го водитля включен"
62,город Қонаев,Управление пассажирского транспорта и автомобильных дорог Алматинской области,"ТОО ""Автобусный парк Алматинской области""",Постановление  № 205 от 23.06.2023 г.,"ТОО ""Автобусный парк Алматинской области""",Даулетияров Б,,Автобус ZHONGTONG LCK6125HGAN  298 BC 05 LDYGCS3T4K0010739,298BC05,"на 1 автобус по 2 водителя, расходы 2-го водитля включен"
63,город Қонаев,Управление пассажирского транспорта и автомобильных дорог Алматинской области,"ТОО ""Автобусный парк Алматинской области""",Постановление  № 205 от 23.06.2023 г.,"ТОО ""Автобусный парк Алматинской области""",Малаев С,,Автобус ZHONGTONG LCK6125HGAN  354 BC 05 LDYGCS3T2K0011193,354BC05,"на 1 автобус по 2 водителя, расходы 2-го водитля включен"
64,город Қонаев,Управление пассажирского транспорта и автомобильных дорог Алматинской области,"ТОО ""Автобусный парк Алматинской области""",Постановление  № 205 от 23.06.2023 г.,"ТОО ""Автобусный парк Алматинской области""",,,Автобус ZHONGTONG LCK6125HGAN  357 BC 05 LDYGCS3T8K0011182,357BC05,
65,город Қонаев,Управление пассажирского транспорта и автомобильных дорог Алматинской области,"ТОО ""Автобусный парк Алматинской области""",Постановление  № 205 от 23.06.2023 г.,"ТОО ""Автобусный парк Алматинской области""",,,Автобус ZHONGTONG LCK6125HGAN  371 BC 05 LDYGCS3T1K0011198,371BC05,
66,город Қонаев,Управление пассажирского транспорта и автомобильных дорог Алматинской области,"ТОО ""Автобусный парк Алматинской области""",Постановление  № 205 от 23.06.2023 г.,"ТОО ""Автобусный парк Алматинской области""",,,Автобус ZHONGTONG LCK6125HGAN  402 BC 05 LDYGCS3T0K0010740,402BC05,
67,город Қонаев,Управление пассажирского транспорта и автомобильных дорог Алматинской области,"ТОО ""Автобусный парк Алматинской области""",Постановление  № 205 от 23.06.2023 г.,"ТОО ""Автобусный парк Алматинской области""",,,Автобус ZHONGTONG LCK6125HGAN  410 BC 05 LDYGCS3T9K0010753,410BC05,
68,город Қонаев,Управление пассажирского транспорта и автомобильных дорог Алматинской области,"ТОО ""Автобусный парк Алматинской области""",Постановление  № 205 от 23.06.2023 г.,"ТОО ""Автобусный парк Алматинской области""",,,Автобус ZHONGTONG LCK6125HGAN  425 BC 05 LDYGCS3T1K0010763,425BC05,
69,город Қонаев,Управление пассажирского транспорта и автомобильных дорог Алматинской области,"ТОО ""Автобусный парк Алматинской области""",Постановление  № 205 от 23.06.2023 г.,"ТОО ""Автобусный парк Алматинской области""",Саурыков Р,,Автобус ZHONGTONG LCK6125HGAN  426 BC 05 LDYGCS3T2K0010755,426BC05,"на 1 автобус по 2 водителя, расходы 2-го водитля включен"
70,город Қонаев,Управление пассажирского транспорта и автомобильных дорог Алматинской области,"ТОО ""Автобусный парк Алматинской области""",Постановление  № 205 от 23.06.2023 г.,"ТОО ""Автобусный парк Алматинской области""",,,Автобус ZHONGTONG LCK6125HGAN  436 BC 05 LDYGCS3TXK0011166,436BC05,
71,город Қонаев,Управление пассажирского транспорта и автомобильных дорог Алматинской области,"ТОО ""Автобусный парк Алматинской области""",Постановление  № 205 от 23.06.2023 г.,"ТОО ""Автобусный парк Алматинской области""",Дуадаков Н,,Автобус ZHONGTONG LCK6125HGAN  442 BC 05 LDYGCS3TXK0006064,442BC05,"на 1 автобус по 2 водителя, расходы 2-го водитля включен"
72,город Қонаев,Управление пассажирского транспорта и автомобильных дорог Алматинской области,"ТОО ""Автобусный парк Алматинской области""",Постановление  № 205 от 23.06.2023 г.,"ТОО ""Автобусный парк Алматинской области""",,,Автобус ZHONGTONG LCK6125HGAN  461 BC 05 LDYGCS3T5K0009518,461BC05,
73,город Қонаев,Управление пассажирского транспорта и автомобильных дорог Алматинской области,"ТОО ""Автобусный парк Алматинской области""",Постановление  № 205 от 23.06.2023 г.,"ТОО ""Автобусный парк Алматинской области""",,,Автобус ZHONGTONG LCK6125HGAN  855 BG 05 LDYGCS3T7K0010749,855BG05,
74,город Қонаев,Управление пассажирского транспорта и автомобильных дорог Алматинской области,"ТОО ""Автобусный парк Алматинской области""",Постановление  № 205 от 23.06.2023 г.,"ТОО ""Автобусный парк Алматинской области""",,,Автобус ZHONGTONG LCK6125HGAN  870 BG 05 LDYGCS3T2K0009573,870BG05,
75,город Қонаев,Управление пассажирского транспорта и автомобильных дорог Алматинской области,"ТОО ""Автобусный парк Алматинской области""",Постановление  № 205 от 23.06.2023 г.,"ТОО ""Автобусный парк Алматинской области""",,,Автобус ZHONGTONG LCK6125HGAN  874 BG 05 LDYGCS3T8K0011179,874BG05,
76,город Қонаев,Управление пассажирского транспорта и автомобильных дорог Алматинской области,"ТОО ""Автобусный парк Алматинской области""",Постановление  № 205 от 23.06.2023 г.,"ТОО ""Автобусный парк Алматинской области""",Косимов М,,Автобус ZHONGTONG LCK6125HGAN  906 BG 05 LDYGCS3T8K0010761,906BG05,"на 1 автобус по 2 водителя, расходы 2-го водитля включен"
77,город Қонаев,Управление пассажирского транспорта и автомобильных дорог Алматинской области,"ТОО ""Автобусный парк Алматинской области""",Постановление  № 205 от 23.06.2023 г.,"ТОО ""Автобусный парк Алматинской области""",,,Автобус ZHONGTONG LCK6125HGAN  910 BG 05 LDYGCS3TXK0010762,910BG05,
78,город Қонаев,Управление пассажирского транспорта и автомобильных дорог Алматинской области,"ТОО ""Автобусный парк Алматинской области""",Постановление  № 205 от 23.06.2023 г.,"ТОО ""Автобусный парк Алматинской области""",,,Автобус ZHONGTONG LCK6125HGAN  914 BG 05 LDYGCS3T6K0010757,914BG05,
79,город Қонаев,Управление пассажирского транспорта и автомобильных дорог Алматинской области,"ТОО ""Автобусный парк Алматинской области""",Постановление  № 205 от 23.06.2023 г.,"ТОО ""Автобусный парк Алматинской области""",,,Автобус ZHONGTONG LCK6125HGAN  919 BG 05 LDYGCS3T8K0009514,919BG05,
80,город Қонаев,Управление пассажирского транспорта и автомобильных дорог Алматинской области,"ТОО ""Автобусный парк Алматинской области""",Постановление  № 205 от 23.06.2023 г.,"ТОО ""Автобусный парк Алматинской области""",,,Автобус ZHONGTONG LCK6125HGAN  941 BG 05 LDYGCS3T5K0010734,941BG05,
81,город Қонаев,Управление пассажирского транспорта и автомобильных дорог Алматинской области,"ТОО ""Автобусный парк Алматинской области""",Постановление  № 205 от 23.06.2023 г.,"ТОО ""Автобусный парк Алматинской области""",,,Автобус ZHONGTONG LCK6125HGAN  971 BG 05 LDYGCS3T0K0010754,971BG05,
82,город Қонаев,Управление пассажирского транспорта и автомобильных дорог Алматинской области,"ТОО ""Автобусный парк Алматинской области""",Постановление  № 205 от 23.06.2023 г.,"ТОО ""Автобусный парк Алматинской области""",,,Автобус ZHONGTONG LCK6125HGAN  980 BG 05 LDYGCS3T5K0009535,980BG05,
83,город Қонаев,Управление пассажирского транспорта и автомобильных дорог Алматинской области,"ТОО ""Автобусный парк Алматинской области""",Постановление  № 205 от 23.06.2023 г.,"ТОО ""Автобусный парк Алматинской области""",,,Автобус  Лиаз-529360   220 BC 05 XTY529360H0001850,220BC05,
84,город Қонаев,Управление пассажирского транспорта и автомобильных дорог Алматинской области,"ТОО ""Автобусный парк Алматинской области""",Постановление  № 205 от 23.06.2023 г.,"ТОО ""Автобусный парк Алматинской области""",,,Автобус  Лиаз-529360   236BC 05 XTY529360H0001844,236BC05,
85,город Қонаев,Управление пассажирского транспорта и автомобильных дорог Алматинской области,"ТОО ""Автобусный парк Алматинской области""",Постановление  № 205 от 23.06.2023 г.,"ТОО ""Автобусный парк Алматинской области""",,,Автобус  Лиаз-529360   240BC 05 XTY529360H0001819,240BC05,
86,город Қонаев,Управление пассажирского транспорта и автомобильных дорог Алматинской области,"ТОО ""Автобусный парк Алматинской области""",Постановление  № 205 от 23.06.2023 г.,"ТОО ""Автобусный парк Алматинской области""",,,Автобус  Лиаз-529360   387BC 05 XTY529360H0001851,387BC05,
87,город Қонаев,Управление пассажирского транспорта и автомобильных дорог Алматинской области,"ТОО ""Автобусный парк Алматинской области""",Постановление  № 205 от 23.06.2023 г.,"ТОО ""Автобусный парк Алматинской области""",,,Автобус  Лиаз-529360   403BC 05 XTY529360H0001806,403BC05,
88,город Қонаев,Управление пассажирского транспорта и автомобильных дорог Алматинской области,"ТОО ""Автобусный парк Алматинской области""",Постановление  № 205 от 23.06.2023 г.,"ТОО ""Автобусный парк Алматинской области""",,,Автобус  Лиаз-529360   453BC 05 XTY529360H0001902,453BC05,
89,город Қонаев,Управление пассажирского транспорта и автомобильных дорог Алматинской области,"ТОО ""Автобусный парк Алматинской области""",Постановление  № 205 от 23.06.2023 г.,"ТОО ""Автобусный парк Алматинской области""",,,Автобус  Лиаз-529360   492 BC 05 XTY529360H0001813,492BC05,
90,город Қонаев,Управление пассажирского транспорта и автомобильных дорог Алматинской области,"ТОО ""Автобусный парк Алматинской области""",Постановление  № 205 от 23.06.2023 г.,"ТОО ""Автобусный парк Алматинской области""",Раимов Нурбек,,Dong Feng  204 BC 05 BWC6665GA5 School Bus X896665GAL2ET3115 204 BC 05,204BC05,"на 1 автобус по 2 водителя, расходы 2-го водитля включен"
91,город Қонаев,Управление пассажирского транспорта и автомобильных дорог Алматинской области,"ТОО ""Автобусный парк Алматинской области""",Постановление  № 205 от 23.06.2023 г.,"ТОО ""Автобусный парк Алматинской области""",Байсынов Кайрат,,Dong Feng 057 BC 05BWC6665GA5 School Bus X896665GAL2ET3117 057 BC 05,057BC05,"на 1 автобус по 2 водителя, расходы 2-го водитля включен"
92,город Қонаев,Управление пассажирского транспорта и автомобильных дорог Алматинской области,"ТОО ""Автобусный парк Алматинской области""",Постановление  № 205 от 23.06.2023 г.,"ТОО ""Автобусный парк Алматинской области""",Ержанов Козыбай,,Dong Feng 064 BC05 BWC6665GA5 School Bus X896665GAL2ET3165 064 BC 05,064BC05,"на 1 автобус по 2 водителя, расходы 2-го водитля включен"
93,город Қонаев,Управление пассажирского транспорта и автомобильных дорог Алматинской области,"ТОО ""Автобусный парк Алматинской области""",Постановление  № 205 от 23.06.2023 г.,"ТОО ""Автобусный парк Алматинской области""",Кукимбаев Ербол,,Dong Feng 140 BC05  BWC6665GA5 School Bus X896665GAL2ET3163 140 BC 05,140BC05,"на 1 автобус по 2 водителя, расходы 2-го водитля включен"
94,город Қонаев,Управление пассажирского транспорта и автомобильных дорог Алматинской области,"ТОО ""Автобусный парк Алматинской области""",Постановление  № 205 от 23.06.2023 г.,"ТОО ""Автобусный парк Алматинской области""",,,Dong Feng 152 BH05 BWC6665GA5 School Bus X896665GAL2ET3162 152 BH 05,152BH05,
95,город Қонаев,Управление пассажирского транспорта и автомобильных дорог Алматинской области,"ТОО ""Автобусный парк Алматинской области""",Постановление  № 205 от 23.06.2023 г.,"ТОО ""Автобусный парк Алматинской области""",Нусипов Азат,,Dong Feng 179 BC 05  BWC6665GA5 School Bus X896665GAL2ET3146 179 BC 05,179BC05,"на 1 автобус по 2 водителя, расходы 2-го водитля включен"
96,город Қонаев,Управление пассажирского транспорта и автомобильных дорог Алматинской области,"ТОО ""Автобусный парк Алматинской области""",Постановление  № 205 от 23.06.2023 г.,"ТОО ""Автобусный парк Алматинской области""",Шойлиев Жомарт,,Dong Feng 261 BC 05 BWC6665GA5 School Bus X896665GAL2ET3118 261 BC 05,261BC05,"на 1 автобус по 2 водителя, расходы 2-го водитля включен"
97,город Қонаев,Управление пассажирского транспорта и автомобильных дорог Алматинской области,"ТОО ""Автобусный парк Алматинской области""",Постановление  № 205 от 23.06.2023 г.,"ТОО ""Автобусный парк Алматинской области""",,,Dong Feng 263 BC 05 BWC6665GA5 School Bus X896665GAL2ET3116 263 BC 05,263BC05,
98,город Қонаев,Управление пассажирского транспорта и автомобильных дорог Алматинской области,"ТОО ""Автобусный парк Алматинской области""",Постановление  № 205 от 23.06.2023 г.,"ТОО ""Автобусный парк Алматинской области""",Толешов Ербол,,Dong Feng 338 BC 05  BWC6665GA5 School Bus X896665GAL2ET3112 338 BC 05,338BC05,"на 1 автобус по 2 водителя, расходы 2-го водитля включен"
99,город Қонаев,Управление пассажирского транспорта и автомобильных дорог Алматинской области,"ТОО ""Автобусный парк Алматинской области""",Постановление  № 205 от 23.06.2023 г.,"ТОО ""Автобусный парк Алматинской области""",,,Dong Feng 876 BG 05 BWC6665GA5 School Bus X896665GAL2ET3161 876 BG 05,876BG05,
100,город Қонаев,Управление пассажирского транспорта и автомобильных дорог Алматинской области,"ТОО ""Автобусный парк Алматинской области""",Постановление  № 205 от 23.06.2023 г.,"ТОО ""Автобусный парк Алматинской области""",Тохтиев Камиль,,Dong Feng 954 BG 05 BWC6665GA5 School Bus X896665GAL2ET3159 954 BG 05,954BG05,"на 1 автобус по 2 водителя, расходы 2-го водитля включен"
101,город Қонаев,Управление пассажирского транспорта и автомобильных дорог Алматинской области,"ТОО ""Автобусный парк Алматинской области""",Постановление  № 205 от 23.06.2023 г.,"ТОО ""Автобусный парк Алматинской области""",Далабаев Улан,,Dong Feng BWC6665GA5 School Bus X896665GAL2ET3114 493 BC 05,493BC05,"на 1 автобус по 2 водителя, расходы 2-го водитля включен"
102,город Қонаев,Управление пассажирского транспорта и автомобильных дорог Алматинской области,"ТОО ""Автобусный парк Алматинской области""",Постановление  № 205 от 23.06.2023 г.,"ТОО ""Автобусный парк Алматинской области""",Манкеев Куат,,Dong Feng BWC6665GA5 School Bus X896665GAL2ET3144 123 BC 05,123BC05,"на 1 автобус по 2 водителя, расходы 2-го водитля включен"
103,город Қонаев,Управление пассажирского транспорта и автомобильных дорог Алматинской области,"ТОО ""Автобусный парк Алматинской области""",Постановление  № 205 от 23.06.2023 г.,"ТОО ""Автобусный парк Алматинской области""",,,Dong Feng BWC6665GA5 School Bus X896665GAL2ET3145 390 BC 05,390BC05,
104,город Қонаев,Управление пассажирского транспорта и автомобильных дорог Алматинской области,"ТОО ""Автобусный парк Алматинской области""",Постановление  № 205 от 23.06.2023 г.,"ТОО ""Автобусный парк Алматинской области""",Халыков Ерлик,,Dong Feng BWC6665GA5 School Bus X896665GAL2ET3148 185 BC 05,185BC05,"на 1 автобус по 2 водителя, расходы 2-го водитля включен"
105,город Қонаев,Управление пассажирского транспорта и автомобильных дорог Алматинской области,"ТОО ""Автобусный парк Алматинской области""",Постановление  № 205 от 23.06.2023 г.,"ТОО ""Автобусный парк Алматинской области""",Орынбасов Нуржан,,Dong Feng BWC6665GA5 School Bus X896665GAL2ET3149 385 BC 05,385BC05,"на 1 автобус по 2 водителя, расходы 2-го водитля включен"
106,город Қонаев,Управление пассажирского транспорта и автомобильных дорог Алматинской области,"ТОО ""Автобусный парк Алматинской области""",Постановление  № 205 от 23.06.2023 г.,"ТОО ""Автобусный парк Алматинской области""",Ушуров Нариман,,Dong Feng BWC6665GA5 School Bus X896665GAL2ET3150 496 BC 05,496BC05,"на 1 автобус по 2 водителя, расходы 2-го водитля включен"
107,город Қонаев,Управление пассажирского транспорта и автомобильных дорог Алматинской области,"ТОО ""Автобусный парк Алматинской области""",Постановление  № 205 от 23.06.2023 г.,"ТОО ""Автобусный парк Алматинской области""",Разиев Махсутжан,,Dong Feng BWC6665GA5 School Bus X896665GAL2ET3151 419 BC 05,419BC05,"на 1 автобус по 2 водителя, расходы 2-го водитля включен"
108,город Қонаев,Управление пассажирского транспорта и автомобильных дорог Алматинской области,"ТОО ""Автобусный парк Алматинской области""",Постановление  № 205 от 23.06.2023 г.,"ТОО ""Автобусный парк Алматинской области""",Аатагулов Ерболсын,,Dong Feng BWC6665GA5 School Bus X896665GAL2ET3153 038 BC 05,038BC05,"на 1 автобус по 2 водителя, расходы 2-го водитля включен"
109,город Қонаев,Управление пассажирского транспорта и автомобильных дорог Алматинской области,"ТОО ""Автобусный парк Алматинской области""",Постановление  № 205 от 23.06.2023 г.,"ТОО ""Автобусный парк Алматинской области""",Талипов Кайрат,,Dong Feng BWC6665GA5 School Bus X896665GAL2ET3154 369 BC 05,369BC05,"на 1 автобус по 2 водителя, расходы 2-го водитля включен"
110,город Қонаев,Управление пассажирского транспорта и автомобильных дорог Алматинской области,"ТОО ""Автобусный парк Алматинской области""",Постановление  № 205 от 23.06.2023 г.,"ТОО ""Автобусный парк Алматинской области""",Камырбаев Кайрат,,Dong Feng BWC6665GA5 School Bus X896665GAL2ET3155 465 BC 05,465BC05,"на 1 автобус по 2 водителя, расходы 2-го водитля включен"
111,город Қонаев,Управление пассажирского транспорта и автомобильных дорог Алматинской области,"ТОО ""Автобусный парк Алматинской области""",Постановление  № 205 от 23.06.2023 г.,"ТОО ""Автобусный парк Алматинской области""",,,Dong Feng BWC6665GA5 School Bus X896665GAL2ET3156 489 BC 05,489BC05,
112,город Қонаев,Управление пассажирского транспорта и автомобильных дорог Алматинской области,"ТОО ""Автобусный парк Алматинской области""",Постановление  № 205 от 23.06.2023 г.,"ТОО ""Автобусный парк Алматинской области""",Сабиров А.Н.,,Dong Feng BWC6665GA5 School Bus X896665GAL2ET3157 466 BC 05,466BC05,"на 1 автобус по 2 водителя, расходы 2-го водитля включен"
113,город Қонаев,Управление пассажирского транспорта и автомобильных дорог Алматинской области,"ТОО ""Автобусный парк Алматинской области""",Постановление  № 205 от 23.06.2023 г.,"ТОО ""Автобусный парк Алматинской области""",,,Dong Feng BWC6665GA5 School Bus X896665GAL2ET3158 266 BH 05,266BH05,
114,город Қонаев,Управление пассажирского транспорта и автомобильных дорог Алматинской области,"ТОО ""Автобусный парк Алматинской области""",Постановление  № 205 от 23.06.2023 г.,"ТОО ""Автобусный парк Алматинской области""",,,Dong Feng BWC6665GA5 School Bus X896665GAL2ET3160 879 BG 05,879BG05,
115,город Қонаев,Управление пассажирского транспорта и автомобильных дорог Алматинской области,"ТОО ""Автобусный парк Алматинской области""",Постановление  № 205 от 23.06.2023 г.,"ТОО ""Автобусный парк Алматинской области""",,,Dong Feng BWC6665GA5 School Bus X896665GAL2ET3164 305 BC 05,305BC05,
116,город Қонаев,Управление пассажирского транспорта и автомобильных дорог Алматинской области,"ТОО ""Автобусный парк Алматинской области""",Постановление  № 205 от 23.06.2023 г.,"ТОО ""Автобусный парк Алматинской области""",Жиенбаев Берик,,Dong Feng BWC6665GA5 School Bus X896665GAL2ET3166 068 BC 05,068BC05,"на 1 автобус по 2 водителя, расходы 2-го водитля включен"
117,город Қонаев,Управление пассажирского транспорта и автомобильных дорог Алматинской области,"ТОО ""Автобусный парк Алматинской области""",Постановление  № 205 от 23.06.2023 г.,"ТОО ""Автобусный парк Алматинской области""",,,Dong Feng BWC6665GA5 School Bus X896665GAL2ET3167 196 BC 05,196BC05,
118,город Қонаев,Управление пассажирского транспорта и автомобильных дорог Алматинской области,"ТОО ""Автобусный парк Алматинской области""",Постановление  № 205 от 23.06.2023 г.,"ТОО ""Автобусный парк Алматинской области""",,,Dong Feng BWC6665GA5 School Bus X896665GAL2ET3168 350 BC 05,350BC05,
119,город Қонаев,Управление пассажирского транспорта и автомобильных дорог Алматинской области,"ТОО ""Автобусный парк Алматинской области""",Постановление  № 205 от 23.06.2023 г.,"ТОО ""Автобусный парк Алматинской области""",,,Dong Feng BWC6665GA5 School Bus X896665GAL2ET3169 315 BH 05,315BH05,
120,город Қонаев,Управление пассажирского транспорта и автомобильных дорог Алматинской области,"ТОО ""Автобусный парк Алматинской области""",Постановление  № 205 от 23.06.2023 г.,"ТОО ""Автобусный парк Алматинской области""",,,Dong Feng BWC6665GA5 School Bus X896665GAL2ET3170 834 BG 05,834BG05,
121,город Қонаев,Управление пассажирского транспорта и автомобильных дорог Алматинской области,"ТОО ""Автобусный парк Алматинской области""",Постановление  № 205 от 23.06.2023 г.,"ТОО ""Автобусный парк Алматинской области""",,,Dong Feng BWC6665GA5 School Bus X896665GAL2ET3171 902 BG 05,902BG05,
122,город Қонаев,Управление пассажирского транспорта и автомобильных дорог Алматинской области,"ТОО ""Автобусный парк Алматинской области""",Постановление  № 205 от 23.06.2023 г.,"ТОО ""Автобусный парк Алматинской области""",,,Dong Feng BWC6665GA5 School Bus X896665GAL2ET3172 234 BH 05,234BH05,
123,город Қонаев,Управление пассажирского транспорта и автомобильных дорог Алматинской области,"ТОО ""Автобусный парк Алматинской области""",Постановление  № 205 от 23.06.2023 г.,"ТОО ""Автобусный парк Алматинской области""",,,Dong Feng BWC6665GA5 School Bus X896665GAL2ET3173 326 BH 05,326BH05,
124,город Қонаев,Управление пассажирского транспорта и автомобильных дорог Алматинской области,"ТОО ""Автобусный парк Алматинской области""",Постановление  № 205 от 23.06.2023 г.,"ТОО ""Автобусный парк Алматинской области""",,,Dong Feng BWC6665GA5 School Bus X896665GAL2ET3174 986 BG 05,986BG05,
125,город Қонаев,Управление пассажирского транспорта и автомобильных дорог Алматинской области,"ТОО ""Автобусный парк Алматинской области""",Постановление  № 205 от 23.06.2023 г.,"ТОО ""Автобусный парк Алматинской области""",,,Dong Feng BWC6665GA5 School Bus X896665GAL2ET3175 182 BH 05,182BH05,
126,город Қонаев,Управление пассажирского транспорта и автомобильных дорог Алматинской области,"ТОО ""Автобусный парк Алматинской области""",Постановление  № 205 от 23.06.2023 г.,"ТОО ""Автобусный парк Алматинской области""",,,Dong Feng BWC6665GA5 School Bus X896665GAL2ET3176 448 BC 05,448BC05,
127,город Қонаев,Управление пассажирского транспорта и автомобильных дорог Алматинской области,"ТОО ""Автобусный парк Алматинской области""",Постановление  № 205 от 23.06.2023 г.,"ТОО ""Автобусный парк Алматинской области""",,,Dong Feng BWC6665GA5 School Bus X896665GAL2ET3177 129 BH 05,129BH05,
128,город Қонаев,Управление пассажирского транспорта и автомобильных дорог Алматинской области,"ТОО ""Автобусный парк Алматинской области""",Постановление  № 205 от 23.06.2023 г.,"ТОО ""Автобусный парк Алматинской области""",,,Dong Feng BWC6665GA5 School Bus X896665GAL2ET3178 967 BG 05,967BG05,
129,город Қонаев,Управление пассажирского транспорта и автомобильных дорог Алматинской области,"ТОО ""Автобусный парк Алматинской области""",Постановление  № 205 от 23.06.2023 г.,"ТОО ""Автобусный парк Алматинской области""",Саламатов Ерлан,,Dong Feng BWC6665GA5 School Bus X896665GAL2ET3179 862 BC 05,862BC05,"на 1 автобус по 2 водителя, расходы 2-го водитля включен"
130,город Қонаев,Управление пассажирского транспорта и автомобильных дорог Алматинской области,"ТОО ""Автобусный парк Алматинской области""",Постановление  № 205 от 23.06.2023 г.,"ТОО ""Автобусный парк Алматинской области""",Омаров Нуртай,,Dong Feng BWC6665GA5 School Bus X8966665GAL2ET3152 257 BC 05,257BC05,"на 1 автобус по 2 водителя, расходы 2-го водитля включен"
131,город Қонаев,Управление пассажирского транспорта и автомобильных дорог Алматинской области,"ТОО ""Автобусный парк Алматинской области""",Постановление  № 205 от 23.06.2023 г.,"ТОО ""Автобусный парк Алматинской области""",,,ГАЗ 322132-244 X96322132D0765704 455 BC 05,455BC05,
132,город Қонаев,Управление пассажирского транспорта и автомобильных дорог Алматинской области,"ТОО ""Автобусный парк Алматинской области""",Постановление  № 205 от 23.06.2023 г.,"ТОО ""Автобусный парк Алматинской области""",,,ГАЗ 322132244 X96322132E0780081 498 AZ 05,498AZ05,
133,город Қонаев,Управление пассажирского транспорта и автомобильных дорог Алматинской области,"ТОО ""Автобусный парк Алматинской области""",Постановление  № 205 от 23.06.2023 г.,"ТОО ""Автобусный парк Алматинской области""",Абдуллаев Ф,,ГАЗ A65R33 Z76A65R33LS000396 326 BC 05,326BC05,"на 1 автобус по 2 водителя, расходы 2-го водитля включен"
134,город Қонаев,Управление пассажирского транспорта и автомобильных дорог Алматинской области,"ТОО ""Автобусный парк Алматинской области""",Постановление  № 205 от 23.06.2023 г.,"ТОО ""Автобусный парк Алматинской области""",,,ГАЗ-322131-95 32210070309748 321 BC 05,321BC05,
135,город Қонаев,Управление пассажирского транспорта и автомобильных дорог Алматинской области,"ТОО ""Автобусный парк Алматинской области""",Постановление  № 205 от 23.06.2023 г.,"ТОО ""Автобусный парк Алматинской области""",,,ГАЗ-65R33 Z76A65R33LS000399 458 BC 05,458BC05,
136,город Қонаев,Управление пассажирского транспорта и автомобильных дорог Алматинской области,"ТОО ""Автобусный парк Алматинской области""",Постановление  № 205 от 23.06.2023 г.,"ТОО ""Автобусный парк Алматинской области""",,,ГАЗ-65R33 Z76A65R33LS000451 189 BC 05,189BC05,
137,город Қонаев,Управление пассажирского транспорта и автомобильных дорог Алматинской области,"ТОО ""Автобусный парк Алматинской области""",Постановление  № 205 от 23.06.2023 г.,"ТОО ""Автобусный парк Алматинской области""",,,ГАЗ-65R33 Z76A65R33LS000452 378 BC 05,378BC05,
138,город Қонаев,Управление пассажирского транспорта и автомобильных дорог Алматинской области,"ТОО ""Автобусный парк Алматинской области""",Постановление  № 205 от 23.06.2023 г.,"ТОО ""Автобусный парк Алматинской области""",,,ГАЗ-65R33 Z76A65R33LS000454 244 BC 05,244BC05,
139,город Қонаев,Управление пассажирского транспорта и автомобильных дорог Алматинской области,"ТОО ""Автобусный парк Алматинской области""",Постановление  № 205 от 23.06.2023 г.,"ТОО ""Автобусный парк Алматинской области""",,,ГАЗ32213217 322100C0504969 499 AZ 05,499AZ05,
140,город Қонаев,Управление пассажирского транспорта и автомобильных дорог Алматинской области,"ТОО ""Автобусный парк Алматинской области""",Постановление  № 205 от 23.06.2023 г.,"ТОО ""Автобусный парк Алматинской области""",Нүсіп Бақытжан,,Газель NEXT Z76A65R33LS000510/1 214 BC 05,214BC05,"на 1 автобус по 2 водителя, расходы 2-го водитля включен"
141,город Қонаев,Управление пассажирского транспорта и автомобильных дорог Алматинской области,"ТОО ""Автобусный парк Алматинской области""",Постановление  № 205 от 23.06.2023 г.,"ТОО ""Автобусный парк Алматинской области""",Алимбаев Улан,,Газель NEXT Z76A65R33LS000511/2 027 BC 05,027BC05,"на 1 автобус по 2 водителя, расходы 2-го водитля включен"
город Алатау,,,,,,,,,,
1,г. Алатау,"ГУ ""Аппарат маслихата г. Алатау""","ГУ ""Аппарат маслихата г. Алатау""",Тех.паспорт          № VL09000188,"ГУ ""Аппарат маслихата г. Алатау""",Председптель маслихата Р. Абилова/ водитель З.Бабакулов,,Hyundai Elantra,011BC05,
2,г. Алатау,"ГУ ""Аппарат акима г. Алатау""","ГУ ""Аппарат акима г. Алатау""",Тех.паспорт ВВ99998888,"ГУ ""Аппарат акима г. Алатау""",Аким города / водитель -вакансия,2024-11-06 00:00:00,Hyundai Sonata,033ВС05,
3,г. Алатау,"ГУ ""Аппарат акима г. Алатау""","ГУ ""Аппарат акима г. Алатау""",Тех.паспорт ВВ99998889,"ГУ ""Аппарат акима г. Алатау""",Зам.акима/водитель Алимов Д.,2024-11-06 00:00:00,Hyundai Elantra,280ВС05,
4,г. Алатау,"ГУ ""Аппарат акима г. Алатау""","ГУ ""Аппарат акима г. Алатау""",Тех.паспорт ВВ99998891,"ГУ ""Аппарат акима г. Алатау""",Зам.акима/  водитель -вакансия,2024-11-06 00:00:00,Hyundai Elantra,016ВС05,
5,г. Алатау,"ГУ ""Аппарат акима г. Алатау""","ГУ ""Аппарат акима г. Алатау""",Тех.паспорт ВВ99998887,"ГУ ""Аппарат акима г. Алатау""",Зам.акима/  водитель -вакансия,2024-11-06 00:00:00,Hyundai Elantra,464ВС05,
6,г. Алатау,"ГУ ""Аппарат акима г. Алатау""","ГУ ""Аппарат акима г. Алатау""",Тех.паспорт ВВ99998889,"ГУ ""Аппарат акима г. Алатау""",Дежурная,2024-11-06 00:00:00,Hyundai Elantra,323ВС05,
7,г. Алатау,"ГУ ""Аппарат акима г. Алатау""","ГУ ""Аппарат акима г. Алатау""",Тех.паспорт АН00494971,"ГУ ""Аппарат акима г. Алатау""",Дежурная,2025-05-06 00:00:00,Chevrolet Cobalt,859ВС05,
8,г. Алатау,"ГУ ""Отдел занятости и социальных программ г. Алатау""","ГУ ""Отдел занятости и социальных программ г. Алатау""",Тех.паспорт VL11662856,"ГУ ""Отдел занятости и социальных программ г. Алатау""",,,SKODA Super B,186BC05,требует ремонта не на ходу
9,г. Алатау,"ГУ ""Отдел занятости и социальных программ г. Алатау""","ГУ ""Отдел занятости и социальных программ г. Алатау""",Тех.паспорт AR99884649,"ГУ ""Отдел занятости и социальных программ г. Алатау""",Руководитель отдела Дүйсебаева К. /водитель  Серик А.С,,Hyundai Elantra,466BH05,
10,г. Алатау,"ГУ ""Отдел занятости и социальных программ г. Алатау""","ГУ ""Отдел занятости и социальных программ г. Алатау""",Тех.паспорт AR99877395,"ГУ ""Отдел занятости и социальных программ г. Алатау""",Новая машина приобретенная для КГУ,№ 29б от 17.06.2026 г.,Hyundai Custin,114BN05,
11,г. Алатау,"ГУ ""Отдел внутренней политики г.Алатау""","ГУ ""Отдел внутренней политики г.Алатау""",Тех.паспорт AL99879887,"ГУ ""Отдел внутренней политики г.Алатау""",Руководитель отдела Акжигитов А.У / нет водителя,№ 42 от 20.02.2025 г.,Hyundai Elantra,540BH05,
12,Алатау,"ГУ ""Отдел сельского хозяйства""","ГУ ""Отдел сельского хозяйства""",Тех.паспорт AL99872045,"ГУ ""Отдел сельского хозяйства""",Руководитель отдела Жетеуов Д. / нет водителя,,LADA 4X4,B133BI05,
13,г. Алатау,"ГУ ""Отдел ЖКХ и ЖИ г. Алатау""","ГУ ""Отдел ЖКХ и ЖИ г. Алатау""",техпаспорт                   AL99878916,"ГУ ""Отдел ЖКХ и ЖИ г. Алатау""",Руководителя отдела Жексенбеков А./ нет водителя,,SKODA OCTAVIA,538BH05,
14,г. Алатау,"ГУ ""Отдел ПТ и АД г. Алатау""","ГУ ""Отдел ПТ и АД г. Алатау""",техпаспорт                   AH00494507,"ГУ ""Отдел ПТ и АД г. Алатау""",Руководитель отдела Досалинов Д./ нет водителя,,Chevrolet Cobalt,921BC05,
15,город Алатау,ГУ «Отдел экономики и финансов города Алатау»,ГУ «Отдел экономики и финансов города Алатау»,Тех.паспорт BB99998224,ГУ «Отдел экономики и финансов города Алатау»,Руководитель отдела -вакансия /  водитель -вакансия,,SKODA SUPERB B6,340ВС05,
16,город Алатау,ГУ «Отдел экономики и финансов города Алатау»,ГУ «Отдел экономики и финансов города Алатау»,Тех.паспорт BB99998224,ГУ «Отдел экономики и финансов города Алатау»,Руководитель отдела -вакансия /  водитель -вакансия,,Mufasa,460ВN05,новая
17,город Алатау,ГУ «Отдел земельных отношений города Алатау»,ГУ «Отдел земельных отношений города Алатау»,Тех.паспорт AL99880661,ГУ «Отдел земельных отношений города Алатау»,Руководитель отдела -Тургумбеков Д. /  нет водителя,,Chevrolet Cobalt,894BF05,
18,город Алатау,ГУ «Отдел архитектуры и градостроительства города Алатау,ГУ «Отдел архитектуры и градостроительства города Алатау,Тех.паспорт BC99998347,ГУ «Отдел архитектуры и градостроительства города Алатау,Руководитель отдела -Сылдырбаев Н. /  нет водителя,,SKODA SUPERB B6,472BC05,требует ремонта не на ходу
19,город Алатау,ГУ «Отдел архитектуры и градостроительства города Алатау,ГУ «Отдел архитектуры и градостроительства города Алатау,Тех.паспорт BB99998224,ГГУ «Отдел архитектуры и градостроительства города Алатау,Руководитель отдела -Сылдырбаев Н. /  нет водителя,,Chevrolet Cobalt,550ВN05,
20,город Алатау,"ГУ ""Отдел строительства г. Алатау""","ГУ ""Отдел строительства г. Алатау""",Тех.паспорт АН00494620,"ГУ ""Отдел строительства г. Алатау""",Руководитель отдела -Сатыбалдиев Б. /  нет водителя,-,Scoda Superb B6,856ВС05,требует ремонта не на ходу
21,город Алатау,"ГУ ""Отдел строительства г. Алатау""","ГУ ""Отдел строительства г. Алатау""",Тех.паспорт АН99867696,"ГУ ""Отдел строительства г. Алатау""",Руководитель отдела -Сатыбалдиев Б. /  нет водителя,-,Hyundai Mufasa,210ВJ05,
22,город Алатау,"ГУ Отдел культуры,развития языков и физической культуры спорта г.Алатау","ГУ Отдел культуры,развития языков и физической культуры спорта г.Алатау",Тех.паспорт               VL12721867,"ГУ Отдел культуры, развития языков и физической культуры спорта г.Алатау",Главный специалист Жаксылык А водитель неимеется,Приказ №14 от 05.06.2026г,HYUNDAI  MUFASA,296BH05,новая
город Қонаев,,,,,,,,,,
1,г.Қонаев,"ГУ""Отдел предпринимательства города Қонаев""","ГУ ""Отдел предпринимательтва города Қонаев""",№техпаспорта BC99998489 23.06.2026,"ГУ ""Отдел предпринимательтва города Қонаев""","Елеуов Берик Муратович-руководитель ГУ ""Отдела предпринимательства города Қонаев"", Ештаев Сакен Абдикеримович-водитель ГУ ""Отдел предпринимательства города Қонаев""",нет,KIA Sportage 2025 год выпуска,056BC05,
2,г.Қонаев,"ГУ ""Аппарат акима г.Қонаев""","ГУ ""Аппарат акима г.Қонаев""",ВВ99998689,Акмурзаев Тимур Байболсынович,Коныскулов А.,№69-Б от 04.05.2026,KIA SORENTO,909BG05,2024
3,г.Қонаев,"ГУ ""Аппарат акима г.Қонаев""","ГУ ""Аппарат акима г.Қонаев""",ВВ99998690,Тұрсын Марат Файзуллаұлы,Цой Е.,№141-Б от 03.09.2025,KIA SORENTO,005ІІ05,2024
4,г.Қонаев,"ГУ ""Аппарат акима г.Қонаев""","ГУ ""Аппарат акима г.Қонаев""",ВВ99998204,Бердиханов Асхат Ермекович,Асхан Д.,№35-Б от 26.02.2026,TUCSON,949BG05,2025
5,г.Қонаев,"ГУ ""Аппарат акима г.Қонаев""","ГУ ""Аппарат акима г.Қонаев""",ВС99998962,Шахарбек Рахман Қуанышұлы,Бижигитов Д.,№20/1-Б от 03.02.2026,HYUNDAI ELANTRA,808AP05,2025
6,г.Қонаев,"ГУ ""Аппарат акима г.Қонаев""","ГУ ""Аппарат акима г.Қонаев""",ВС99998964,дежурный,Дюсембаев Б.,№20/1-Б от 03.02.2026,Тайота КАМРИ,845BG05,2017
7,г.Қонаев,"ГУ ""Аппарат акима Шенгельдинского сельского округа""","ГУ ""Аппарат акима Шенгельдинского сельского округа""",техпаспорт,"ГУ ""Аппарат акима Шенгельдинского сельского округа""",Ужбетов Серик Турсунтаевич Водитель,от 12 января 2026 года №2/2,HYUNDAI MUFASA,776BF05,нет
8,г.Қонаев,"ГУ ""Отдел сельского хозяйства города Қонаев ""","ГУ ""Отдел сельского хозяйства города Қонаев "" на балансе в отделе сельского хозяйства города Қонаев","постановление акимата города Қонаев №296 от 17 апреля 2025 года ""О некоторых вопросах коммунаоьной собственности города Қонаев"", технический пасорт BC 99999272",Ибраимов Аскар Абеугалиевич,"Исабек Елдар Амангелдңұлы, водитель",приказ №12 от 02.06.2025 года,«SKODA OCTAVIA» 2013 года выпуска,976ВҒ05,-
9,г.Қонаев,"ГУ ""Отдел экономики и финансов города Қонаев""","ГУ ""Отдел экономики и финансов города Қонаев""",техпаспорт номер AP99872014,"ГУ ""Отдел экономики и финансов города Қонаев""",Каракойшинов Усен Мухаметович водитель,01-14/02 от 01.03.2023г.,"HYUNDAI TUCSON , год выпуска 2025",508BG05,
10,г.Конаев,"ГУ ""Отдел занятости и социальных прорамм г.Конаев""","ГУ ""Отдел занятости и социальных прорамм г.Конаев"". Баланс",техпаспорт №BC99999309,"ГУ ""Отдел занятости и социальных прорамм г.Конаев"". Баланс",Лепесбаев Ельжаз Туякович,№9-Н от 09.02.2026г.,"KIA Sportage Classic, 2025 г.в.",996BF05,
11,г.Конаев,"КГУ ""Центр оказания специальных социальных услуг в условиях оказания услуг на дому""","КГУ ""Центр оказания специальных социальных услуг в условиях оказания услуг на дому""",техпаспорт №BC99998819,"КГУ ""Центр оказания специальных социальных услуг в условиях оказания услуг на дому""",Диханбаева Айгуль Турдахуновна,№2 от 05.01.2026г.,"Автобус ""Ford Transit"" (Инватакси), 2004 г.в.",068BH05,Неисправен. Полностью амортизирована. Годен к списанию.
12,г.Конаев,"КГУ ""Центр поддержки семьи"" ГУ ""Отдел занятости и социальных программ города Қонаев""","КГУ ""Центр поддержки семьи"" ГУ ""Отдел занятости и социальных программ города Қонаев""",АКТ приема -передачи № 6 от 22.04.2025 г.,"КГУ ""Центр поддержки семьи"" ГУ ""Отдел занятости и социальных программ города Қонаев""",Исамбекова Галима Амантаевна,№ 15-Н 19.06.2026,KIA Cerato 2011 г.в.,045VV05,"автомобиль в техническом неисправном состоянии, требует капитального ремонта"
13,г.Конаев,"ГУ""Отдел строительства города Қонаев""","ГУ""Отдел строительства города Қонаев""",№техпаспорта BC99999198 26.06.2025,"ГУ""Отдел строительства города Қонаев""","Бердигалиев Мирхан Темирханович-руководитель ГУ ""Отдела строительства города Қонаев"", Адильбеков Нерлан Абилканович-водитель ГУ ""Отдел строительства города Қонаев""",№ 24 от 16.10.2025,Hyundai TUCSON 2025 год выпуска,998ВН05,
14,г.Конаев,"ГКП на ПХВ ""Жасыл қала Қонаев""акимата г. Қонаев","ГКП на ПХВ ""Жасыл қала Қонаев""акимата г. Қонаев",№BC80007225                       30.01.2023г.,"ГКП на ПХВ ""Жасыл қала Қонаев""акимата г. Қонаев","Водитель, Корнюшко В.Е.",№2/1 от 05.01.2026г.,Автомобиль пассажирский Газ А65R35,385АК05,
15,г.Конаев,"ГКП на ПХВ ""Жасыл қала Қонаев""акимата г. Қонаев","ГКП на ПХВ ""Жасыл қала Қонаев""акимата г. Қонаев",№BC80007101               от 23.11.2022г.,"ГКП на ПХВ ""Жасыл қала Қонаев""акимата г. Қонаев","Бригадир, Жуманов А.Т.",№2/1 от 05.01.2026г.,Автомобиль Renault Duster,847BD05,
16,г.Конаев,"ГКП на ПХВ ""Жасыл қала Қонаев""акимата г. Қонаев","ГКП на ПХВ ""Жасыл қала Қонаев""акимата г. Қонаев",№AL00024431              от 16.04.2024г.,"ГКП на ПХВ ""Жасыл қала Қонаев""акимата г. Қонаев","Директор, Нуртаев Б.Т.",№10-І от 22.06.2026г.,Автомобиль JAC T6 белый,660BC05,
17,г.Конаев,"ГКП на ПХВ ""Жасыл қала Қонаев""акимата г. Қонаев","ГКП на ПХВ ""Жасыл қала Қонаев""акимата г. Қонаев",№BB99998872                   от 14.11.2024г.,"ГКП на ПХВ ""Жасыл қала Қонаев""акимата г. Қонаев","Зам.директора, Калиев Р.",№2/1 от 05.01.2026г.,Автомобиль CHEVROLET MALIBU,353BC05,
18,г.Конаев,"ГКП на ПХВ ""Жылу Орталығы"" акимата города Қонаев","ГКП на ПХВ ""Жылу Орталығы"" акимата города Қонаев",№техпаспорта BC99998452 10.03.2026 г.,"ГКП на ПХВ ""Жылу Орталығы"" акимата города Қонаев",заведующий гаражом Қадыр Бағдат Маратұлы,№ 50 от 27.01.2026,HYUNDAI  TUCSON 2025 год выпуска,048BС05,
,г.Конаев,"ГКП на ПХВ ""Көркейту""","ТОО ""Қонаев тұрғын үй"" передано в  доверительное управление Постановление № 1035 от 17 декабря 2024 года",Постановление № 1035 от 17 декабря 2024 года. Тех паспорт №ВС80006134 от 07.04.2015,"ТОО ""Қонаев тұрғын үй""",нету,Постановление № 1035 от 17 декабря 2024 года,Пляжеуборочная  прицепная машина,,
19,г.Қонаев,"ГКП на ПХВ ""Көркейту""","ТОО ""Қонаев тұрғын үй"" передано в  доверительное управление Постановление № 1035 от 17 декабря 2024 года",Постановление № 1035 от 17 декабря 2024 года. Тех паспорт BC№80006093 от 24.01.2015,"ТОО ""Қонаев тұрғын үй""",нету,Постановление № 1035 от 17 декабря 2024 года,Автогидроподьемник ВС-22Т-01 год выпуска 2014,319AL05,
20,г.Қонаев,"ГКП на ПХВ ""Көркейту""","ТОО ""Қонаев тұрғын үй"" передано в  доверительное управление Постановление № 1035 от 17 декабря 2024 года",Постановление № 1035 от 17 декабря 2024 года. Тех паспорт КГИ №185317 от 22.04.2015,"ТОО ""Қонаев тұрғын үй""",Маметов Ашим Ибраимович. Машинист-тракторист,Постановление № 1035 от 17 декабря 2024 года,"Трактор Беларус МТЗ 82,1 год выпуска 2014",B963AAB,
21,г.Қонаев,"ГКП на ПХВ ""Көркейту""","ТОО ""Қонаев тұрғын үй"" передано в  доверительное управление Постановление № 1035 от 17 декабря 2024 года",Постановление № 1035 от 17 декабря 2024 года. Тех паспорт №ВС80006829 от 21.10.2019,"ТОО ""Қонаев тұрғын үй""",Рысбеков Аскар Ныгыманович.Водитель-крановщик,Постановление № 1035 от 17 декабря 2024 года,Автогидроподъемник  Газ-33088 год выпуска 2017,173АS05,
22,г.Қонаев,"ГКП на ПХВ ""Көркейту""","ТОО ""Қонаев тұрғын үй"" передано в  доверительное управление Постановление № 1035 от 17 декабря 2024 года",Постановление № 1035 от 17 декабря 2024 года. Тех паспорт №BC80006830 от 21.10.2019,"ТОО ""Қонаев тұрғын үй""",нету,Постановление № 1035 от 17 декабря 2024 года,Урал 5557  год выпуска 2017,629АS05,
23,г.Қонаев,"ГКП на ПХВ ""Көркейту""","ТОО ""Қонаев тұрғын үй"" передано в  доверительное управление Постановление № 1035 от 17 декабря 2024 года",Постановление № 1035 от 17 декабря 2024 года. Тех паспорт №ВС80006878 от 31.10.2020,"ТОО ""Қонаев тұрғын үй""",Исабаев Нурболат Насылбекович. Водитель грузового авто.,Постановление № 1035 от 17 декабря 2024 года,"Камаз 43253 (поливомоечная, снегоуборочная) год выпуска 2016",632AS05,
24,г.Қонаев,"ГКП на ПХВ ""Көркейту""","ТОО ""Қонаев тұрғын үй"" передано в  доверительное управление Постановление № 1035 от 17 декабря 2024 года",Постановление № 1035 от 17 декабря 2024 года. Тех паспорт ААА№006499 от 29.10.2019,"ТОО ""Қонаев тұрғын үй""",нету,Постановление № 1035 от 17 декабря 2024 года,Трактор 320.4 год выпуска 2016,В006ABB,
25,г.Қонаев,"ГКП на ПХВ ""Көркейту""","ТОО ""Қонаев тұрғын үй"" передано в  доверительное управление Постановление № 1035 от 17 декабря 2024 года",Постановление № 1035 от 17 декабря 2024 года. Тех паспорт AAB№002803 от 05.02.2021,"ТОО ""Қонаев тұрғын үй""",Елеуов Мухамедаут Кунапьянович. Машинист-тракторист,Постановление № 1035 от 17 декабря 2024 года,Фронтальный Погрузчик LW500HV,ATD104B,
26,г.Қонаев,"ГКП на ПХВ ""Көркейту""","ТОО ""Қонаев тұрғын үй"" передано в  доверительное управление Постановление № 1035 от 17 декабря 2024 года",Постановление № 1035 от 17 декабря 2024 года. Тех паспорт №99999495 от 16.07.2024,"ТОО ""Қонаев тұрғын үй""",Жарков Виктор Михайлович. Водитель грузового авто,Постановление № 1035 от 17 декабря 2024 года,SHACMAN год выпуска 2020,714ВF05,
27,г.Қонаев,"ГКП на ПХВ ""Көркейту""","ТОО ""Қонаев тұрғын үй"" передано в  доверительное управление Постановление № 1035 от 17 декабря 2024 года",Постановление № 1035 от 17 декабря 2024 года. Тех паспорт ВС№80005480 оь 28.05.2013,"ТОО ""Қонаев тұрғын үй""",нету,Постановление № 1035 от 17 декабря 2024 года,Chevrolet Cruze год выпуска 2013,748АА05,
28,г.Қонаев,"ГКП на ПХВ ""Көркейту""","ТОО ""Қонаев тұрғын үй"" передано в  доверительное управление Постановление № 1035 от 17 декабря 2024 года",Постановление № 1035 от 17 декабря 2024 года. Тех паспорт №ВС80005150 от 24.04.2012,"ТОО ""Қонаев тұрғын үй""",нету,Постановление № 1035 от 17 декабря 2024 года,Toyota Land Cruiser год выпуска 1999,B088CV,
29,г.Қонаев,"ГКП на ПХВ ""Көркейту""","ТОО ""Қонаев тұрғын үй"" передано в  доверительное управление Постановление № 1035 от 17 декабря 2024 года",Постановление № 1035 от 17 декабря 2024 года. Тех паспорт №BC99999452 от 15.08.2024,"ТОО ""Қонаев тұрғын үй""",Тюменцев Александр Генадьевич. Водитель автобуса,Постановление № 1035 от 17 декабря 2024 года,Автобус ПАЗ 320415-04 год выпуска 2022,772BF,
30,г.Қонаев,"ГКП на ПХВ ""Көркейту""","ТОО ""Қонаев тұрғын үй"" передано в  доверительное управление Постановление № 1035 от 17 декабря 2024 года",Постановление № 1035 от 17 декабря 2024 года. Тех паспорт ВС№80006479 от 11.05.2017,"ТОО ""Қонаев тұрғын үй""",нету,Постановление № 1035 от 17 декабря 2024 года,Subaru Legacy год выпуска 2007,697AR05,
31,г.Қонаев,"ГКП на ПХВ ""Көркейту""","ТОО ""Қонаев тұрғын үй"" передано в  доверительное управление Постановление № 1035 от 17 декабря 2024 года",Постановление № 1035 от 17 декабря 2024 года. Тех паспорт №ВС99999445 от 21.08.2024,"ТОО ""Қонаев тұрғын үй""",Абсаматов Досан Болатулы. Водитель,Постановление № 1035 от 17 декабря 2024 года,Skoda Octavia A7 год выпуска 2019,797BF,
32,г.Қонаев,"ГКП на ПХВ ""Көркейту""","ТОО ""Қонаев тұрғын үй"" передано в  доверительное управление Постановление № 1035 от 17 декабря 2024 года",Постановление № 1035 от 17 декабря 2024 года. Тех паспорт №ВС800006977 от 07.02.2022,"ТОО ""Қонаев тұрғын үй""",нету,Постановление № 1035 от 17 декабря 2024 года,Автомобиль  Lada 21214 год выпуска 2014,771BA05,
33,г.Қонаев,"ГККП ""Дом культуры города Конаев""","ГККП ""Дом культуры города Конаев""",№техпаспорта 03:055:001:816 от 12.01.2012 г.,"ГККП ""Дом культуры города Конаев""","Ашкиев Джумажан водитель  ГККП ""Дом культуры города Конаев""",нет,"MG 5 2024 г.в.


ГАЗ А65R33 2024 г.в.",404BH05,
34,г.Қонаев,"ГККП ""Дом культуры города Конаев""","ГККП ""Дом культуры города Конаев""",№техпаспорта 03:055:001:816 от 12.01.2012 г.,"ГККП ""Дом культуры города Конаев""","Ашкиев Джумажан водитель  ГККП ""Дом культуры города Конаев""",нет,ГАЗ А65R33 2024 г.в.,998BF05,
35,г.Қонаев,"ГККП ""Дом культуры города Конаев""","ГККП ""Дом культуры города Конаев""",№техпаспорта 03:055:001:816 от 12.01.2012 г.,"ГККП ""Дом культуры города Конаев""","Ашкиев Джумажан водитель  ГККП ""Дом культуры города Конаев""",нет,ГАЗ 322132-220 2007 г.в,B862BV,
36,г.Қонаев,"ГУ ""Отдел внутреннней политики г, Конаев""","ГУ ""Отдел внутреннней политики г, Конаев""",№техпаспорта BC99999128 14.07.2025,"ГУ ""Отдел внутреннней политики г, Конаев""","Торебеков Женис Еркимбекович-руководитель ГУ ""Отдел внутреннней политики г, Конаев"" Аймагамбетов  Дархан  Тюлюбаевич-водитель ГУ ГУ ""Отдел внутреннней политики г, Конаев""",приказ №01-38/8 от 02.06.2025,Автомобиль Hyundai TUCSON NX4 FL,272BI05,
37,г.Қонаев,ГКП на ПХВ «Қонаев Көркейту» акимата города Қонаев,ГКП на ПХВ «Қонаев Көркейту» акимата города Қонаев,"тех.паспорт №""ВС99999358 31.01.2025",ГКП на ПХВ «Қонаев Көркейту» акимата города Қонаев,Директор - Серикбаев Еркебулат Туленович,№ 19-П 01.04.2026 г,MERCEDES BENZ S 350 L,818BF05,
38,г.Қонаев,ГКП на ПХВ «Қонаев Көркейту» акимата города Қонаев,ГКП на ПХВ «Қонаев Көркейту» акимата города Қонаев,тех.паспорт №ВС99999356 31.01.2025,ГКП на ПХВ «Қонаев Көркейту» акимата города Қонаев,Заместитель директора -  Азаматов Канат Еркинбаевич,№18-П 01.04.2026г,Toyota Land Cruiser 200,969BF05,
39,г.Қонаев,ГКП на ПХВ «Қонаев Көркейту» акимата города Қонаев,ГКП на ПХВ «Қонаев Көркейту» акимата города Қонаев,тех.паспорт №ВС99999068 07.08.2025,ГКП на ПХВ «Қонаев Көркейту» акимата города Қонаев,Заместитель директора -  Курманалиев Ертай Кыдыралиевич,,TOYOTA COROLLA,244BH05,
40,г.Қонаев,ГКП на ПХВ «Қонаев Көркейту» акимата города Қонаев,ГКП на ПХВ «Қонаев Көркейту» акимата города Қонаев,тех.паспорт №ВС99999229 12.06.2025,ГКП на ПХВ «Қонаев Көркейту» акимата города Қонаев,Ведущий инженер - Илиев Азиз Ясынович,№ 153-П  12.12.2025г.,Chevrolet cruze,012BI05,
41,г.Қонаев,ГКП на ПХВ «Қонаев Көркейту» акимата города Қонаев,ГКП на ПХВ «Қонаев Көркейту» акимата города Қонаев,тех.паспорт №ВС99999305 26.03.2025,ГКП на ПХВ «Қонаев Көркейту» акимата города Қонаев,Менеджер по государственным закупам - Усенов Амирхан Муканович,,HYUNDAI ELANTRA,997BF05,
42,г.Қонаев,ГКП на ПХВ «Қонаев Көркейту» акимата города Қонаев,ГКП на ПХВ «Қонаев Көркейту» акимата города Қонаев,тех.паспорт №ВС99998385 26.03.2026,"Передан по договору  ГКП на ПХВ ""Жылу Орталығы"" акимата города Қонаев",,,GEELY EX5 EM-I,223BC05,
43,г.Қонаев,ГКП на ПХВ «Қонаев Көркейту» акимата города Қонаев,ГКП на ПХВ «Қонаев Көркейту» акимата города Қонаев,тех.паспорт №ВС99998421 19.03.2026,"Передан по договору   «ТОО ""ҚОНАЕВ ТҰРҒЫН ҮЙ""»",,,JETOUR JETOUR T2,356BC05,передача будет осуществлена договором пользования в близжайшее время
44,г.Қонаев,ГКП на ПХВ «Қонаев Көркейту» акимата города Қонаев,ГКП на ПХВ «Қонаев Көркейту» акимата города Қонаев,тех.паспорт №ВС99999291 04.04.2025,передан по договор  ГКП на ПХВ «Су Арнасы Конаев»,,,TANK 500,995BF05,
45,г.Қонаев,ГКП на ПХВ «Қонаев Көркейту» акимата города Қонаев,ГКП на ПХВ «Қонаев Көркейту» акимата города Қонаев,тех.паспорт №ВС99998851 15.10.2025,"Передан по договору   «ТОО ""ҚОНАЕВ ТҰРҒЫН ҮЙ""»",Аманжол Сабит Серикулы,Договор пользования от 1.04.2026,TOYOTA CAMRY,998BG05,
46,г.Қонаев,ГКП на ПХВ «Қонаев Көркейту» акимата города Қонаев,ГКП на ПХВ «Қонаев Көркейту» акимата города Қонаев,тех.паспорт №ВС99999140 09.07.2025,"Передан по договору   «ТОО ""ҚОНАЕВ ТҰРҒЫН ҮЙ""»",Коржикбаев Абубакир Умбетович,Договор пользования от 1.04.2026.,KIA OPTIMA,255BI05,
47,г.Қонаев,ГКП на ПХВ «Қонаев Көркейту» акимата города Қонаев,ГКП на ПХВ «Қонаев Көркейту» акимата города Қонаев,тех.паспорт №99999083 04.08.2025,Передан по  постоновлению ГКП на ПХВ «Жасыл қала»,,,KIA OPTIMA,556BC05,
48,г.Қонаев,ГКП на ПХВ «Қонаев Көркейту» акимата города Қонаев,ГКП на ПХВ «Қонаев Көркейту» акимата города Қонаев,тех.паспорт № ВС99999359 01.01.2016,Дежурная машина размещена на стоянке,,,Nissan Terana,960BF05,
49,г.Қонаев,ГКП на ПХВ «Қонаев Көркейту» акимата города Қонаев,ГКП на ПХВ «Қонаев Көркейту» акимата города Қонаев,тех.паспорт №ВС99999357 31.01.2026,Направлено в отдел государственных активов для дальнейшей продажи на аукционе,,,Skoda Octavia,954BF05,
50,г.Қонаев,ГКП на ПХВ «Қонаев Көркейту» акимата города Қонаев,ГКП на ПХВ «Қонаев Көркейту» акимата города Қонаев,тех.паспорт №ВС99999297 01.04.2025,Направлено в отдел государственных активов для дальнейшей продажи на аукционе,,,ГАЗ 3110 (волга),973BF05,
Балхашский район,,,,,,,,,,
1,"Алматинская область, Балхашский район, село Баканас",Аппарат акима Балхашского района,"Аппарат акима Балхашского района, Баланс",АН00106288,Аппарат акима Балхашского района,Кутпанбетов Азат Укитаевич аким Балхашского района/Нет,№18 от 17.09.2024г,Chevrolet Malibu/ 2023г.,919АК05,
2,"Алматинская область, Балхашский район, село Баканас",Аппарат акима Балхашского района,"Аппарат акима Балхашского района, Баланс",AP99871974,Аппарат акима Балхашского района,Кадир Аскар Кадирович заместитель акима района/ Нет,,Haval Dargo/2025г,494BG05,
3,"Алматинская область, Балхашский район, село Баканас",Аппарат акима Балхашского района,"Аппарат акима Балхашского района, Баланс",AH00496368,Аппарат акима Балхашского района,Нурманов Данияр Болатович заместитель акима района/ Нет,,Hyundai sonata/2024,656BG05,
4,"Алматинская область, Балхашский район, село Баканас",Аппарат акима Балхашского района,"Аппарат акима Балхашского района, Баланс",AH00495366,Аппарат акима Балхашского района,Алтынбаев Азамат Аскербекович заместитель акима района/Омарбаев Мурат,,Hyundai sonata/2024,737BG05,
5,"Алматинская область, Балхашский район, село Баканас",Аппарат акима Балхашского района,"Аппарат акима Балхашского района, Баланс",AH00495364,Аппарат акима Балхашского района,Оразбаев Галымжан Серикбаевич руководитель аппарата акима/Сабеков Ербол,,Hyundai sonata/2024,772BG05,
6,"Алматинская область, Балхашский район, село Баканас",Отдел сельского хозяства Балхашского района,Отдел сельского хозяства Балхашского района/баланс,BC99999268,Отдел сельского хозяства Балхашского района,"Руководитель отдела Муханов Буркут Амангелдиулы, Водитель Канапияев Алтынгали",№4 н/қ 05.01.2026,Hyundai Tucson 2018г.,015BI05,
7,"Алматинская область, Балхашский район, село Акжар",Аппарат акима Акжарского с/о,Аппарат акима Акжарского с/о/баланс,А100022664,Аппарат акима Акжарского с/о,Уркимбаев Айдын Темирбекович аким/Бейсенбек Нуржау,Распоряжение акима №67-Ө от 18.11.2024,Chevrolet Cobalt/ 2023г.,151AJ05,
8,"Алматинская область, Балхашский район, село Береке",Аппарат акима Берекенского с/о,Аппарат акима Берекенского с/о/баланс,BB80000880,Аппарат акима Берекенского с/о,Сундетбаев Дархан аким/Водитель Тасберик Досжан,№72-Ө  18.09.2024ж,Нива (Lada-21214) 2020г.,261VV05,
9,"Алматинская область, Балхашский район, село Баканас","ГУ ""Отдел внутренней политики Балхашского района""","ГУ ""Отдел внутренней политики Балхашского района"" баланс",АН00499443,"ГУ ""Отдел внутренней политики Балхашского района""","руководитель Аманжолова Гаухар Аманжоловна , водитель   Козыкенов Елнар Толеуханович",№09н/қ 17.09.24г,Chevrolet Tracker  2021г.в,858BC05,
10,"Алматинская область, Балхашский район, село Баканас","ГУ ""Отдел экономики и финансов Балхашского района""","ГУ ""Отдел экономики и финансов Балхашского района""/баланс",ВС99999857,"ГУ ""Отдел экономики и финансов Балхашского района""",руководитель отдела Толеубек Дархан Толеубекулы/Блац Лев,Приказ №72 05.09.24,TOYOTA COROLLA/ 2016,785BC05,
11,"Алматинская область, Балхашский район, село Акдала","ГУ ""Аппарат акима Акдалинского округа Балхашского района""","ГУ ""Аппарат акима Акдалинского округа Балхашского района""",AL89878542,"ГУ ""Аппарат акима Акдалинского округа Балхашского района""",аким Нарбаев Нурбол Акылбекович/ водитель -Халыков Данияр,"41-ө
11.04.2025",Haval M6/2025г,574BH05,
12,"Алматинская область, Балхашский район, село Топар",Аппарат акима Топарского сельского округа Балхашского района,"Аппарат акима Топарского сельского округа Балхашского района, Баланс",АR99879390,Аппарат акима Топарского сельского округа Балхашского района,Аким с/о Нургожаев Куат/ Водитель Кошанов Ержан,2026.01.20. №9,Chevrolet NIVA 2017г,493BH05,
13,"Алматинская область, Балхашский район, село Баканас","ГУ ""Отдел строительства Балхашского района""","ГУ ""Отдел строительства Балхашского района""/ Баланс",AP99854295,"ГУ ""Отдел строительства Балхашского района""",Руководитель отдела Абдиев Болат/ водитель Аманғазыев Жұмабек,01.06.2026г.      №13 б ж/қ,Chevrolet Cruze/2013,679BM05,
14,"Алматинская область, Балхашский район, село Балатопар","ГУ ""Аппарат акима Балатопарского сельского округа, Балхашского района""","ГУ ""Аппарат акима Балатопарского сельского округа, Балхашского района""/баланс",АL99878544,"ГУ ""Аппарат акима Балатопарского сельского округа, Балхашского района""",Аким Бажибаев Баглан Бакытбекович     водитель Кашкынбаев Азамат Талгатович,№34-Ө 11.04.2025ж,HAVAL M6    2025,594BH05,
15,"Алматинская область, Балхашский район, село Миялы","ГУ ""Аппарат акима Миялинского сельского округа Балхашского района""","ГУ ""Аппарат акима Миялинского сельского округа Балхашского района""/Баланс",AL99878521,"ГУ ""Аппарат акима Миялинского сельского округа Балхашского района""",аким-Аятбеков Нурлан Абжапарович/  водитель -БЕКТИБАЕВ АЙГЕЛДИ КОШКИНОВИЧ,32-ө    05.05.2026ж,HAVAL M6    /  2025,592BH05,
16,"Алматинская область, Балхашский район, село Коктал","ГУ ""Аппарат акима Коктальского сельского округа","ГУ ""Аппарат акима Коктальского сельского округа/баланс",LGWEF4A52SF702141,"ГУ ""Аппарат акима Коктальского сельского округа",Аким Огизбаев Айбар Гайниевич/                 Водитель Еркасым Досжан,11.04.2025  21-р,Haval M6/2025г,393BG05,
17,"Алматинская область, Балхашский район, село Бакбакты","ГУ ""Аппарат акима Бакбактинского сельского округа Балхашского района""","ГУ ""Аппарат акима Бакбактинского сельского округа Балхашского района""/Баланс",AP99871862,"ГУ ""Аппарат акима Бакбактинского сельского округа Балхашского района""",Онербеков Ермек Жайлауович аким/ Тулегенов Батырбек водитель,51-ө 11.04.2025 г,Haval M6/2025г,363BG05,
18,"Алматинская область, Балхашский район, село Баканас","ГУ""Отдел земельных отношений Балхашского района","ГУ""Отдел земельных отношений Балхашского района/Баланс",ВВ99999896,"ГУ""Отдел земельных отношений Балхашского района",Руководитель отдела Нарбаев Галым Рахымұлы/ Водитель Шабанбаев Аскар Байжолтаевич,,LADA 21214/2012,488ST05,
19,"Алматинская область, Балхашский район, село Баканас","ГКП ""Балқаш Таза су""","ГКП ""Балқаш Таза су""/баланс",АН00493661,"ГКП ""Балқаш Таза су""",Директор Балқаш таза су Камзин Бакытжан/Нет,,ВАЗ 21214/2013,679BG05,
20,"Алматинская область, Балхашский район, село Баканас","ГКП ""Балқаш Таза су""","ГКП ""Балқаш Таза су""/баланс",BC99998342,"ГКП ""Балқаш Таза су""",Директор Балқаш таза су Камзин Бакытжан/Нет,,SKODA SUPERB B6/2014,132ВН05,
21,"Алматинская область, Балхашский район, село Баканас","ГКП ""Балқаш Таза су""","ГКП ""Балқаш Таза су""/баланс",BC99999476,"ГКП ""Балқаш Таза су""",Директор Балқаш таза су Камзин Бакытжан/Нет,,Toyota land cruiser 200GX/2010,133ВН05,
22,"Алматинская область, Балхашский район, село Баканас","ГУ ""Отдел занятости и социальных программ Балхашского района""","ГУ ""Отдел занятости и социальных программ Балхашского района""",AP00030562,"ГУ ""Отдел занятости и социальных программ Балхашского района""",Руководитель отдела Булыбаева Рая Избасаровна/ водитель Битанов Аскат Даулетбекович,№03 ж/қ 03.02.2026ж.,HYUNDAI ACCENT 2020 г,594BI05,
23,"Алматинская область, Балхашский район, село Баканас","ГУ ""Отдел занятости и социальных программ Балхашского района""","ГУ ""Отдел занятости и социальных программ Балхашского района""",AR99883570,"ГУ ""Отдел занятости и социальных программ Балхашского района""",Руководитель отдела Булыбаева Рая Избасаровна/Водитель Мамышев Толеген Баясылович,06.01.2020г.,JAC SUNRAY 2025 г,416ВН05,
24,"Алматинская область, Балхашский район, село Баканас","ГУ ""Отдел занятости и социальных программ Балхашского района""","ГУ ""Отдел занятости и социальных программ Балхашского района""",BC80007308,"ГУ ""Отдел занятости и социальных программ Балхашского района""",Руководитель отдела Булыбаева Рая Избасаровна/Нет,-,FORD TRANSIT 2014 г,415AK05,
25,"Алматинская область, Балхашский район, село Куйган",Аппарат акима Куйганского сельского округа Балхашского района,"Аппарат акима Куйганского сельского округа  Балхашского района, Баланс",АL00022661,"Аппарат акима Куйганского сельского округа  Балхашского района, Баланс","Тыкыров Галимжан Тулеуович аким, Тулеуов Сайлау Аралтаевич                                 водитель",распоряжение акима Куйганского сельского округа №57-Ө от 18.09.2024г,Chevrolet Cobalt        2023г,141АJ05,
26,"Алматинская область, Балхашский район, село Бирлик",Аппарат акима Бирликского сельского округа Балхашского района,Аппарат акима Бирликского сельского округа Балхашского района/баланс,AL99878546,Аппарат акима Бирликского сельского округа Балхашского района,Алтынбай Самат- аким Бирликского сельского округа /Ибраев Медет-водитель,№45-Ө н/қ от 11.04.2025,HAVAL M6/2025,546BH05,
27,"Алматинская область, Балхашский район, село Баканас",Отдел жилищно-коммунального хозяйства и жилищной инспекции Балхашского района,"Отдел жилищно-коммунального хозяйства и жилищной инспекции Балхашского района, Баланс",AP99854299,Отдел жилищно-коммунального хозяйства и жилищной инспекции Балхашского района,Руководитель отдела Кашкынбаев Азат Алмабекулы/Нет,,Chevrolet Cobalt/2023,678BM05,
28,"Алматинская область, Балхашский район, село Баканас",Районный дом культуры Акима Балхашского района,Районный дом культуры Акима Балхашского района/баланс,AH00495257,Районный дом культуры Акима Балхашского района,Директор дом культуры Жылгелдиев Фархат/ Нет,,TAYOTA CAMRY/2027,923BC05,
29,"Алматинская область, Балхашский район, село Баканас",Районный дом культуры Акима Балхашского района,Районный дом культуры Акима Балхашского района/баланс,AH00106456,Районный дом культуры Акима Балхашского района,Директор дом культуры Жылгелдиев Фархат/ Водитель Гарбунов Андрей,16.08.2020г,KIA OPTIMA 2012,976АК05,
30,"Алматинская область, Балхашский район, село Баканас","ГУ ""Отдел культуры ,развития языков, физической культуры и спорта Балхашского района""",Районный дом культуры Акима Балхашского района/баланс,AH00495256,"ГУ ""Отдел культуры, развития языков, физической культуры и спорта Балхашского района""",руководитель отдела культуры Шайбаев Даулет/ Нет,18.03.2025г,TAYOTA CAMRY/2017,765BG05,
31,"Алматинская область, Балхашский район, село Баканас",Районный дом культуры Акима Балхашского района,Районный дом культуры Акима Балхашского района/баланс,BC99999906,"""Аманат"" партия","Председатель парти ""Аманат ""Ноғайбаев Марат/ Нет",01.01.2024г,JAC J7/2021,848АV05,
32,"Алматинская область, Балхашский район, село Карой",Аппарат акима Каройского сельского округа,"Аппарат акима Каройского сельского округа, Баланс",Х9L212300K0680094,аппарат акима Каройского сельского округа,Аким Болатов Адилгали/ Водитель Мейрам Бакытжан,№19 ө н/қ от 01.04.2019г,Chevrolet Niva/2019,265VV05,
33,"Алматинская область, Балхашский район, село Жидели",Аппарат акима Жиделинского сельского округа Балхашского района,Аппарат акима Жиделинского сельского округа Балхашского района/Баланс,AL99878546,Аппарат акима Жиделинского сельского округа Балхашского района,Турлыбеков Алмат- аким Жиделинского сельского округа Кудайберген Алмат-водитель,№30-ө н/қ от 11.04.2025,HAVAL M6/2025,534BH05,
34,"Алматинская область, Балхашский район, село Баканас",Аппарат акима Баканасского сельского округа Балхашского района,Аппарат акима Баканасского сельского округа Балхашского района,AL99878552,Аппарат акима Баканасского сельского округа Балхашского района,Аим Байгуатова Эльмира/ Водитель Сайын Айдос,30-ө н/қ от 11.04.2025г,Haval M6/2025,569BH05,
35,"Алматинская область, Балхашский район, село Акколь",Аппарат акима Аккольского сельского округа Балхашского района,"Аппарат акима Аккольского сельского округа  Балхашского района, Баланс",Аl00022664,"Аппарат акима Аккольского сельского округа  Балхашского района, Баланс",Аким Орынбаев Бекзат Мухтарович/                                   Охасов Шеген  водитель,"распоряжение акима Аккольского сельского округа №28-Ө от 11,04.2025г",HAVAL m6 2025   гв,531BH05,
36,"Алматинская область, Балхашский район, село Желторангы",Аппарат акима Желторангинского сельского округа Балхашского района,"Аппарат акима Желторангинского сельского округа  Балхашского района, Баланс",BW000064976,"Аппарат акима Желторангинского  сельского округа  Балхашского района, Баланс","Шобеев Ербол Серикбаевич - аким,                               Секербаев Сабит Бейкутович - водитель",распоряжение акима Желторангинского сельского округа №55-Ө  от 18.09.2024г,CHEVROLET         2019г,267VV05,
Балхашский район,,,,,,,,,,
1,"Алматинская область, Енбекшиказахский район, г.Есик","Государственное учреждение ""Аппарат Енбекшиказахского районного маслихата""","Государственное учреждение ""Аппарат Енбекшиказахского районного маслихата""",пост.акимата №234 от 28.04.2025г,"Государственное учреждение ""Аппарат Енбекшиказахского районного маслихата""",Сахаев Женис,Договор о материальной ответственности №2 от 04.05.2026г,Hyundai Palisade,212BA05,-
2,"Алматинская область, Енбекшиказахский район, г.Есик","ГУ ""Аппарат акима Енбекшиказахского района","ГУ ""Аппарат акима Енбекшиказахского района",BE99999298,"ГУ ""Аппарат акима Енбекшиказахского района",Водитель:Сапарбай Еламан Базарбайұлы,договор о мат ответ. № 5/1 от 03.06.2025,KIA K8,070EE05,
3,"Алматинская область, Енбекшиказахский район, г.Есик","ГУ ""Аппарат акима Енбекшиказахского района","ГУ ""Аппарат акима Енбекшиказахского района",BE99999469,"ГУ ""Аппарат акима Енбекшиказахского района",Водитель:Байзаков Ширизат Серикбаевич,договор о мат ответ. № 2от 05.12.2024,Hyundai  Tucson NX4 Travel,569BF05,
4,"Алматинская область, Енбекшиказахский район, г.Есик","ГУ ""Аппарат акима Енбекшиказахского района","ГУ ""Аппарат акима Енбекшиказахского района",BE99999468,"ГУ ""Аппарат акима Енбекшиказахского района",Нұрмаханов Ертай Сұлтаналиұлы,договор о мат ответ. № 1 от 05.12.2024,Hyundai  Tucson NX4 Travel,454BF05,
5,"Алматинская область, Енбекшиказахский район, г.Есик","ГУ ""Аппарат акима Енбекшиказахского района","ГУ ""Аппарат акима Енбекшиказахского района",BE01008595,"ГУ ""Аппарат акима Енбекшиказахского района",Водитель:Мұқамәди Әлішер Кеңесұлы,договор о мат ответ. № 3/2 от 01.10.2025,Chevrolet Malibu,515AK05,
6,"Алматинская область, Енбекшиказахский район, г.Есик","ГУ ""Аппарат акима Енбекшиказахского района","ГУ ""Аппарат акима Енбекшиказахского района",BE99999361,"ГУ ""Аппарат акима Енбекшиказахского района",Мемельбеков Макат Темергалиевич,договор о мат ответ. № 4 от 03.03.2025,KIA K5,800AA05,
7,"Алматинская область, Енбекшиказахский район, г.Есик","ГУ ""Аппарат акима Енбекшиказахского района","ГУ ""Аппарат акима Енбекшиказахского района",BE01007680,"ГУ ""Аппарат акима Енбекшиказахского района",,,Hyndai Elantra,220BA05,
8,"Алматинская область, Енбекшиказахский район, г.Есик","ГУ ""Аппарат акима Енбекшиказахского района","ГУ ""Аппарат акима Енбекшиказахского района",AP00050328,"ГУ ""Аппарат акима Енбекшиказахского района",,,Hyndai Sonata,770ZC05,
9,"Алматинская область, Енбекшиказахский район, г.Есик","ГУ ""Аппарат акима Енбекшиказахского района","ГУ ""Аппарат акима Енбекшиказахского района",,"ГУ ""Аппарат акима Енбекшиказахского района",Сакалов Бакытбек Толегенович,договор о мат ответ. № 6 от 28.04.2025,Chevrolet Malibu,508BF05,
10,"Алматинская область, Енбекшиказахский район, г.Есик","ГУ ""Аппарат акима Енбекшиказахского района","ГУ ""Аппарат акима Енбекшиказахского района",BE99999464,"ГУ ""Аппарат акима Енбекшиказахского района",Сарсембеков Жумабек Асылбекович,договор о мат ответ. № 7 от 12.08.2025,Hyndai Elentra,466BF05,
11,Алматинская область Енбекшиказахский район г.Есик,"ГУ ""Отдел экономики и финансов Енбекшиказахского района""","ГУ ""Отдел экономики и финансов Енбекшиказахского района"" на балансе",Тех паспорт AR99877568,"ГУ ""Отдел экономики и финансов Енбекшиказахского района""",Водитель - Бекбосынов Айбол Ерсерикович,№13-т/қ 25.09.2025,Hyundai Tucson NX4 FL  2025 г.в,205BN05,-
12,Алматинская область Енбекшиказахский район г.Есик,"ГУ ""Отдел экономики и финансов Енбекшиказахского района""","ГУ ""Отдел экономики и финансов Енбекшиказахского района"" на балансе",пост.акимата №775 от 22.11.2021г (о реорганизации - передаточный акт),"ГУ ""Отдел экономики и финансов Енбекшиказахского района"" на балансе",Бекбосынов Айбол Ерсерикович,,Kia Cerato 2017гв,215BE05,
13,"Алматинская обл. Енбекшиказах.район, г.Есик","ГУ ""Отдел сельского хозяйства Енбекшиказахского района""","ГУ ""Отдел сельского хозяйства Енбекшиказахского района""",тех паспор №ВЕ99999486,"ГУ ""Отдел сельского хозяйства Енбекшиказахского района""",Асланов  Т.А.,№ 3 от 09.01.2025г.,Hyundai Elantra,550BF05,
14,"Алматинская обл. Енбекшиказах.район, г.Есик","ГУ ""Отдел жилищно-коммунального хозяйства и жилищной инспекции Енбекшиказахского района""","ГУ ""Отдел жилищно-коммунального хозяйства и жилищной инспекции Енбекшиказахского района""",договор №52 от 29.04.2025г Тех паспорт: № BE99999277,Сағынбайұлы Ысқақ,Сағынбайұлы Ысқақ,договор №52 от 29.04.2025г,Hyundai tucson 2025,483BF05,
15,"Алматинская обл. Енбекшиказах.район, г.Есик","ГУ ""Отдел жилищно-коммунального хозяйства и жилищной инспекции Енбекшиказахского района""","ГУ ""Отдел жилищно-коммунального хозяйства и жилищной инспекции Енбекшиказахского района""",договор №8 от 14.03.2018г Тех паспорт: № BE 99999904,-,-,договор №8 от 14.03.2018г,Toyota Corolla,626AK05,судебный процесс после ДТП (по окончании будет высставлен на аукцион)
16,"Алматинская обл. Енбекшиказах.район, г.Есик","ГУ  ""Отдел пассажирского транспорта и автомобильных дорог Енбекшиказахского района""
Алматинская область,","ГУ  ""Отдел пассажирского транспорта и автомобильных дорог Енбекшиказахского района""
Алматинская область,",тех паспор №ВЕ99999269,"ГУ  ""Отдел пассажирского транспорта и автомобильных дорог Енбекшиказахского района""
Алматинская область,",Сарсенбиев Е.Е,-,Автомобиль Хавэйл Джолион (Haval Jоlion),419BF05,
17,Алматинская обл. Енбекшиказах.район город Есик,"ГУ ""Отдел внутренней политики Енбекшиказахского района""","ГУ ""Отдел внутренней политики Енбекшиказахского района""",Тех.паспорт VL09667654,ГУ отдел внутренней политики Енбекшиказахского района,Водитель Мамедов Абдулла Шавалатович,Постановление №147 от 13.03.2025,Kia Cerato 2019 г,563BF05,
18,"Алматинская область, Енбекшиказахский район, г.Есик","ГУ ""Енбекшиказахский районный отдел занятости и социальных программ""","ГУ ""Енбекшиказахский районный отдел занятости и социальных программ""","Приобретен от АО ""Азия Авто"", Накладная № 1234 от 24.07.2017 г., тех паспорт № VL09667479","ГУ ""Енбекшиказахский районный отдел занятости и социальных программ""","Кыдыргожаев Ерлан Ермекович,",Приказ № 28 ж/қ от 01.04.2026 г.З,KIA Cerato/ 2017,537BF05,
19,"Алматинская область, Енбекшиказахский район, г.Есик","ГУ ""Енбекшиказахский районный отдел занятости и социальных программ""","ГУ ""Енбекшиказахский районный отдел занятости и социальных программ""",Передан с Аппарата Акима на баланс в 2008 году,"ГУ ""Енбекшиказахский районный отдел занятости и социальных программ""",-,-,ВАЗ 21074/ 2008,B809BZ,Автомобиль готовится к списанию
20,"Алматинская область, Енбекшиказахский район, г.Есик","КГУ ""Центр поддержки семьи"" ГУ ""Отдел занятости и социальных программ Енбекшиказахского района""","КГУ ""Центр поддержки семьи"" ГУ ""Отдел занятости и социальных программ Енбекшиказахского района""",тех паспор №ВЕ99999174,"КГУ ""Центр поддержки семьи"" ГУ ""Отдел занятости и социальных программ Енбекшиказахского района""",Суевалов О.П.,№26 ж/қ от 02.04.2026г.,Chevrolet Cobalt,505AK05,
21,"Енбекшиказахского района""
Алматинская область, Енбекшиказахский район, г.Есик, Р.ТОКАТАЕВ, 19Б","Государственное учреждение ""Отдел архитектуры и градостроительства","Государственное учреждение ""Отдел архитектуры и градостроительства",Догово р №240540006194/260005/00 от 29.05.2026,"Государственное учреждение ""Отдел архитектуры и градостроительства","Каипов Рауан Талгатович, руководитель отдела",-,GEELY EX5 EM-I,050RT05,-
22,"Енбекшиказахского района""
Алматинская область, Енбекшиказахский район, г.Есик, Р.ТОКАТАЕВ, 19Б","Государственное учреждение ""Отдел архитектуры и градостроительства","Государственное учреждение ""Отдел архитектуры и градостроительства",,"Государственное учреждение ""Отдел архитектуры и градостроительства","Каипов Рауан Талгатович, руководитель отдела",-,SKODA OCTAVIA,525AW05,-
23,Алматинская обл. Енбекшиказах.район город Есик,"ГУ ""Отдел строительства Енбекшиказахского района","ГУ ""Отдел строительства Енбекшиказахского района",,"ГУ ""Отдел строительства Енбекшиказахского района",Иембергенов Ерганат Ергалиевич,Приказ № 3 от 5 января 2026 года,Toyota Corolla,312VV05,
24,Алматинская обл. Енбекшиказах.район город Есик,"ГУ ""Отдел земельных отношений Енбекшиказахского района""","ГУ ""Отдел земельных отношений Енбекшиказахского района""",тех паспор №ВЕ99999486,"ГУ ""Отдел земельных отношений Енбекшиказахского района""",Абайұлы Ж.Е.,№ 4  от 22.01.2026г.,Автомашина SKODA SUPERB B6,465BF05,
25,Алматинская обл. Енбекшиказах.район город Есик,ГУ Аппарат акима города Есик,"ГУ Аппарат акима города Есик, на балансе",Тех.паспорт AR99886618,"ГУ Аппарат акима города Есик,  сотрудники аппарата Акима города Есик",Водитель Досмырзаев Алишер Кенесұлы,Распоряжение №8 от 05.03.2026,Geely Atlas 2024 г,136ВF05,
26,"Алматиская область , Енбекшиказахский район, Аватский  сельский округ",ГУ Аппарата Акима Аватского  сельского округа,ГУ Аппарата Акима Аватского  сельского округа,Тех паспорт,Руземов Аркен,Руземов Аркен  - водитель,Распоряжение акима Аватского сельского округа от 01 .03 .2024г,"Haval M6; 2025 года выпуска  VIN код:
LGWEF4A56SF701557",567BF05,
27,Алматинская обл. Енбекшиказах.район с Акши,ГУ Аппарат акима Акшийского сельского округа,"ГУ Аппарат акима Акшийского сельского округа, на балансе",Тех.паспорт BE99999347,"Cотрудники ГУ  ""Аппарат Акима Акшийского сельского округа",Водитель Сабеков Ерганат Ермекович,Заполнить приказ с №03 от 26.02.2026г,HAVAL2025 г,486ВF05,
28,"Алматинская область, Енбекшиказахский район, Асинский сельский округ, село Кызылшарык","ГУ ""Аппарат акима Асинского сельского округа""",балансодержатель,технический паспорт №BE99999348,Сагынбеков Улан Маликович,водитель - Жәнел Еламан Жәнелұлы,,HAVAL M6,435BF05,
29,"Алматинская область Енбекшиказахский рн, Каратурыкский сельский округ","ГУ ""Аппарат акима Каратурыкского сельского округа""","ГУ ""Аппарат акима Бартогайского сельского округа""",Тех паспорт: BE01008339,"ГУ ""Аппарат акима  Бартогайского сельского округа""",Водитель: Рузахунов Рамиль Айшрахунович,Распоряжение акима Бартогайского с.о № 3-К от 04.02.2025 г.,"CHEVROLET COBALT; 2022 года выпуска    VIN код:
MX1JF69V9NK105595",097BD05,
30,"Алматинская область Енбекшиказахский рн, Болекский сельский округ","ГУ ""Аппарат акима Болекского сельского округа""","ГУ ""Аппарат акима Болекского сельского округа""",Тех паспорт: BE01008351,"ГУ ""Аппарат акима Болекского сельского округа""",Водитель: Блинов Владимир Иванович,Постановление акимата Енбекшиказахского района № 885 от 03.11.2022 г.,CHEVROLET COBALT; 2022 года выпуска  VIN код:MX1JF69V9NK105635,606DK05,
31,Алматинская область Енбекшиказахский район   Аппарат акима Байтерекского сельского округа,Аппарат акима  Байтерекского сельского округа,Аппарат акима  Байтерекского сельского округа,Постановление акима Енбекшиказахского района №134 от 04.03.2025г              технический паспорт ВЕ99999341,Аппарат акима Байтерекского сельского округа,Намазбаев Айдос Мукамадиевич   водитель,распоряжение акима Байтерекского сельского округа  № 09-н      от 30.01.2026,Haval  M6	                         2025 год выпуска,418BF05,
32,"Алматинская область Енбекшиказахский рн, Балтабайский сельский округ","ГУ ""Аппарат акима Балтабайский сельского округа""","ГУ ""Аппарат акима Балтабайский сельского округа""",Тех паспорт: VL04476133,"ГУ ""Аппарат акима Балтабайского сельского округа""",Водитель: Софиев Шамиль Камалович,Распоряжение акима №04 от 01.02.2024,"CHEVROLET COBALT; 2022 года выпуска  VIN код:
MX1JF69V9NK105587",750BD05,
33,"Алматинская область Енбекшиказахский рн, Каратурыкский сельский округ","ГУ ""Аппарат акима Каратурыкского сельского округа""","ГУ ""Аппарат акима сельского округа Байдибек би""",Тех паспорт: BE99999342,"ГУ ""Аппарат акима сельского округа Байдибек би""",Водитель: нету,пост.акимата №134 от 04.03.2025г,"Haval M6  2025 год  VIN код: LGWEF4A55SF701548
MX1JF69V9NK105595",490BF05,
34,"Алматинская область Енбекшиказахский район  ГУ ""Аппарат акима Каракемерского сельского округа""","ГУ ""Аппарат акима Каракемерского сельского округа""","ГУ ""Аппарат акима Каракемерского сельского округа""",Тех паспорт: BE01008336,"ГУ ""Аппарат акима Каракемерского сельского округа""",Водитель: Қаденов Ерұлан Асқарұлы,Распоряжение акима Каракемерского с.о № 20 от 02.10.2024 г.,"CHEVROLET COBALT; 2022 года выпуска  VIN код:
MX1JF69V9NK105643",755BD05,
35,"Алматинская область Енбекшиказахский рн, Каражотинский сельский округ","ГУ ""Аппарат акима Каражотинского сельского округа""","ГУ ""Аппарат акима Каражотинского сельского округа""",Тех паспорт: BE01008349,"ГУ ""Аппарат акима Каражотинского сельского округа""",Водитель:Таипов Ялкун Ильдиримович,Распоряжение акима Каражотинского с.о №,"CHEVROLET COBALT; 2022 года выпуска    VIN код:
MX1JF69V9NK105618",738BD05,
36,Алматинская область Енбекшиказахский район   Аппарат акима Корамского сельского округа,Аппарат акима Корамского сельского округа,Аппарат акима Корамского сельского округа,Постановление акима Енбекшиказахского района №134 от 04.03.2025г              технический паспорт ВЕ99999346,Аппарат акима Корамского сельского округа,Малик Саят Адилетулы   водитель,распоряжение акима Корамского сельского округа № 05      от 01.06.2026,Haval  M6	                         2025 год выпуска,564BF05,
37,Алматинская область Енбекшиказахский район Жанашарский сельский округ,"ГУ ""Аппарат акима Жанашарского сельского округа""","ГУ ""Аппарат акима Жанашарского сельского округа""",,"ГУ ""Аппарат акима Жанашарского сельского округа""",А.Нурланов Аким Жанашарского сельского округа,07.06.2026г,CHEVROLET COBALT           2022,818DK05,
38,"Алматинская область Енбекшиказахский рн, Кырбалтабайский сельский округ","ГУ ""Аппарат акима Кырбалтабайского сельского округа""","ГУ ""Аппарат акима Кырбалтабайского сельского округа""",Тех паспорт: BE99999340,"ГУ ""Аппарат акима Кырбалтабайского сельского округа""",Водитель: Орманов Марат Беккалиевич,Распоряжение акима Кырбалтабайского с.о № 02 от 10.02.2025 г.,"Haval M6; 2025 года выпуска  VIN код:
LGWEF4A50SF701554",480BF05,
39,"Алматинская область Енбекшиказахский рн, Коктобинский сельский округ","ГУ ""Аппарат акима Коктобинского сельского округа""","ГУ ""Аппарат акима Коктобинского сельского округа""",Тех паспорт: BE99999345,"ГУ ""Аппарат акима Коктобинского сельского округа""",Водитель: Даутов Ермек Маликович,Распоряжение акима Коктобинского с.о № 01-46/01-02 от 29.03.2026 г.,"Haval M6; 2025 года выпуска  VIN код:
LGWEF4A52SF7015555",583BF05,
40,"Алматинская область Енбекшиказахский рн, с.Казахстан","ГУ ""Аппарат акима Казахстанского сельского округа""","ГУ ""Аппарат акима Казахстанского сельского округа""",Тех паспорт: VL04476166,"ГУ ""Аппарат акима Казахстанского сельского округа""",Водитель: Дулатбаев Кайсар Бекболатович,Распоряжение акима Казахстанского с.о № 41 от 28.11.2022 г.,"CHEVROLET COBALT; 2022 года выпуска  VIN код:
MX1JF9NK105590",745BD05,
41,"Алматинская область Енбекшиказахский рн, Каратурыкский сельский округ","ГУ ""Аппарат акима Каратурыкского сельского округа""","ГУ ""Аппарат акима Каратурыкского сельского округа""",Тех паспорт: BE01008346,"ГУ ""Аппарат акима Каратурыкского сельского округа""",Водитель:Алпысбай Мукажан Шадыбайұлы,Распоряжение акима Каратурыкского с.о № 02-04/07-02 от 01.06.2023 г.,"CHEVROLET COBALT; 2022 года выпуска    VIN код:
MX1JF69V9NK105593",733BD05,
42,"Алматинская область Енбекшиказахский рн, Масакский сельский округ","ГУ ""Аппарат акима Масакского сельского округа""","ГУ ""Аппарат акима Масакского сельского округа""",Тех паспорт: BE01008349,"ГУ ""Аппарат акима Масакского сельского округа""",Водитель:Шадинов Нурлан,Распоряжение акима Масакского с.о №,CHEVROLET COBALT; 2022 года выпуска,754BD05,
43,"Алматинская область Енбекшиказахский рн, Малыбайский сельский округ","ГУ ""Аппарат акима Малыбайского сельского округа""","ГУ ""Аппарат акима Малыбайского сельского округа""",Тех паспорт: BE1008338,"ГУ ""Аппарат акима Малыбайского сельского округа""",Водитель: Низамов Майдин Бавдинович,Распоряжение акима Малыбайского с.о № 04 от 17.05.2023 г.,"CHEVROLET COBALT; 2022 года выпуска    VIN код:
MX1JF69V9NK105525",740BD05,
44,"Алматинская область Енбекшиказахский рн, Рахатский сельский округ","ГУ ""Аппарат акима Рахатского сельского округа""","ГУ ""Аппарат акима Рахатского сельского округа""",Тех паспорт: BE01008351,"ГУ ""Аппарат акима Рахатского сельского округа""",Водитель: Әлімжан Жасұлан Сәбитұлы,Распоряжение акима Рахатского селльского округа Енбекшиказахского района № 4 от 01.04.2026 г.,CHEVROLET COBALT; 2022 года выпуска  VIN код:MX1JF69V9NK105554,605DK05,
45,Алматинская область Енбекшиказахский район село Саймасай,Гу Аппарат акима Саймасайского с/о,Гу Аппарат акима Саймасайского с/о,Постановление акима Енбекшиказахского района №134 от 04.03.2025г,Гу Аппарат акима Саймасайского с/о,Чурмаков Б.Н.,Постановления Районнного акима №134 от 04.03.2025г,HAVAL M6 2025года,858BH05,
46,"Алматинская обл. Енбекшиказах.район, Согетинский сельский округ",ГУ Аппарат акима Согетинского  сельского округа,"ГУ Аппарат акима города Согетинского  сельского округа , на балансе",Тех.паспорт BE99999353,Cотрудники аппарата Согетинского  сельского округа,Водитель Нуртаев Даурен,Распоряжение №23 от 18.03.2026,HAVAI M6,452ВF05,
47,Алматинская область Енбекшиказахский район   Аппарат акима Тескенсуского сельского округа,Аппарат акима Тескенсуского сельского округа,Аппарат акима Тескенсуского сельского округа,Постановление акима Енбекшиказахского района №134 от 04.03.2025г              технический паспорт ВЕ99999341,Аппарат акима Тескенсуского сельского округа,Саутов   Зунунжан Тейпович водитель,распоряжение акима Тескенсуского сельского округа № 9      от 17.06.2025,Haval  M6	                         2025 год выпуска,476BF05,
48,Алматинская область Енбекшиказахский район   Аппарат акима Ташкенсазского сельского округа,Аппарат акима Ташкенсазского сельского округа,Аппарат акима Ташкенсазского сельского округа,Постановление акима Енбекшиказахского района №134 от 04.03.2025г              технический паспорт ВЕ99999341,Аппарат акима Ташкенсазского сельского округа,Дараев Зеруп Марупович   водитель,распоряжение акима Ташкенсазского сельского округа № 07-н      от 30.01.2026,Haval  M6	                         2025 год выпуска,492BF05,
49,"Алматиская область , Енбекшиказахский район, Тургенский сельский округ",ГУ Аппарата Акима Тургенского сельского округа,ГУ Аппарата Акима Тургенского сельского округа,Тех паспорт,Чоканов Гани,Чоканов Гани - водитель,Распоряжение акима Тургенского сельского округа от 03.03.2025г,"Haval M6; 2025 года выпуска  VIN код:
LGWEF4A52SF7015555",562FB05,
50,"Алматинская область Енбекшиказахский рн, Кырбалтабайский сельский округ","ГУ ""Аппарат акима Кырбалтабайского сельского округа""","ГУ ""Аппарат акима Кырбалтабайского сельского округа""",Тех паспорт: BE99999344,"ГУ ""Аппарат акима Шелекского сельского округа""",Водитель: Муханбеков Санат Канатович,Распоряжение акима Шелекского с.о. № 15 от 23.09.2025 г.,"Haval M6; 2025 года выпуска  VIN код:
LGWEF4A58SF701558",464BF05,
51,,"ГУ ""Аппарат акима сельского округа Байдибек бия"" (БИН:050340007294)","ГУ ""Аппарат акима сельского округа Байдибек бия"" (БИН:050340007294)",LGWEF4A55SF701548,"ГУ ""Аппарат акима сельского округа Байдибек бия"" (БИН:050340007294)",,пост.акимата №134 от 04.03.2025г,Haval M6 2025гв,790BF05,
52,"Алматинская область, Енбекшиказахский район, г.Есик","Государственное коммунальное предприятие на праве хозяйственного ведения ""Есикское жилищное хозяйство"" государственного учреждения ""Отдел жилищно-коммунального хозяйства и жилищной инспекции Енбекшиказахского района""","Государственное коммунальное предприятие на праве хозяйственного ведения ""Есикское жилищное хозяйство"" государственного учреждения ""Отдел жилищно-коммунального хозяйства и жилищной инспекции Енбекшиказахского района""",Тех паспорт BE99998844,"Государственное коммунальное предприятие на праве хозяйственного ведения ""Есикское жилищное хозяйство"" государственного учреждения ""Отдел жилищно-коммунального хозяйства и жилищной инспекции Енбекшиказахского района""",Арыстанбеков Ернар Маликович руководитель,путевой лист,KIA CERATO г.в.2017,682BH05,
53,Алматинская обл. Енбекшиказах.район город Есик,"Государственное коммунальное предприятие на праве хозяйственного ведения ""Есикское жилищное хозяйство"" государственного учреждения ""Отдел жилищно-коммунального хозяйства и жилищной инспекции Енбекшиказахского района""","Государственное коммунальное предприятие на праве хозяйственного ведения ""Есикское жилищное хозяйство"" государственного учреждения ""Отдел жилищно-коммунального хозяйства и жилищной инспекции Енбекшиказахского района""",NM7566214385791K,,Заутадзе Ташпулат Хусенович,путевой лист,НIDROMEK HMK102B г.в. 2025,ATD469B,
54,Алматинская обл. Енбекшиказах.район город Есик,"Государственное коммунальное предприятие на праве хозяйственного ведения ""Есикское жилищное хозяйство"" государственного учреждения ""Отдел жилищно-коммунального хозяйства и жилищной инспекции Енбекшиказахского района""","Государственное коммунальное предприятие на праве хозяйственного ведения ""Есикское жилищное хозяйство"" государственного учреждения ""Отдел жилищно-коммунального хозяйства и жилищной инспекции Енбекшиказахского района""",1491,,,,"Беларус 80,1 Экскаватор г.в.2021",B026BHE,
55,Алматинская обл. Енбекшиказах.район город Есик,"Государственное коммунальное предприятие на праве хозяйственного ведения ""Есикское жилищное хозяйство"" государственного учреждения ""Отдел жилищно-коммунального хозяйства и жилищной инспекции Енбекшиказахского района""","Государственное коммунальное предприятие на праве хозяйственного ведения ""Есикское жилищное хозяйство"" государственного учреждения ""Отдел жилищно-коммунального хозяйства и жилищной инспекции Енбекшиказахского района""",LFNAFMKM0RAE30252,,,,FAW CLW5160GSSDF г.в.2024,728BH05,
56,Алматинская обл. Енбекшиказах.район город Есик,"Государственное коммунальное предприятие на праве хозяйственного ведения ""Есикское жилищное хозяйство"" государственного учреждения ""Отдел жилищно-коммунального хозяйства и жилищной инспекции Енбекшиказахского района""","Государственное коммунальное предприятие на праве хозяйственного ведения ""Есикское жилищное хозяйство"" государственного учреждения ""Отдел жилищно-коммунального хозяйства и жилищной инспекции Енбекшиказахского района""",XWC536055N0017301,,Алибаев Хамдам Халбаевич,путевой лист,КАМАЗ 53605,766BH05,
57,Алматинская область Енбекшиказахский район Шелекский сельский округ с.Шелек,"ГКП на ПХВ ""Шелек су шаруашылығы"" государственного учреждения ""Отдел жилищно-коммунального хозяйства и жилищной инспекции Енбекшиказахского района"" (БИН:210840024019)","ГКП на ПХВ ""Шелек су шаруашылығы"" государственного учреждения ""Отдел жилищно-коммунального хозяйства и жилищной инспекции Енбекшиказахского района"" (БИН:210840024019)",№25 от 2021 г,"ГКП на ПХВ ""Шелек су шаруашылығы"" государственного учреждения ""Отдел жилищно-коммунального хозяйства и жилищной инспекции Енбекшиказахского района"" (БИН:210840024019)",Ілияс Марат Өмірзақұлы,приказ №30-ж/к от 06.03.2024г,Автомашина ГАЗ 53,236BE05,
58,Алматинская обл. Енбекшиказах.район город Есик,"ГКП на ПХВ ""Шелек су шаруашылығы"" государственного учреждения ""Отдел жилищно-коммунального хозяйства и жилищной инспекции Енбекшиказахского района"" (БИН:210840024019)","ГКП на ПХВ ""Шелек су шаруашылығы"" государственного учреждения ""Отдел жилищно-коммунального хозяйства и жилищной инспекции Енбекшиказахского района"" (БИН:210840024019)",№67 от 06.03.2023г,,Кариев Булат Жумаханович,приказ №57-ж/к от 22.09.2023г,Автомашина ГАЗ 53,239BE05,
59,Алматинская обл. Енбекшиказах.район город Есик,"ГКП на ПХВ ""Шелек су шаруашылығы"" государственного учреждения ""Отдел жилищно-коммунального хозяйства и жилищной инспекции Енбекшиказахского района"" (БИН:210840024019)","ГКП на ПХВ ""Шелек су шаруашылығы"" государственного учреждения ""Отдел жилищно-коммунального хозяйства и жилищной инспекции Енбекшиказахского района"" (БИН:210840024019)",№62 от 07.09.2022г,,Чинасилов Жумакан Султанович,приказ №54-ж/к от 07.09.2022г,ВАЗ 21065,285ВЕ05,
60,Алматинская обл. Енбекшиказах.район город Есик,"ГКП на ПХВ ""Шелек су шаруашылығы"" государственного учреждения ""Отдел жилищно-коммунального хозяйства и жилищной инспекции Енбекшиказахского района"" (БИН:210840024019)","ГКП на ПХВ ""Шелек су шаруашылығы"" государственного учреждения ""Отдел жилищно-коммунального хозяйства и жилищной инспекции Енбекшиказахского района"" (БИН:210840024019)",№71 от 18.09.2023г,,Карибаев Санат Бакытович,,УАЗ 390902,283BE05,
61,Алматинская обл. Енбекшиказах.район город Есик,"ГКП на ПХВ ""Шелек су шаруашылығы"" государственного учреждения ""Отдел жилищно-коммунального хозяйства и жилищной инспекции Енбекшиказахского района"" (БИН:210840024019)","ГКП на ПХВ ""Шелек су шаруашылығы"" государственного учреждения ""Отдел жилищно-коммунального хозяйства и жилищной инспекции Енбекшиказахского района"" (БИН:210840024019)",№15 от 20.08.2021г,,Амирбеков Бекболат Аскарович,приказ №173-ж/к от 20.08.2021г,ГАЗ 3307 АС машина Ко 503,293BE05,
62,Алматинская обл. Енбекшиказах.район город Есик,"ГКП на ПХВ ""Шелек су шаруашылығы"" государственного учреждения ""Отдел жилищно-коммунального хозяйства и жилищной инспекции Енбекшиказахского района"" (БИН:210840024019)","ГКП на ПХВ ""Шелек су шаруашылығы"" государственного учреждения ""Отдел жилищно-коммунального хозяйства и жилищной инспекции Енбекшиказахского района"" (БИН:210840024019)",№96 от 29.01.2024.,,Рахманкулов Аскар Бекмухамедович,приказ №13-ж/к от 09.03.2022г,ВАЗ-21214 Нива,095BD05,
63,Алматинская обл. Енбекшиказах.район город Есик,"ГКП на ПХВ ""Шелек су шаруашылығы"" государственного учреждения ""Отдел жилищно-коммунального хозяйства и жилищной инспекции Енбекшиказахского района"" (БИН:210840024019)","ГКП на ПХВ ""Шелек су шаруашылығы"" государственного учреждения ""Отдел жилищно-коммунального хозяйства и жилищной инспекции Енбекшиказахского района"" (БИН:210840024019)",№67 от 06.03.2023г,,Кудайбергенов Нурбол Куатович,приказ №29-ж/к от 01.03.2024г,ВАЗ-21214 Нива,368AK05,
64,Алматинская обл. Енбекшиказах.район город Есик,"ГКП на ПХВ ""Шелек су шаруашылығы"" государственного учреждения ""Отдел жилищно-коммунального хозяйства и жилищной инспекции Енбекшиказахского района"" (БИН:210840024019)","ГКП на ПХВ ""Шелек су шаруашылығы"" государственного учреждения ""Отдел жилищно-коммунального хозяйства и жилищной инспекции Енбекшиказахского района"" (БИН:210840024019)",№146 от 01.08.2025г,,Кривых Андрей Александрович,приказ №45-ж/к от 01.08.2025г,Беларус 821 Экскаватор,В330ВD,
65,Алматинская обл. Енбекшиказах.район город Есик,"ГКП на ПХВ ""Шелек су шаруашылығы"" государственного учреждения ""Отдел жилищно-коммунального хозяйства и жилищной инспекции Енбекшиказахского района"" (БИН:210840024019)","ГКП на ПХВ ""Шелек су шаруашылығы"" государственного учреждения ""Отдел жилищно-коммунального хозяйства и жилищной инспекции Енбекшиказахского района"" (БИН:210840024019)",№146 от 01.08.2025г,,Кривых Андрей Александрович,приказ №45-ж/к от 01.08.2025г,Белорусс 825 Экскаватор ЭО 2626,ARD261В,
66,Алматинская обл. Енбекшиказах.район город Есик,"ГКП на ПХВ ""Шелек су шаруашылығы"" государственного учреждения ""Отдел жилищно-коммунального хозяйства и жилищной инспекции Енбекшиказахского района"" (БИН:210840024019)","ГКП на ПХВ ""Шелек су шаруашылығы"" государственного учреждения ""Отдел жилищно-коммунального хозяйства и жилищной инспекции Енбекшиказахского района"" (БИН:210840024019)",№72 от 11.07.2023г,,Колотов Виталий Владимирович,приказ №30-ж/к от 11.07.2023г,Белорусс 821,В331BBD,
67,Алматинская обл. Енбекшиказах.район город Есик,"ГКП на ПХВ ""Шелек су шаруашылығы"" государственного учреждения ""Отдел жилищно-коммунального хозяйства и жилищной инспекции Енбекшиказахского района"" (БИН:210840024019)","ГКП на ПХВ ""Шелек су шаруашылығы"" государственного учреждения ""Отдел жилищно-коммунального хозяйства и жилищной инспекции Енбекшиказахского района"" (БИН:210840024019)",№72 от 11.07.2023г,,Колотов Виталий Владимирович,приказ №30-ж/к от 11.07.2023г,Белорусс 920 Экскаватор ЭО 2621,AFD460В,
68,Алматинская обл. Енбекшиказах.район город Есик,"ГКП на ПХВ ""Шелек су шаруашылығы"" государственного учреждения ""Отдел жилищно-коммунального хозяйства и жилищной инспекции Енбекшиказахского района"" (БИН:210840024019)","ГКП на ПХВ ""Шелек су шаруашылығы"" государственного учреждения ""Отдел жилищно-коммунального хозяйства и жилищной инспекции Енбекшиказахского района"" (БИН:210840024019)",№67 от 06.03.2023г,,Кариев Булат Жумаханович,приказ №57-ж/к от 22.09.2023г,JAC N721 MA,628DK05,
69,Алматинская обл. Енбекшиказах.район город Есик,"ГКП на ПХВ ""Шелек су шаруашылығы"" государственного учреждения ""Отдел жилищно-коммунального хозяйства и жилищной инспекции Енбекшиказахского района"" (БИН:210840024019)","ГКП на ПХВ ""Шелек су шаруашылығы"" государственного учреждения ""Отдел жилищно-коммунального хозяйства и жилищной инспекции Енбекшиказахского района"" (БИН:210840024019)",№29 от 20.08.2021г,,Нурахметов Ерболат Жексенбекович,приказ №16-ж/к от 01.06.2023г,Камаз автокран,623DK05,
70,Алматинская обл. Енбекшиказах.район город Есик,"ГКП на ПХВ ""Шелек су шаруашылығы"" государственного учреждения ""Отдел жилищно-коммунального хозяйства и жилищной инспекции Енбекшиказахского района"" (БИН:210840024019)","ГКП на ПХВ ""Шелек су шаруашылығы"" государственного учреждения ""Отдел жилищно-коммунального хозяйства и жилищной инспекции Енбекшиказахского района"" (БИН:210840024019)",№07 от 20.08.2021г,,Бурханов Ахметжан Мухтайдинович,приказ №173-ж/к от 20.08.2021г,Нива Лада-21214,739BD05,
71,Алматинская обл. Енбекшиказах.район город Есик,"ГКП на ПХВ ""Шелек су шаруашылығы"" государственного учреждения ""Отдел жилищно-коммунального хозяйства и жилищной инспекции Енбекшиказахского района"" (БИН:210840024019)","ГКП на ПХВ ""Шелек су шаруашылығы"" государственного учреждения ""Отдел жилищно-коммунального хозяйства и жилищной инспекции Енбекшиказахского района"" (БИН:210840024019)",№16 от 20.08.2021г,,Шагиахметов Пархат Асгадович,приказ №173-ж/к от 20.08.2021г,Hidromek HMK 102B,ATD468B,
72,Алматинская обл. Енбекшиказах.район город Есик,"ГКП на ПХВ ""Шелек су шаруашылығы"" государственного учреждения ""Отдел жилищно-коммунального хозяйства и жилищной инспекции Енбекшиказахского района"" (БИН:210840024019)","ГКП на ПХВ ""Шелек су шаруашылығы"" государственного учреждения ""Отдел жилищно-коммунального хозяйства и жилищной инспекции Енбекшиказахского района"" (БИН:210840024019)",№72 от 11.07.2023г,,Колотов Виталий Владимирович,приказ №30-ж/к от 11.07.2023г,Hunter 388,AUD972B,
73,Алматинская обл. Енбекшиказах.район город Есик,"ГКП на ПХВ ""Шелек су шаруашылығы"" государственного учреждения ""Отдел жилищно-коммунального хозяйства и жилищной инспекции Енбекшиказахского района"" (БИН:210840024019)","ГКП на ПХВ ""Шелек су шаруашылығы"" государственного учреждения ""Отдел жилищно-коммунального хозяйства и жилищной инспекции Енбекшиказахского района"" (БИН:210840024019)",,,,,Toyota Avensis,453BF05,
74,Алматинская обл. Енбекшиказах.район город Есик,"ГКП на ПХВ ""Шелек су шаруашылығы"" государственного учреждения ""Отдел жилищно-коммунального хозяйства и жилищной инспекции Енбекшиказахского района"" (БИН:210840024019)","ГКП на ПХВ ""Шелек су шаруашылығы"" государственного учреждения ""Отдел жилищно-коммунального хозяйства и жилищной инспекции Енбекшиказахского района"" (БИН:210840024019)",№146 от 01.08.2025г,,Кривых Андрей Александрович,приказ №45-ж/к от 01.08.2025г,Прицеп колесный трактора А3(8524),ARD067,
75,Алматинская обл. Енбекшиказах.район город Есик,"ГКП на ПХВ ""Шелек су шаруашылығы"" государственного учреждения ""Отдел жилищно-коммунального хозяйства и жилищной инспекции Енбекшиказахского района"" (БИН:210840024019)","ГКП на ПХВ ""Шелек су шаруашылығы"" государственного учреждения ""Отдел жилищно-коммунального хозяйства и жилищной инспекции Енбекшиказахского района"" (БИН:210840024019)",,,,,ГАЗ 3307,096BD05,
76,Алматинская обл. Енбекшиказах.район город Есик,"ГКП на ПХВ ""Шелек су шаруашылығы"" государственного учреждения ""Отдел жилищно-коммунального хозяйства и жилищной инспекции Енбекшиказахского района"" (БИН:210840024019)","ГКП на ПХВ ""Шелек су шаруашылығы"" государственного учреждения ""Отдел жилищно-коммунального хозяйства и жилищной инспекции Енбекшиказахского района"" (БИН:210840024019)",№15 от 20.08.2021г,,Амирбеков Бекболат Аскарович,приказ №173-ж/к от 20.08.2021г,FAW,590BG05,
77,Алматинская обл. Енбекшиказах.район город Есик,"ГКП на ПХВ ""Шелек су шаруашылығы"" государственного учреждения ""Отдел жилищно-коммунального хозяйства и жилищной инспекции Енбекшиказахского района"" (БИН:210840024019)","ГКП на ПХВ ""Шелек су шаруашылығы"" государственного учреждения ""Отдел жилищно-коммунального хозяйства и жилищной инспекции Енбекшиказахского района"" (БИН:210840024019)",№154\25 от 06.10.2025г,,Рахымбаев Ержан Кожамбердиевич,приказ №66-ж/к от 06.10.2025г,Dong feng,059ZD05,
78,Алматинская обл. Енбекшиказах.район город Есик,"ГККП ""Районный дом культуры имени Туманбая Молдагалиева"" (БИН:040440006476)","ГККП ""Районный дом культуры имени Туманбая Молдагалиева"" (БИН:040440006476)",пост.обл акимат  2010 от 30.12.2010г,"ГККП ""Районный дом культуры имени Туманбая Молдагалиева"" (БИН:040440006476)",Тохтабакиев Зунинжан,приказ №120 ж/қ от 02.08.2023г,Газ 322132 Газель   2010г,B320CW,на ремонт
79,Алматинская обл. Енбекшиказах.район город Есик,"ГККП ""Районный дом культуры имени Туманбая Молдагалиева"" (БИН:040440006476)","ГУ ""Отдел культуры и развития языков Енбекшиказахского района""",пост.акимата №28 от 27.01.2025г,"ГУ ""Отдел культуры и развития языков Енбекшиказахского района""",Д.Ахметов,приказ №123ж/қ от 02.08.2025г,Hyundai Elantra  2020г,768ВН05,"на пользовании ГУ ""Отдел культуры и развития языков Енбекшиказахского района"""
80,Алматинская обл. Енбекшиказах.район город Есик,"ГККП ""Районный дом культуры имени Туманбая Молдагалиева"" (БИН:040440006476)","ГККП ""Районный дом культуры имени Туманбая Молдагалиева"" (БИН:040440006476)",пост.акимата №442 от 06.03.2023г,"ГККП ""Районный дом культуры имени Туманбая Молдагалиева"" (БИН:040440006476)",Тохтабакиев Зунинжан,приказ №120 ж/қ от 02.08.2023г,Skoda Octavia  2012г,635DK05,Выставление на аукцион оценочнои стадии
81,Алматинская обл. Енбекшиказах.район город Есик,"ГККП ""Районный дом культуры имени Туманбая Молдагалиева"" (БИН:040440006476)","ГККП ""Районный дом культуры имени Туманбая Молдагалиева"" (БИН:040440006476)",пост.акимата №20 от 26.01.2022г,"ГККП ""Районный дом культуры имени Туманбая Молдагалиева"" (БИН:040440006476)",Асубай Есендос,приказ №103 ж/қ от 02.08.2025г,Skoda Octavia   2010г,443BF05,требуется ремонт
82,Алматинская обл. Енбекшиказах.район город Есик,"ГККП ""Районный дом культуры имени Туманбая Молдагалиева"" (БИН:040440006476)","ГККП ""Районный дом культуры имени Туманбая Молдагалиева"" (БИН:040440006476)",пост.акимата №20 от 26.01.2022г,"ГККП ""Районный дом культуры имени Туманбая Молдагалиева"" (БИН:040440006476)",Рахимов Багдат,приказ №117 ж/қ от 02.08.2022г,JAC J7     2021г,744ВD05,"на пользовании партии ""Аділет"""
83,Алматинская обл. Енбекшиказах.район город Есик,"ГККП ""Районный дом культуры имени Туманбая Молдагалиева"" (БИН:040440006476)","ГККП ""Районный дом культуры имени Туманбая Молдагалиева"" (БИН:040440006476)",пост.обл.акимата №169 от 14.06.2013г; пост.рай.акимата №___ от ___ 2020г,"ГККП ""Районный дом культуры имени Туманбая Молдагалиева"" (БИН:040440006476)",Мыкыбаев  Жуман С,приказ №127 ж/қ от 02.08.2019г,Chevrolet Cruze   2013г,671BA05,"на пользовании ""Ақсақалдар алқасы"""
84,Алматинская обл. Енбекшиказах.район город Есик,"ГККП ""Районный дом культуры имени Туманбая Молдагалиева"" (БИН:040440006476)",Дом культура г Есик,пост.акимата №20 от 26.01.2022г,Дом культура г Есик,Тохтабакиев Зунинжан,приказ №120 ж/қ от 02.08.2023г,Kia Cerato   2011г,661BA05,требуется ремонт
85,Алматинская обл. Енбекшиказах.район город Есик,"ГККП ""Районный дом культуры имени Туманбая Молдагалиева"" (БИН:040440006476)","ГККП ""Районный дом культуры имени Туманбая Молдагалиева"" (БИН:040440006476)",пост.акимата №164 от 28.03.2025г,"ГККП ""Районный дом культуры имени Туманбая Молдагалиева"" (БИН:040440006476)",нет,нет,Лада 21214   2012г,604DK05,Выставление на аукцион оценочнои стадии
86,Алматинская обл. Енбекшиказах.район город Есик,"ГККП ""Районный дом культуры имени Туманбая Молдагалиева"" (БИН:040440006476)","ГККП ""Районный дом культуры имени Туманбая Молдагалиева"" (БИН:040440006476)",пост.акимата №196 от 17.04.2025г,"ГККП ""Районный дом культуры имени Туманбая Молдагалиева"" (БИН:040440006476)",Тохтабакиев Зунинжан,приказ №120 ж/қ от 02.08.2023г,Лада 21214  2012г,432BF05,"на пользовании РДК Есик, требуется ремонт"
87,Алматинская обл. Енбекшиказах.район город Есик,"ГККП ""Районный дом культуры имени Туманбая Молдагалиева"" (БИН:040440006476)","ГККП ""Районный дом культуры имени Туманбая Молдагалиева"" (БИН:040440006476)",пост.акимата №195 от 17.04.2025г,"ГККП ""Районный дом культуры имени Туманбая Молдагалиева"" (БИН:040440006476)",нет,нет,Лада 21214  2012г,772BF05,Выставление на аукцион оценочнои стадии
88,Алматинская обл. Енбекшиказах.район город Есик,"ГККП ""Районный дом культуры имени Туманбая Молдагалиева"" (БИН:040440006476)","ГККП ""Районный дом культуры имени Туманбая Молдагалиева"" (БИН:040440006476)",пост.акимата №834 от 16.08.2024г,"ГККП ""Районный дом культуры имени Туманбая Молдагалиева"" (БИН:040440006476)",нет,нет,Лада 21214   2012г,593ВF05,Выставление на аукцион оценочнои стадии
89,Алматинская обл. Енбекшиказах.район город Есик,"ГККП ""Районный дом культуры имени Туманбая Молдагалиева"" (БИН:040440006476)","ГККП ""Районный дом культуры имени Туманбая Молдагалиева"" (БИН:040440006476)",пост.акимата №1115 от 27.12.2022г,"ГККП ""Районный дом культуры имени Туманбая Молдагалиева"" (БИН:040440006476)",Розахунов Долкунжан,приказ №137ж/қ от 02.08.2024г,Лада 21214    2012г,641DK05,"на пользовании ""СДК Ават"" директор"
90,Алматинская обл. Енбекшиказах.район город Есик,"ГККП ""Районный дом культуры имени Туманбая Молдагалиева"" (БИН:040440006476)","ГККП ""Районный дом культуры имени Туманбая Молдагалиева"" (БИН:040440006476)",пост.акимата №159 от 28.03.2025г,"ГККП ""Районный дом культуры имени Туманбая Молдагалиева"" (БИН:040440006476)",нет,приказ №130ж/қ от 02.08.2024г,Toyota Avensis  2010г,531BF05,"на пользовании ГУ ""отдела предпринемательства Енбекшиказахского района"""
91,Алматинская обл. Енбекшиказах.район город Есик,"ГККП ""Районный дом культуры имени Туманбая Молдагалиева"" (БИН:040440006476)","ГККП ""Районный дом культуры имени Туманбая Молдагалиева"" (БИН:040440006476)",пост.акимата №159 от 28.03.2013г,"ГККП ""Районный дом культуры имени Туманбая Молдагалиева"" (БИН:040440006476)",нет,приказ №137ж/қ от 02.08.2013г,Газ 32132 Газель  2013г,942AU05,"на пользовании ""Аппарата акима Масакского с/о"
92,Алматинская обл. Енбекшиказах.район город Есик,"ГККП ""Районный дом культуры имени Туманбая Молдагалиева"" (БИН:040440006476)","ГККП ""Районный дом культуры имени Туманбая Молдагалиева"" (БИН:040440006476)",пост.акимата №471 от 19.04.2025г JTMDU09J9B4037190,"ГККП ""Районный дом культуры имени Туманбая Молдагалиева"" (БИН:040440006476)",,,Toyota Land Cruiser 200 2011г,070VV05,в Аппарате акима района
93,Алматинская обл. Енбекшиказах.район город Есик,"ГККП ""Районный дом культуры имени Туманбая Молдагалиева"" (БИН:040440006476)","ГККП ""Районный дом культуры имени Туманбая Молдагалиева"" (БИН:040440006476)",XTA212140C2085005                        пост.акимата №164 от 28.03.2025г,"ГККП ""Районный дом культуры имени Туманбая Молдагалиева"" (БИН:040440006476)",,,Лада 21214 2012гв,534BF05,Жастар саясаты
Жамбылский район,,,,,,,,,,
1,"Алматинская область, Жамбылский район село Узынагаш","ГУ ""Аппарат маслихата"" Жамбылского района","ГУ ""Аппарат маслихата"" Жамбылского района",Тех паспорт,"ГУ ""Аппарат маслихата"" Жамбылского района",АМАНГЕЛЬДИЕВ МАНАС АЛТЫНБЕКОВИЧ водитель,,HYUNDAI ELANTRA 13.10.2020,717BA05,
2,"Алматинская область, Жамбылский район село Узынагаш",ГУ Аппарат акима Жамбылского района Алматинской области,ГУ Аппарат акима Жамбылского района Алматинской области,технический паспорт ВВ80001734 от 30.07.2021г.,ГУ Аппарат акима Жамбылского района Алматинской области,Аким района    водитель Айдаров Б.А.,Приказ №96-б ж/к от 02.05.2025г.,"Toyota Land Cruiser 200, 2011 год",080RR05,
3,"Алматинская область, Жамбылский район село Узынагаш","ГУ ""Аппарат маслихата"" Жамбылского района",ГУ Аппарат акима Жамбылского района Алматинской области,технический паспорт ВВ80000801 от 13.10.2020г.,ГУ Аппарат акима Жамбылского района Алматинской области,Заместитель акима  водитель  Долдабаев О.К.,Приказ №212-б ж/к от 15.10.2025г.,Hyundai Elantra AD FL  2020 год,605ВА05,
4,"Алматинская область, Жамбылский район село Узынагаш","ГУ ""Аппарат маслихата"" Жамбылского района",ГУ Аппарат акима Жамбылского района Алматинской области,"Получили с области , акт приема-передачи август 2023г.",ГУ Аппарат акима Жамбылского района Алматинской области,Заместитель акима  водитель  Муттахай Қ.С.,Приказ №81-б ж/к от 14.04.2025г.,CHEVROLET  MALIBU   2023 год,530AJ05,
5,"Алматинская область, Жамбылский район село Узынагаш","ГУ ""Аппарат маслихата"" Жамбылского района",ГУ Аппарат акима Жамбылского района Алматинской области,технический паспорт ВВ80001102 от 27.01.2021г.,ГУ Аппарат акима Жамбылского района Алматинской области,Заместитель акима  водитель  Абдибаев Д.Т.,Приказ №144-б ж/к от 01.07.2025г.,Hyundai Sonata 2020 год,055AN05,
6,"Алматинская область, Жамбылский район село Узынагаш","ГУ ""Аппарат маслихата"" Жамбылского района",ГУ Аппарат акима Жамбылского района Алматинской области,технический паспорт AR20001628 от 18.08.2020г.,ГУ Аппарат акима Жамбылского района Алматинской области,Руководитель аппарата   Муса  А.Қ.,Приказ №328-б ж/к от 01.10.2024г.,"Skoda Super B6,  2019 год",575ZA05,
7,"Алматинская область, Жамбылский район село Узынагаш","ГУ ""Аппарат маслихата"" Жамбылского района",ГУ Аппарат акима Жамбылского района Алматинской области,"Получили с области , акт приема-передачи от 24.03.2022 г.",ГУ Аппарат акима Жамбылского района Алматинской области,Дежурная,,CHEVROLET  MALIBU 2021г,531AJ05,
8,"Алматинская область, Жамбылский район село Узынагаш","ГУ ""Аппарат маслихата"" Жамбылского района",ГУ Аппарат акима Жамбылского района Алматинской области,технический паспорт ВВ80000802 от 13.10.2020г.,ГУ Аппарат акима Жамбылского района Алматинской области,,,Hyundai Elantra AD FL  2020 год,615ВА05,
9,"Алматинская область, Жамбылский район село Узынагаш","ГУ ""Аппарат маслихата"" Жамбылского района",ГУ Аппарат акима Жамбылского района Алматинской области,технический паспорт АР00085375 от 12.03.2024г.,ГУ Аппарат акима Жамбылского района Алматинской области,,,Hyundai Elantra AD FL  2023год,868AV05,
10,Алматинская Жамбылский Узынагашский с/о с.Узынагаш,"ГУ ""Отдел экономики и финансов Жамбылского района","ГУ ""Отдел экономики и финансов Жамбылского района",тех.паспорт от 04.05.2024,"ГУ ""Отдел экономики и финансов Жамбылского района",Руководитель отдела /водитель  Кожамуратов Нуртаза Ажимуханович,Приказ № 26 ж/қ от 03.04.2023г,HYUNDAI ELANTRA 2024г,414BC05,
11,Алматинская область/ Жамбылский район/село Узынагаш,"ГУ ""Отдел занятости и социальных программ Жамбылского района""","ГУ ""Отдел занятости и социальных программ Жамбылского района""",тс BB№70014046,"ГУ ""Отдел занятости и социальных программ Жамбылского района""",Водитель  Алдабеков Н.О.,,Skoda Octavia 2018г,833AU05,
12,"Алматинская обл,Жамбылский район Узынагашский сельский  округ,с.Узынагаш",ГУ Отдел внутренней политики Жамбылского  района,ГУ Отдел внутренней политики Жамбылского  района,технический паспорт № AP00051357,ГУ Отдел внутренней политики Жамбылского  района,"Закреплен руководителю отдела, имеется водитель Раимбеков Ерик Рахимкажинович",№1/1 от 02.02.2022,KIA CERATO 2017г,710ZA05,
13,"Алматинская обл,Жамбылский район Узынагашский сельский  округ,с.Узынагаш",ГУ Отдел предпринимательства Жамбылского  района,ГУ Отдел предпринимательства Жамбылского  района,технический паспорт № ВВ99999539,ГУ Отдел предпринимательства Жамбылского  района,"Закреплен руководителю отдела, имеется водитель Наметов Ернар",№4 от 01.08.2024,KIA OPTIMA 2012 г,131BC05,
14,"Алматинская обл,Жамбылский район Узынагашский сельский  округ,с.Узынагаш",ГУ Отдел сельского хозяйства Жамбылского  района,ГУ Отдел сельского хозяйства Жамбылского  района,технический паспорт № AR99999823,ГУ Отдел сельского хозяйства Жамбылского  района,"Закреплен руководителю отдела, имеется водитель Кабыкей Кахарман",№3 от 05.02.2024,TOYOTA CAMRY  2010г,611BD05,
15,"Алматинская обл,Жамбылский район Узынагашский сельский  округ,с.Узынагаш","Государственное учреждение ""Отдел пассажирского транспорта и автомобильных дорог Жамбылского района""","Государственное учреждение ""Отдел пассажирского транспорта и автомобильных дорог Жамбылского района""",ПОСТАНОВЛЕНИЕ АКИМАТ ЖАМБЫЛСКОГО РАЙОНА №131 от 23.04.2024г,отдел,закреплен автомобиль в ОТДЕЛ ПТ и АД Жамбылского район  долж. Водитель Амалбек Нұрбол Еркінұлы,,Skoda Octavia 2015 г.,170ВС05,
16,Алматинская область Жамбылский район с.Узынагаш,ГУ Отдел архитектуры и градостроительства Жамбылского района,ГУ Отдел архитектуры и градостроительства Жамбылского района,технический паспорт BC99998427,ГУ Отдел архитектуры и градостроительства Жамбылского района,Руководитель отдела Туркебаев Кенес Абдиманатович Водитель Касекеев Ермек Оралжанович,приказ №8 от 03.01.2025г,Hyndai Elantra год выпуска2018г,148BC05,
17,Алматинская,"ГУ ""Отдел земельных отношений Жамбылского района""","ГУ ""Отдел земельных отношений Жамбылского района""",Технический паспорт ТС AP99999802,"ГУ ""Отдел земельных отношений Жамбылского района""",Руководитель отдела/водитель отдела Зайтақұн А.С.,,KIA Sportage 2018,011AZ05,
18,Алматинская область Жамбылский район Узынагашский сельский округ село Узынагаш,"ГУ ""Отдел строительства Жамбылского района""","ГУ ""Отдел строительства Жамбылского района""",ВВ№70013574,"ГУ ""Отдел строительства Жамбылского района""",Ажибаев Сырым Джусупович,№10-ж/қ от 01.06.2026 года,KIA Cerato 2017 г,121AU05,
19,Алматинская область Жамбылский район Узынагашский сельский округ село Узынагаш,"Государственное учреждение
""Отдел жилищно –коммунального
хозяйства и жилищной инспекции
Жамбылского района""","Государственное учреждение
""Отдел жилищно –коммунального
хозяйства и жилищной инспекции
Жамбылского района""",ПОСТАНОВЛЕНИЕ АКИМАТ ЖАМБЫЛСКОГО РАЙОНА №73 от 01.03.2023г,отдел,"закреплен автомобиль в Государственное учреждение
""Отдел жилищно –коммунального
хозяйства и жилищной инспекции
Жамбылского района""  долж. Водитель Абдрахаев Еркин Калибаевич",,TOYOTA CAMRY  2010г.,272AJ05,
20,"Алматинская область, Жамбылский район, Айдарлинский сельский округ",КГУ Аппарат акима Айдарлинский сельский округ,КГУ Аппарат акима Айдарлинский сельский округ,AP00060520,Башенов Б.Ж.,Башенов Б.Ж.,Постановление №297 от 31.08.2022,CHEVROLET COBALT,297AI05,
21,Алматинская обл. Жамбылский р-н Акайнарский сельский округ,КГУ Аппарат акима Аккайнарского сельского округа акимата Жамбылского района,КГУ Аппарат акима Аккайнарского сельского округа акимата Жамбылского района,Постоновление акимата Жамбылского района Алматинской области №261 от 23.06.2025г,КГУ Аппарат акима Аккайнарского сельского округа акимата Жамбылского района,Ахметалиев Кайрат Серикбаевич,Постановление №261 от 23.06.2025,Лада нива 2025г,026BG05,
22,Алматинская обл. Жамбылский р-н Акайнарский сельский округ,КГУ Аппарат акима Аккайнарского сельского округа акимата Жамбылского района,КГУ Аппарат акима Аккайнарского сельского округа акимата Жамбылского района,согласно акта прием передачи от 02.09.2013г,КГУ Аппарат акима  Аккайнарского сельского округа акимата Жамбылского района,Ахметалиев Кайрат Серикбаевич,,Lada 21214,353VV05,В данный момент на стадии передачи в ГУ Управление водных ресурсов и ирригации Алматинской области
23,Аксенгирский с/о,"КГУ ""Аппарат
акима Аксенгирского сельского округа"" акимата Жамбылского района","КГУ ""Аппарат
акима Аксенгирского сельского округа"" акимата Жамбылского района",АКТ приема передачи №1 от 08.09.2022г.  Технический паспорт №VL04270574  22.09.2022г.,"КГУ ""Аппарат
акима Аксенгирского сельского округа"" акимата Жамбылского района",Водитель Сыздыков Э.,Распоряжение акима с/о  №Ө-36 от  20.09.2022г.,CHEVROLET COBALT   2022г.,616AI05,
24,Актеркский со,"КГУ ""Аппарата акима Актерекского со"" Жамбылского районного акимата","КГУ ""Аппарата акима Актерекского со"" Жамбылского районного акимата",Постановление №297 от 31.08.2022 г. Техпаспорт № AP00060387 от 20.09.2022г,Аким со Шортанбаев Г.М,Тустикбаев Г.М,Постановление №297 от 31.08.2022 г,CHEVROLET COBOLT 2022 г,279AI05,
25,Алматинская область/Жамбылский район/Бериктасский сельский округ,"КГУ ""Аппарат акима Бериктасского сельского округа""","КГУ ""Аппарат акима Бериктасского сельского округа""",VL04214272,"КГУ ""Аппарат акима Бериктасского сельского округа""",Аким Бериктасского сельского округа С.Молдагалыкова/водитель есть,Постановление и.о.акима Жамбылского района А.Туматаева №297 от 31 августа 2022 года.,Chevrolet Cobalt/2022,KZ295AI05,
26,"Жамбылский район, Бозойский сельский округ,село Бозой",КГУ Аппарат акима Бозойского сельского округа акимата Жамбылского района,КГУ Аппарат акима Бозойского сельского округа акимата Жамбылского района,Акт приемки -передач от 08.09.2022,КГУ Аппарат акима Бозойского сельского округа акимата Жамбылского района,"Аким Бейсембаева Торгын Сагатовна, водитель Куанышев Кебек",нет,Chevrolet Cobalt,263AI05,
27,"Жамбылский район, Бозойский сельский округ,село Бозой",КГУ Аппарат акима Бозойского сельского округа акимата Жамбылского района,,Договор №25 2024-07-22,,"Аким Бейсембаева Торгын Сагатовна, водитель Сыдыбаев Есил",нет,FAW,133BC05,"В данный момент на стадии передачи в ЖКХ, в связи проведением водопровода"
28,"Алматинская область, Жамбылский район, Дегересский сельский округ",КГУ Аппарат акима Дегересский сельский округ,КГУ Аппарат акима Дегересский сельский округ,12213072AUYX0154,Копжасаров Е,Аким Копжасаров Е.,Постановление №297 от 31.08.2022,CHEVROLET COBALT,287AI05,
29,Алматинская область Жамбылский район Жамбылский сельский округ,КГУ Аппарат акима Жамбылский сельский округ,КГУ Аппарат акима Жамбылский сельский округ,VL09650185,Джайлямысов Б.Х,Аким Джайлямысов Б.Х,Қаулы №261 от 23.06.2025,LADA 2025 год,388BG05,
30,"Алматинская область, Жамбылский район, Каракастекский сельский округ","Коммунальное государственное учреждение ""Аппарат акима Каракастекского сельского округа"" акимата Жамбылского района","Коммунальное государственное учреждение ""Аппарат акима Каракастекского сельского округа"" акимата Жамбылского района",AP00060543,Касымбаев М.С.     Тлешов М.Ж.,Аким Касымбаев М.С.                                       Тлешов М.Ж.,Постановление №297 от 31.08.2022,CHEVROLET COBALT,299AI05,
31,Алматинская область Жамбылский район  Карасуский сельский округ село Сарыбай би,"Коммунальное государственное учреждение ""Аппарат акима Карасуского сельского округа"" акимата Жамбылского района","Коммунальное государственное учреждение ""Аппарат акима Карасуского сельского округа"" акимата Жамбылского района",VL10481382,Даурембаев Нуржан Канагатович,Аким Даурембаев Нуржан Канагатович    Водитель Джолтаев Улан Абдиманапович,Постановление № 261 от 23.06.2025,LADA NIVA 2025,378AZ05,
32,Алматинская область/Жамбылский район/Каргалинский сельский округ,"КГУ ""Аппарат акима Каргалинского сельского округа"" акимата Жамбылского района","КГУ ""Аппарат акима Каргалинского сельского округа"" акимата Жамбылского района",VL10481203,"КГУ ""Аппарат акима Каргалинского сельского округа"" акимата Жамбылского района",Аким Каргалинского сельского округа К.Наметов/водитель есть,Постановление №126 от 23.06.2025,Lada Niva/2025,424BG05,
33,Алматинская область/Жамбылский район/Матибулакский сельский округ,"КГУ ""Аппарат акима Матибулакского сельского округа""","КГУ ""Аппарат акима Матибулакского сельского округа""",АР00060527,"КГУ ""Аппарат акима Матибулакского сельского округа""",Аким Матибулакского сельского округа М.Муқашев/водитель есть,Постановление и.о.акима Жамбылского района А.Туматаева №297 от 31 августа 2022 года.,Chevrolet Cobalt/2022,254AI05,
34,Алматинская область/Жамбылский район/Мынбаевский сельский округ,"КГУ ""Аппарат акима Мынбаевского сельского округа"" акимата Жамбылского района","КГУ ""Аппарат акима Мынбаевского сельского округа"" акимата Жамбылского района",VL10481511,"КГУ ""Аппарат акима Мынбаевского сельского округа"" акимата Жамбылского района",Аким Мынбаевского сельского округа Т.Тулибеков/водитель есть,Постановление №126 от 23.06.2025,Lada Niva/2025,382AZ05,
35,"Алматинская область, Жамбылский район, Самсинский сельский округ",КГУ Аппарат акима Самсинский сельский округ,КГУ Аппарат акима Самсинский сельский округ,VL10682877,Мухаметжанов ЖМ,Аким Мухаметжанов Ж М,Постановление №261 от 23.06.2025,LADA NIVA TREVEL,093BG05,
36,"Алматинская область, Жамбылский район, Сарытаукумский сельский округ",КГУ Аппарат акима Сарытакумский сельский округ,КГУ Аппарат акима Сарытакумский сельский округ,AP00060507,Жанахметов А.А.,Жанахметов А.А.,Постановление №297 от 31.08.2022,CHEVROLET COBALT,256AI05,
37,Алматинская обл. Жамбылский р-н Талапский сельский округ,КГУ Аппарат акима Талапского сельского округа акимата Жамбылского района,КГУ Аппарат акима Талапского сельского округа акимата Жамбылского района,Постоновление акимата Жамбылского района Алматинской области №261 от 23.06.2025г,КГУ Аппарат акима Талапского сельского округа акимата Жамбылского района,Ешеев Багдат Болатханович,Постановление №261 от 23.06.2025,Лада нива 2025г,435AZ05,
38,Алматинская обл. Жамбылский р-н Талапский сельский округ,КГУ Аппарат акима Талапского сельского округа акимата Жамбылского района,КГУ Аппарат акима Талапского сельского округа акимата Жамбылского района,согласно акта прием передачи от 02.09.2013г,КГУ Аппарат акима Талапского сельского округа акимата Жамбылского района,Ешеев Багдат Болатханович,,Lada 21214,396VV05,В данный момент на стадии передачи в ГУ Управление водных ресурсов и ирригации Алматинской области
39,"Алматинская обл. Жамбылскии район, Таранскии сельскии округ","КГУ ""Аппарат акима Таранского сельского округа акимата Жамбылского района","КГУ ""Аппарат акима Таранского сельского округа",Акт приема-передачи на 01.09.2013г,"КГУ ""Аппарат акима Таранского сельского округа","Бабагельдиев Чингиз Бахытович - аким , Жапажанов Малик Аширханович-- - водитель",,Шевроле Нива 2123 Год выпуска 2010г,В055DD,неуд
40,"Алматинская обл. Жамбылскии район, Таранскии сельскии округ","КГУ ""Аппарат акима Таранского сельского округа акимата Жамбылского района","КГУ ""Аппарат акима Таранского сельского округа",Акт приема-передачи от 2 июля 2026г,"КГУ ""Аппарат акима Таранского сельского округа","Бабагельдиев Чингиз Бахытович - аким , Жапажанов Малик Аширханович-- - водитель",Постановление акимата Жамбылского района №261 от 23 июня 2025г.,LADA NIVA Год выпуска 2025,B867AV05,
41,"Алматинская область, Жамбылский район, Темиржолский сельский округ",КГУ Аппарат акима Темиржолский сельский округ,"Коммунальное государственное учреждение ""Аппарат акима Темиржолского сельского округа"" акимата Жамбылского района",VL09780554,Сарсенов О.Б.,Аким Сарсенов О.Б.,Постановление №261 от 23.06.2025,LADA NIVA TREVEL,574BG05,
42,"Алматинская область, Жамбылский район, Ульгулинский сельский округ,село Ульгули",КГУ Аппарат акима Ульгулинского сельского округа акимата Жамбылского района,"Коммунальное государственное учреждение ""Аппарат акима Ульгулинского сельского округа"" акимата Жамбылского района",VL09718037,КГУ Аппарат акима Ульгулинского сельского округа акимата Жамбылского района,"Аким Абдыкаримов Мухтар Джумабекович, водитель Нугуманов Тимур Тлеулесбекович",Постановление №261 от 23.06.2025,LADA NIVA,577BG05,
43,"Жамбылский район, Улькенский сельский округ,село Бозой",КГУ Аппарат акимаУлькенского сельского округа акимата Жамбылского района,КГУ Аппарат акима Улькенского сельского округа акимата Жамбылского района,Постановление №297 от 31.08.2022 г,КГУ Аппарат акимаУлькенского сельского округа акимата Жамбылского района,"Аким Касенов кенжемурат Болатович, водитель Джанаев Рауан Адильканович",нет,Chevrolet Cobalt,298AI05,
44,Алматинская область/Жамбылский район/Унгуртасский сельский округ,"КГУ ""Аппарат акима Унгуртасского сельского округа"" акимата Жамбылского района","КГУ ""Аппарат акима Унгуртасского сельского округа"" акимата Жамбылского района",AP99854398,"КГУ ""Аппарат акима Унгуртасского сельского округа"" акимата Жамбылского района",Аким Унгуртасского сельского округа Д.Н.Абдуали/водитель есть,Постановление №126 от 23 июня 2025 года.,Lada Niva/2025,770BM05,
45,Алматинская область Жамбылский район Узынагашский сельский округ село Узынагаш,"КГУ ""Аппарат акима Узынагашского сельского округа""","КГУ ""Аппарат акима Узынагашского сельского округа""",№301 от 16.11.2020,"КГУ ""Аппарат акима Узынагашского сельского округа""",,не имеется,Skoda super d 2014,697BD05,Простаивает
46,Алматинская область Жамбылский район Узынагашский сельский округ село Узынагаш,"КГУ ""Аппарат акима Узынагашского сельского округа""","КГУ ""Аппарат акима Узынагашского сельского округа""",№260 от 23.06.2025,"КГУ ""Аппарат акима Узынагашского сельского округа""",Аким сельского округа/Водитель Н.Жәдік,не имеется,HAVAL Jolion 2024,989AV05,
47,Алматинская область Жамбылский район Узынагашский сельский округ село Узынагаш,"КГУ ""Аппарат акима Узынагашского сельского округа""","КГУ ""Аппарат акима Узынагашского сельского округа""",№261 от 23.06.2026,"КГП на ПХВ ""Жамбыл Су""",,№338 от 27.08.2025,LADA 2025,938AV05,Нет перерегистрации автомобильного транспорта
48,"Алматинская область, Жамбылский район, Шиенский сельский округ","Коммунальное государственное учреждение "" Аппарат акима Шиенского сельского  округа Жамбылского района""","Коммунальное государственное учреждение "" Аппарат акима Шиенского сельского  округа Жамбылского района""",VL09717686,Иманбаев Е.Ж.,Аким Иманбаев Е.Ж.,Постановление №126 от 23.06.2025,LADA NIVA,391AZ05,
49,"Алматинская область, Жамбылский район, Шиенский сельский округ","Коммунальное государственное учреждение "" Аппарат акима Шиенского сельского  округа Жамбылского района""","Коммунальное государственное учреждение "" Аппарат акима Шиенского сельского  округа Жамбылского района""",ВТ №03021978,Иманбаев Е.Ж.,Аким Иманбаев Е.Ж.,Постановление №94 от 17.03.2026,LADA 21214,394VV05,В данный момент на стадии передачи в ГУ Управление водных ресурсов и ирригации Алматинской области
50,"Алматинская область,Жамбылский район,село Умбеталы","КГУ""Аппарат акима Шолаккаргалинского сельского округа"" акимата жамбылского района Алматинской области","КГУ""Аппарат акима Шолаккаргалинского сельского округа"" акимата Жамбылского района Алматинской области","акт приема передачи  03.07.2025г, номер техпаспорта № AP99868473 от 03.07.2025г","КГУ""Аппарат акима Шолаккаргалинского сельского округа"" акимата жамбылского района Алматинской области",Ильязов Н.И,нет,Lada Niva,292BG05,новая
51,"Алматинская область,Жамбылский район,село Умбеталы","КГУ""Аппарат акима Шолаккаргалинского сельского округа"" акимата жамбылского района Алматинской области","КГУ""Аппарат акима Жамбылского района Алматинской области","акт приема передачи  05.07.2023г, номер техпаспорта № ВВ70013195 от 24.11.2016г","КГУ""Аппарат акима Шолаккаргалинского сельского округа"" акимата жамбылского района Алматинской области",,нет,Skoda Superb B6  2014г,414VV05,не на ходу
52,Алматинская область/ Жамбылский район/село Узынагаш,"ГУ ""Отдел занятости и социальных программ Жамбылского района""","КГУ ""Центр
оказания специальных социальных услуг в условиях
оказания услуг на дому Жамбылского района""
ГУ ""Отдел занятости и
социальных программ Жамбылского района""",ВА №66024298,"КГУ ""Центр
оказания специальных социальных услуг в условиях
оказания услуг на дому Жамбылского района""
ГУ ""Отдел занятости и
социальных программ Жамбылского района""",Водитель Апетаев Б.Т.,,LADA 21214  2014 г,949AL05,
53,Алматинская область Жамбылский район село Узынагаш,"Коммунальное государственное учреждение ""Центр поддержки семьи"" государственного учреждения ""Отдел занятости и социальных программ Жамбылского района""","Коммунальное государственное учреждение ""Центр поддержки семьи"" государственного учреждения ""Отдел занятости и социальных программ Жамбылского района""","Дополнительное соглашение
к договору о государственных закупках товаров

№ 25 от 2025-07-01","Коммунальное государственное учреждение ""Центр поддержки семьи"" государственного учреждения ""Отдел занятости и социальных программ Жамбылского района""",Ізтілеу Дастан Ерікұлы - водитель,приказ №15-Ө от 06.08.2025 год,Chevrolet Cobalt  - 1  2025г,913AV05,
54,"Алматинская обл,Жамбылский район Узынагашский сельский  округ,с.Узынагаш","КГУ «Жамбылская районная библиотека» государственного учреждения «Отдел культуры, развития языков, физической культуры и спорта Жамбылского района""","КГУ «Жамбылская районная библиотека» государственного учреждения «Отдел культуры, развития языков, физической культуры и спорта Жамбылского района""",технический паспорт №BQ 80000815,"КГУ «Жамбылская районная библиотека» государственного учреждения «Отдел культуры, развития языков, физической культуры и спорта Жамбылского района""","Закреплен директору, имеется водитель  Магажанов  Сержан  Советиович",№1/1 от 05.01.2025,Уаз-220603                  2008 г.в.,В564СТ,
55,"Алматинская обл,Жамбылский район Узынагашский сельский  округ,с.Узынагаш","КГУ «Жамбылская районная библиотека» государственного учреждения «Отдел культуры, развития языков, физической культуры и спорта Жамбылского района""","КГУ «Жамбылская районная библиотека» государственного учреждения «Отдел культуры, развития языков, физической культуры и спорта Жамбылского района""",технический паспорт №AP00072690,"КГУ «Жамбылская районная библиотека» государственного учреждения «Отдел культуры, развития языков, физической культуры и спорта Жамбылского района""",,,ВАЗ 21214                    2007 г.в.,374AJ05,
56,"Алматинская облость ,Жамбылский район с.Узынагаш",ГККП Дом Культуры Жамбылского района,"Государственное комунальнное казенное предприятие ""Дома культуры Жамбылского района""",Постановление №301 от 09.08.2024 г .Акт приема передачи от 09.08.2024 г XWWAH93T6DU00088,ГККП Дом Культуры Жамбылского района,Сариев Ерболат,,SKODA SUPERB B6 2013 Г,155BC05,
57,"Алматинская облость ,Жамбылский район с.Узынагаш",ГККП Дом Культуры Жамбылского района,"Государственное комунальнное казенное предприятие ""Дома культуры Жамбылского района""",Постановление № 47 от 19.12.2026 г . Карасайского районого акимата MX16A414BSK042860,ГККП Дом Культуры Жамбылского района,Сариев Ерболат,,KIA K 5,050MC05,
58,"Алматинская облость ,Жамбылский район с.Узынагаш",ГККП Дом Культуры Жамбылского района,"Государственное комунальнное казенное предприятие ""Дома культуры Жамбылского района""",MX3KF17HPQC002855,ГККП Дом Культуры Жамбылского района,Сариев Ерболат,,Hyundai Country 2015,103AR05,
59,"Алматинский область, Жамбылский р/н, с. Мынбаево",Государственное коммунальное предприятие на праве хозяйственного ведения «Мынбаев Су құбыры» коммунального государственного учреждения «Отдел жилищно-коммунального хозяйства и жилищной инспекции Жамбылского района»,Государственное коммунальное предприятие на праве хозяйственного ведения «Мынбаев Су құбыры» коммунального государственного учреждения «Отдел жилищно-коммунального хозяйства и жилищной инспекции Жамбылского района»,"Акт прием передачи, тех паспорт",организация,Койшибаев Габит Сагиевич директор,приказ № 29/А от 02.12.2021г,автомашина Kia Cerato 2006 г,923AZ05,
60,"Алматинская обл,Жамбылский район Узынагашский сельский  округ,с.Узынагаш","ГКП на пхв ""Май Булак""КГУОтдел ЖКХ и ЖИ Жамбылского района""""","ГКП на пхв ""Май Булак""КГУОтдел ЖКХ и ЖИ Жамбылского района""Баланс",Постановление № 526 от 14.12.2018 г,"ГКП на пхв ""Май Булак""КГУОтдел ЖКХ и ЖИ Жамбылского района""""",Каржауов К,Приказ №5 от 12.02.2021,KIA Cerato,697YB05,
61,"Алматинская обл,Жамбылский район Узынагашский сельский  округ,с.Узынагаш","ГКП на пхв ""Май Булак""КГУОтдел ЖКХ и ЖИ Жамбылского района""""","ГКП на пхв ""Май Булак""КГУОтдел ЖКХ и ЖИ Жамбылского района""Баланс",Постановление № 329 от 05.07.2019 г,"ГКП на пхв ""Май Булак""КГУОтдел ЖКХ и ЖИ Жамбылского района""""",Куанышбаев Е,Приказ №5 от 12.02.2022,Lada21214,131YK05,
62,"Алматинская обл,Жамбылский район Узынагашский сельский  округ,с.Узынагаш","ГКП на пхв ""Май Булак""КГУОтдел ЖКХ и ЖИ Жамбылского района""""","ГКП на пхв ""Май Булак""КГУОтдел ЖКХ и ЖИ Жамбылского района""Баланс",Постановление № 411 от 15.11.2022 г,"ГКП на пхв ""Май Булак""КГУОтдел ЖКХ и ЖИ Жамбылского района""""",,Приказ №12 от 30.11.2023,Lada21214,203YB05,
63,"Алматинская обл,Жамбылский район Узынагашский сельский  округ,с.Узынагаш",ГКП на ПВХ Жамбыл Су,ГКП на ПВХ Жамбыл Су,Постановление акимата Алм.области № 102 от 18.06.2004,Абдиев Канат Назимханович,слесарь,принято от Акимата Жамбылского района,Нива ВАЗ 21213,B474BU,
64,"Алматинская обл,Жамбылский район Узынагашский сельский  округ,с.Узынагаш",ГКП на ПВХ Жамбыл Су,ГКП на ПВХ Жамбыл Су,Постановление Акима Жамбылского района № 916 от  12.12.2012г,Абдиев Канат Назимханович,слесарь,Принято от Аппарат Акима Жамбылского района,Нива ВАЗ 21214,B021DD,
Илийский район,,,,,,,,,,
1,Илийский район,"ГУ ""Аппарат акима Илийского района","ГУ ""Аппарат акима Илийского района",Технические паспорты,"ГУ ""Аппарат акима Илийского района""",Аким района/Сатиев А.К. (водитель),Распоряжение акима № 19 от 24.02.2025 г.,"TANK 500, 2026 г.",300АА05,
2,Илийский район,"ГУ ""Аппарат акима Илийского района","ГУ ""Аппарат акима Илийского района",Технические паспорты,"ГУ ""Аппарат акима Илийского района""",Заместитель акима района/Сансызбаев М.Қ. (водитель),,"Chevrolet Malibu, 2021 г.",928AК05,
3,Илийский район,"ГУ ""Аппарат акима Илийского района","ГУ ""Аппарат акима Илийского района",Технические паспорты,"ГУ ""Аппарат акима Илийского района""",Заместитель акима района/Абдрахманов И.О. (водитель),,"Kia Sportage, 2023 г.",670BG05,
4,Илийский район,"ГУ ""Аппарат акима Илийского района","ГУ ""Аппарат акима Илийского района",Технические паспорты,"ГУ ""Аппарат акима Илийского района""",Заместитель акима района/Жаксыбаев И.С. (водитель),,"Kia Sportage, 2023 г.",825DК05,
5,Илийский район,"ГУ ""Аппарат акима Илийского района","ГУ ""Аппарат акима Илийского района",Технические паспорты,"ГУ ""Аппарат акима Илийского района""",Заместитель акима района/вакант,,"Toyota Camry 70 , 2021 г.",930BC05,
6,Илийский район,"ГУ ""Отдел экономики и финансов""","ГУ ""Отдел экономики и финансов""",Технический паспорт,"ГУ ""Отдел экономики и финансов""",Руководитель отдела/вакант,Приказ № 3 от 23.04.2026 г.,"Hyndai Elantra, 2024 г.",572BH05,
7,Илийский район,"ГУ ""Отдел предпринимательства""","ГУ ""Отдел предпринимательства""",Технический паспорт,"ГУ ""Отдел предпринимательства""",Руководитель отдела/вакант,Договор  мат. отв  от 01.11.2025г,"Toyota Camry, 2016",915BH05,
8,Илийский район,"ГУ ""Отдел пассажирского транспорта и автомобильных дорог""","ГУ ""Отдел пассажирского транспорта и автомобильных дорог""",Технический паспорт,"ГУ ""Отдел пассажирского транспорта и автомобильных дорог""",Руководитель отдела/вакант,,HYUNDAI Tucson 2025 г.,399BN05,
9,Илийский район,"ГУ ""Отдел сельского хозяйства""","ГУ ""Отдел сельского хозяйства""",Технический паспорт,"ГУ ""Отдел сельского хозяйства""",Руководитель отдела/Саутов А. Б. (водитель),17.03.2025 жыл №76-ө ж/қ,"Huyndai Elantra, 2011 г.",419VV05,
10,Илийский район,"ГУ ""Отдел строительства""","ГУ ""Отдел строительства Илийского района""",Технический паспорт,"ГУ ""Отдел строительства Илийского района""",Руководитель отдела/ Шаймуратов Е.Н. (водитель),Приказ  №14 н/қ от 01.04.2026 г.,"Huyndai Tucson, 2026 г.",178BI05,
11,Илийский район,"ГУ ""Отдел занятости и социальных программ""","ГУ ""Отдел занятости и социальных программ""",Технический паспорт,"ГУ ""Отдел занятости и социальных программ Илийского района""",Руководитель отдела/вакант,Приказ №22 от 01.04.2026 г.,"Kia Rio, 2020 г.",203ZA05,
12,Илийский район,"ГУ ""Отдел жилищно-коммунального хозяйства и жилищной инспекции""","ГУ ""Отдел жилищно-коммунального хозяйства и жилищной инспекции""",Технический паспорт,"ГУ ""Отдел жилищно-коммунального хозяйства и жилищной инспекции""",Руководитель отдела/вакант,Приказ №87 от 14.01.2024г.,"Kia rio, 2014 г.в.",847LC05,
13,Илийский район,"ГУ ""Отдел земельных отношений""","ГУ ""Отдел земельных отношений""",Технический паспорт,"ГУ ""Отдел земельных отношений""",Руководитель отдела/вакант,15.10.2025 жыл №272-ө ж/қ,"KIA Optima, 2019",464LC05,
14,Илийский район,"ГУ  "" Отдел архитектуры и градостроительства Илийского района""","ГУ  "" Отдел архитектуры и градостроительства Илийского района""",Технический паспорт,"ГУ  "" Отдел архитектуры и градостроительства Илийского района""",Руководитель отдела/Құрманбаев  Е.Д . (водитель),Приказ №10 от 02.03.2026 г.,"HYUNDAI TUCSON, 2026",884BJ05,
15,Сельский округ Ақсай,"ГУ ""Аппарат акима сельского округа Ақсай""","ГУ ""Аппарат акима сельского округа Ақсай""",Технический паспорт,"ГУ ""Аппарат акима сельского округа Ақсай""",Аким округа/Сарсенов И.Т (водитель),Распоряжение акима №10-ө қ/қ от 10.12.2024г,"HYUNDAI ELANTRA, 2024 г.",552BH05,
16,Байсеркенский сельский округ,ГУ «Аппарат акима Байсеркенского сельского округа»,ГУ «Аппарат акима Байсеркенского сельского округа»,Технический паспорт,ГУ «Аппарат акима Байсеркенского сельского округа»,Аким округа/Аяганов Д. (водитель),Распоряжение №05/1-ө т/қ от 06.04.2026г.,"HYUNDAI ELANTRA, 2026",351BN05,
17,Сельский округ Байкент,"ГУ ""Аппарат акима сельского округа Байкент""","ГУ ""Аппарат акима сельского округа Байкент""",Технический паспорт,"ГУ ""Аппарат Акима сельского округа Байкент Илийского района""",Аким округа/Назарбеков Ж.Р. (водитель),Распоряжение № 4 от 16.03.2023 г.,"Hundai Elantra, 2026 г.",695BI05,
18,Куртинский сельский округ,"ГУ ""Аппарат акима Куртинского сельского округа""","ГУ ""Аппарат акима Куртинского сельского округа""",Технический паспорт,"ГУ ""Аппарат акима Куртинского сельского округа""",Аким округа/Булдыбаев Д.М. (водитель),№84 -н/қ от 03.10.2022г.,"Chevrolet Cobalt, 2022 г.",050ТА05,
19,поселок Боралдай,"ГУ ""Аппарат акима поселка Боралдай""","ГУ ""Аппарат акима поселка Боралдай""",Технический паспорт,"ГУ ""Аппарат акима поселка Боралдай""",Аким округа/ вакант,,"Нyunday Elantra,2021г.",376ZB05,
20,Караойский сельский округ,"ГУ ""Аппарат акима Караойского сельского округа""","ГУ ""Аппарат акима Караойского сельского округа""",Технический паспорт,"ГУ ""Аппарат акима Караойского сельского округа""",Аким округа/Құтпанбаев А.Ә. (водитель),№10 Қ/Қ от 22.09.2017г.,"Hyundai Elantra, 2025 г.",558ВН05,
21,Ащыбулакский сельский округ,"ГУ ""Аппарат акима Ащыбулакского сельского округа""","ГУ ""Аппарат акима Ащыбулакского сельского округа""",Технический паспорт,"ГУ ""Аппарат акима Ащыбулакского сельского округа""",Аким округа/ вакант,№466 10.11.2022,"Chevrolet cobalt, 2022 г.",990ZC05,
22,Сельский округ Өтеген батыр,"ГУ ""Аппарат акима сельского округа Өтеген батыр""","ГУ ""Аппарат акима сельского округа Өтеген батыр""",Технический паспорт,"ГУ ""Аппарат акима сельского округа Өтеген батыр""",Аким округа/Аубакиров Е.З (водитель),№64-ө н/қ  15.04.2025,"Hyundai Elantra, 2024г.",611BH05,
23,Сельский округ Асқар тоқпанов,"ГУ ""Аппарат акима сельского округа Асқар Тоқпанов""","ГУ ""Аппарат акима сельского округа Асқар Тоқпанов""",Технический паспорт,"ГУ ""Аппарат акима сельского округа Асқар Тоқпанов""",Аким округа/Тілеген Д.Е (водитель),"Распоряжение № 5, от 05.01.2021 г.","KIA CERATO, 2017 г.",055JB05,
24,Илийский район,ГККП Районный дом культуры Акима Илийского района,ГККП Районный дом культуры Акима Илийского района,Технический паспорт,ГККП Районный дом культуры Акима Илийского района,Директор/ Исатаев Е.Б  (водитель),"Доверенность №4, 13.01.2026",JAC S3PRO (VIN) 2025 Г/В,971АV05,
25,Илийский район,"Филиал №1 ""Дом культуры с.Акши"" ГККП ""Районный дом культуры Акима Илийского района""","Филиал №1 ""Дом культуры с.Акши"" ГККП ""Районный дом культуры Акима Илийского района""",Технический паспорт,"Филиал №1 ""Дом культуры с.Акши"" ГККП ""Районный дом культуры Акима Илийского района""",Директор/Алипбаев Д.К (водитель),Договор  мат. отв,ГАЗ 322132-288  2020 Г/В,393ZF05,
26,Илийский район,"ГКП на ПХВ ""Іле Су"" ГУ Аппарата Акима Илийского района","ГКП на ПХВ ""Іле Су"" ГУ Аппарата Акима Илийского района",Технический паспорт,"ГКП на ПХВ ""Іле Су"" ГУ Аппарата Акима Илийского района",Директор/Тажинов Б.А (механик),Договор  мат. отв,КАМАЗ 65116-6010-48,401ZA05,
27,Илийский район,"ГКП на ПХВ ""Іле Су"" ГУ Аппарата Акима Илийского района","ГКП на ПХВ ""Іле Су"" ГУ Аппарата Акима Илийского района",Технический паспорт,"ГКП на ПХВ ""Іле Су"" ГУ Аппарата Акима Илийского района",Директор/Тажинов Б.А (механик),Договор  мат. отв,ГАЗ 330900-1377,283YK05,
28,Илийский район,"ГКП на ПХВ ""Іле Су"" ГУ Аппарата Акима Илийского района","ГКП на ПХВ ""Іле Су"" ГУ Аппарата Акима Илийского района",Технический паспорт,"ГКП на ПХВ ""Іле Су"" ГУ Аппарата Акима Илийского района",Директор/Тажинов Б.А (механик),Договор  мат. отв,КАМАЗ 53605 КО-829D1,749AZ05,
29,Илийский район,"ГКП на ПХВ ""Іле Су"" ГУ Аппарата Акима Илийского района","ГКП на ПХВ ""Іле Су"" ГУ Аппарата Акима Илийского района",Технический паспорт,"ГКП на ПХВ ""Іле Су"" ГУ Аппарата Акима Илийского района",Директор/Тажинов Б.А (механик),Договор  мат. отв,КАМАЗ 45143-012-15,185AS05,
30,Илийский район,"ГКП на ПХВ ""Іле Су"" ГУ Аппарата Акима Илийского района","ГКП на ПХВ ""Іле Су"" ГУ Аппарата Акима Илийского района",Технический паспорт,"ГКП на ПХВ ""Іле Су"" ГУ Аппарата Акима Илийского района",Директор/Тажинов Б.А (механик),Договор  мат. отв,ГАЗ 330900-1377,102YD05,
31,Илийский район,"ГКП на ПХВ ""Іле Су"" ГУ Аппарата Акима Илийского района","ГКП на ПХВ ""Іле Су"" ГУ Аппарата Акима Илийского района",Технический паспорт,"ГКП на ПХВ ""Іле Су"" ГУ Аппарата Акима Илийского района",Директор/Тажинов Б.А (механик),Договор  мат. отв,Беларус 821 Трактор,B651BCD,
32,Илийский район,"ГКП на ПХВ ""Іле Су"" ГУ Аппарата Акима Илийского района","ГКП на ПХВ ""Іле Су"" ГУ Аппарата Акима Илийского района",Технический паспорт,"ГКП на ПХВ ""Іле Су"" ГУ Аппарата Акима Илийского района",Директор/Тажинов Б.А (механик),Договор  мат. отв,КАМАЗ 45143-012-15,730AZ05,
33,Илийский район,"ГКП на ПХВ ""Іле Су"" ГУ Аппарата Акима Илийского района","ГКП на ПХВ ""Іле Су"" ГУ Аппарата Акима Илийского района",Технический паспорт,"ГКП на ПХВ ""Іле Су"" ГУ Аппарата Акима Илийского района",Директор/Тажинов Б.А (механик),Договор  мат. отв,GR 180 Автогрейдер,AUD280B,
34,Илийский район,"ГКП на ПХВ ""Іле Су"" ГУ Аппарата Акима Илийского района","ГКП на ПХВ ""Іле Су"" ГУ Аппарата Акима Илийского района",Технический паспорт,"ГКП на ПХВ ""Іле Су"" ГУ Аппарата Акима Илийского района",Директор/Тажинов Б.А (механик),Договор  мат. отв,GR 180 Автогрейдер,AUD281B,
35,Илийский район,"ГКП на ПХВ ""Іле Су"" ГУ Аппарата Акима Илийского района","ГКП на ПХВ ""Іле Су"" ГУ Аппарата Акима Илийского района",Технический паспорт,"ГКП на ПХВ ""Іле Су"" ГУ Аппарата Акима Илийского района",Директор/Тажинов Б.А (механик),Договор  мат. отв,Mitsubishi Canter,745AS05,
36,Илийский район,"ГКП на ПХВ ""Іле Су"" ГУ Аппарата Акима Илийского района","ГКП на ПХВ ""Іле Су"" ГУ Аппарата Акима Илийского района",Технический паспорт,"ГКП на ПХВ ""Іле Су"" ГУ Аппарата Акима Илийского района",Директор/Тажинов Б.А (механик),Договор  мат. отв,Амкадор 332B,B457AKD,
37,Илийский район,"ГКП на ПХВ ""Іле Су"" ГУ Аппарата Акима Илийского района","ГКП на ПХВ ""Іле Су"" ГУ Аппарата Акима Илийского района",Технический паспорт,"ГКП на ПХВ ""Іле Су"" ГУ Аппарата Акима Илийского района",Директор/Тажинов Б.А (механик),Договор  мат. отв,Беларус 82-1,B652BCD,
38,Илийский район,"ГКП на ПХВ ""Іле Су"" ГУ Аппарата Акима Илийского района","ГКП на ПХВ ""Іле Су"" ГУ Аппарата Акима Илийского района",Технический паспорт,"ГКП на ПХВ ""Іле Су"" ГУ Аппарата Акима Илийского района",Директор/Тажинов Б.А (механик),Договор  мат. отв,JC 45 Мини Погрузчик,ASD241B,
39,Илийский район,"ГКП на ПХВ ""Іле Су"" ГУ Аппарата Акима Илийского района","ГКП на ПХВ ""Іле Су"" ГУ Аппарата Акима Илийского района",Технический паспорт,"ГКП на ПХВ ""Іле Су"" ГУ Аппарата Акима Илийского района",Директор/Тажинов Б.А (механик),Договор  мат. отв,"Toyota AVENSIS 1,8 MT",720AY05,
40,Илийский район,"ГКП на ПХВ ""Іле Су"" ГУ Аппарата Акима Илийского района","ГКП на ПХВ ""Іле Су"" ГУ Аппарата Акима Илийского района",Технический паспорт,"ГКП на ПХВ ""Іле Су"" ГУ Аппарата Акима Илийского района",Директор/Тажинов Б.А (механик),Договор  мат. отв,Экскаватор погрузчик CASE 570ST,B565BAD,
41,Илийский район,"ГКП на ПХВ ""Іле Су"" ГУ Аппарата Акима Илийского района","ГКП на ПХВ ""Іле Су"" ГУ Аппарата Акима Илийского района",Технический паспорт,"ГКП на ПХВ ""Іле Су"" ГУ Аппарата Акима Илийского района",Директор/Тажинов Б.А (механик),Договор  мат. отв,Беларус 320.4 Трактор колесный,B653BCD,
42,Илийский район,"ГКП на ПХВ ""Іле Су"" ГУ Аппарата Акима Илийского района","ГКП на ПХВ ""Іле Су"" ГУ Аппарата Акима Илийского района",Технический паспорт,"ГКП на ПХВ ""Іле Су"" ГУ Аппарата Акима Илийского района",Директор/Тажинов Б.А (механик),Договор  мат. отв,Беларус 320.4 Трактор колесный,B654BCD,
43,Илийский район,"ГКП на ПХВ ""Іле Су"" ГУ Аппарата Акима Илийского района","ГКП на ПХВ ""Іле Су"" ГУ Аппарата Акима Илийского района",Технический паспорт,"ГКП на ПХВ ""Іле Су"" ГУ Аппарата Акима Илийского района",Директор/Тажинов Б.А (механик),Договор  мат. отв,"ЭО-2626 Экскаватор погрузчик МТЗ 82,2",B190AAB,
44,Илийский район,"ГКП на ПХВ ""Іле Су"" ГУ Аппарата Акима Илийского района","ГКП на ПХВ ""Іле Су"" ГУ Аппарата Акима Илийского района",Технический паспорт,"ГКП на ПХВ ""Іле Су"" ГУ Аппарата Акима Илийского района",Директор/Тажинов Б.А (механик),Договор  мат. отв,Chevrolet Aveo,255ZB05,
45,Илийский район,"ГКП на ПХВ ""Іле Су"" ГУ Аппарата Акима Илийского района","ГКП на ПХВ ""Іле Су"" ГУ Аппарата Акима Илийского района",Технический паспорт,"ГКП на ПХВ ""Іле Су"" ГУ Аппарата Акима Илийского района",Директор/Тажинов Б.А (механик),Договор  мат. отв,Daewoo Matiz,736AZ05,
46,Илийский район,"ГКП на ПХВ ""Іле Су"" ГУ Аппарата Акима Илийского района","ГКП на ПХВ ""Іле Су"" ГУ Аппарата Акима Илийского района",Технический паспорт,"ГКП на ПХВ ""Іле Су"" ГУ Аппарата Акима Илийского района",Директор/Тажинов Б.А (механик),Договор  мат. отв,KIA Cerato,754AU05,
47,Илийский район,"ГКП на ПХВ ""Іле Су"" ГУ Аппарата Акима Илийского района","ГКП на ПХВ ""Іле Су"" ГУ Аппарата Акима Илийского района",Технический паспорт,"ГКП на ПХВ ""Іле Су"" ГУ Аппарата Акима Илийского района",Директор/Тажинов Б.А (механик),Договор  мат. отв,KIA Cerato,441AI05,
48,Илийский район,"ГКП на ПХВ ""Іле Су"" ГУ Аппарата Акима Илийского района","ГКП на ПХВ ""Іле Су"" ГУ Аппарата Акима Илийского района",Технический паспорт,"ГКП на ПХВ ""Іле Су"" ГУ Аппарата Акима Илийского района",Директор/Тажинов Б.А (механик),Договор  мат. отв,ГАЗ 3309,738AZ05,
49,Илийский район,"ГКП на ПХВ ""Іле Су"" ГУ Аппарата Акима Илийского района","ГКП на ПХВ ""Іле Су"" ГУ Аппарата Акима Илийского района",Технический паспорт,"ГКП на ПХВ ""Іле Су"" ГУ Аппарата Акима Илийского района",Директор/Тажинов Б.А (механик),Договор  мат. отв,УАЗ 390945,340ZB05,
50,Илийский район,"ГКП на ПХВ ""Іле Су"" ГУ Аппарата Акима Илийского района","ГКП на ПХВ ""Іле Су"" ГУ Аппарата Акима Илийского района",Технический паспорт,"ГКП на ПХВ ""Іле Су"" ГУ Аппарата Акима Илийского района",Директор/Тажинов Б.А (механик),Договор  мат. отв,ГАЗ-33098,423ZA05,
51,Илийский район,"ГКП на ПХВ ""Іле Су"" ГУ Аппарата Акима Илийского района","ГКП на ПХВ ""Іле Су"" ГУ Аппарата Акима Илийского района",Технический паспорт,"ГКП на ПХВ ""Іле Су"" ГУ Аппарата Акима Илийского района",Директор/Тажинов Б.А (механик),Договор  мат. отв,Беларус 82.1 Трактор колесный,B496BFD,
52,Илийский район,"ГКП на ПХВ ""Іле Су"" ГУ Аппарата Акима Илийского района","ГКП на ПХВ ""Іле Су"" ГУ Аппарата Акима Илийского района",Технический паспорт,"ГКП на ПХВ ""Іле Су"" ГУ Аппарата Акима Илийского района",Директор/Тажинов Б.А (механик),Договор  мат. отв,УАЗ 39094,740AZ05,
53,Илийский район,"ГКП на ПХВ ""Іле Су"" ГУ Аппарата Акима Илийского района","ГКП на ПХВ ""Іле Су"" ГУ Аппарата Акима Илийского района",Технический паспорт,"ГКП на ПХВ ""Іле Су"" ГУ Аппарата Акима Илийского района",Директор/Тажинов Б.А (механик),Договор  мат. отв,Экскаватор погрузчик SAM 588,APD977B,
54,Илийский район,"ГКП на ПХВ ""Іле Су"" ГУ Аппарата Акима Илийского района","ГКП на ПХВ ""Іле Су"" ГУ Аппарата Акима Илийского района",Технический паспорт,"ГКП на ПХВ ""Іле Су"" ГУ Аппарата Акима Илийского района",Директор/Тажинов Б.А (механик),Договор  мат. отв,ГАЗ 33023,732AZ05,
55,Илийский район,"ГКП на ПХВ ""Іле Су"" ГУ Аппарата Акима Илийского района","ГКП на ПХВ ""Іле Су"" ГУ Аппарата Акима Илийского района",Технический паспорт,"ГКП на ПХВ ""Іле Су"" ГУ Аппарата Акима Илийского района",Директор/Тажинов Б.А (механик),Договор  мат. отв,Кран Кс-45719-5а,746AZ05,
56,Илийский район,"ГКП на ПХВ ""Іле Су"" ГУ Аппарата Акима Илийского района","ГКП на ПХВ ""Іле Су"" ГУ Аппарата Акима Илийского района",Технический паспорт,"ГКП на ПХВ ""Іле Су"" ГУ Аппарата Акима Илийского района",Директор/Тажинов Б.А (механик),Договор  мат. отв,ГАЗ 3309,705AS05,
57,Илийский район,"ГКП на ПХВ ""Іле Су"" ГУ Аппарата Акима Илийского района","ГКП на ПХВ ""Іле Су"" ГУ Аппарата Акима Илийского района",Технический паспорт,"ГКП на ПХВ ""Іле Су"" ГУ Аппарата Акима Илийского района",Директор/Тажинов Б.А (механик),Договор  мат. отв,ГАЗ 3309,764AU05,
58,Илийский район,"ГКП на ПХВ ""Іле Су"" ГУ Аппарата Акима Илийского района","ГКП на ПХВ ""Іле Су"" ГУ Аппарата Акима Илийского района",Технический паспорт,"ГКП на ПХВ ""Іле Су"" ГУ Аппарата Акима Илийского района",Директор/Тажинов Б.А (механик),Договор  мат. отв,ГАЗ 3302-244,178AS05,
59,Илийский район,"ГКП на ПХВ ""Іле Су"" ГУ Аппарата Акима Илийского района","ГКП на ПХВ ""Іле Су"" ГУ Аппарата Акима Илийского района",Технический паспорт,"ГКП на ПХВ ""Іле Су"" ГУ Аппарата Акима Илийского района",Директор/Тажинов Б.А (механик),Договор  мат. отв,ГАЗ 3309,731AZ05,
60,Илийский район,"ГКП на ПХВ ""Іле Су"" ГУ Аппарата Акима Илийского района","ГКП на ПХВ ""Іле Су"" ГУ Аппарата Акима Илийского района",Технический паспорт,"ГКП на ПХВ ""Іле Су"" ГУ Аппарата Акима Илийского района",Директор/Тажинов Б.А (механик),Договор  мат. отв,УАЗ 39094,735AZ05,
61,Илийский район,"ГКП на ПХВ ""Іле Су"" ГУ Аппарата Акима Илийского района","ГКП на ПХВ ""Іле Су"" ГУ Аппарата Акима Илийского района",Технический паспорт,"ГКП на ПХВ ""Іле Су"" ГУ Аппарата Акима Илийского района",Директор/Тажинов Б.А (механик),Договор  мат. отв,КС 45729А-0-01,729AZ05,
62,Илийский район,"ГКП на ПХВ ""Іле Су"" ГУ Аппарата Акима Илийского района","ГКП на ПХВ ""Іле Су"" ГУ Аппарата Акима Илийского района",Технический паспорт,"ГКП на ПХВ ""Іле Су"" ГУ Аппарата Акима Илийского района",Директор/Тажинов Б.А (механик),Договор  мат. отв,ЭО-2621 Экскаватор колесный,B497BFD,
63,Илийский район,"ГКП на ПХВ ""Іле Су"" ГУ Аппарата Акима Илийского района","ГКП на ПХВ ""Іле Су"" ГУ Аппарата Акима Илийского района",Технический паспорт,"ГКП на ПХВ ""Іле Су"" ГУ Аппарата Акима Илийского района",Директор/Тажинов Б.А (механик),Договор  мат. отв,ГАЗ 3309,748AZ05,
64,Илийский район,"ГКП на ПХВ ""Іле Су"" ГУ Аппарата Акима Илийского района","ГКП на ПХВ ""Іле Су"" ГУ Аппарата Акима Илийского района",Технический паспорт,"ГКП на ПХВ ""Іле Су"" ГУ Аппарата Акима Илийского района",Директор/Тажинов Б.А (механик),Договор  мат. отв,ГАЗ 3309,734AZ05,
65,Илийский район,"ГКП на ПХВ ""Іле Су"" ГУ Аппарата Акима Илийского района","ГКП на ПХВ ""Іле Су"" ГУ Аппарата Акима Илийского района",Технический паспорт,"ГКП на ПХВ ""Іле Су"" ГУ Аппарата Акима Илийского района",Директор/Тажинов Б.А (механик),Договор  мат. отв,ГАЗ 3309,733AZ05,
66,Илийский район,"ГКП на ПХВ ""Іле Су"" ГУ Аппарата Акима Илийского района","ГКП на ПХВ ""Іле Су"" ГУ Аппарата Акима Илийского района",Технический паспорт,"ГКП на ПХВ ""Іле Су"" ГУ Аппарата Акима Илийского района",Директор/Тажинов Б.А (механик),Договор  мат. отв,ГАЗ 3302-244,187AS05,
67,Илийский район,"ГКП на ПХВ ""Іле Су"" ГУ Аппарата Акима Илийского района","ГКП на ПХВ ""Іле Су"" ГУ Аппарата Акима Илийского района",Технический паспорт,"ГКП на ПХВ ""Іле Су"" ГУ Аппарата Акима Илийского района",Директор/Тажинов Б.А (механик),Договор  мат. отв,ГАЗ 3102121,195AS05,
68,Илийский район,"ГКП на ПХВ ""Іле Су"" ГУ Аппарата Акима Илийского района","ГКП на ПХВ ""Іле Су"" ГУ Аппарата Акима Илийского района",Технический паспорт,"ГКП на ПХВ ""Іле Су"" ГУ Аппарата Акима Илийского района",Директор/Тажинов Б.А (механик),Договор  мат. отв,DONGFENG D6,390BI05,
69,Илийский район,"ГКП на ПХВ ""Іле Су"" ГУ Аппарата Акима Илийского района","ГКП на ПХВ ""Іле Су"" ГУ Аппарата Акима Илийского района",Технический паспорт,"ГКП на ПХВ ""Іле Су"" ГУ Аппарата Акима Илийского района",Директор/Тажинов Б.А (механик),Договор  мат. отв,SD46 B877F Экскаватор поргузчик,AUE244B,
70,Илийский район,"ГКП на ПХВ ""Іле Су"" ГУ Аппарата Акима Илийского района","ГКП на ПХВ ""Іле Су"" ГУ Аппарата Акима Илийского района",Технический паспорт,"ГКП на ПХВ ""Іле Су"" ГУ Аппарата Акима Илийского района",Директор/Тажинов Б.А (механик),Договор  мат. отв,SD46 B877F Экскаватор поргузчик,AUE245B,
Карасайский район,,,,,,,,,,
1,Алматинская область Карасайский район,"ГУ ""Аппарат Акима Карасайского района""","ГУ ""Аппарат Акима Карасайского района""",постановление о передаче №43 от 28.02.2022 тех паспорт №АР99864555,ГУ Аппарат Акима Карасайского района,заместитель акима Сейдакматов А.Ж/ водитель Байдали Алмат,14.01.2025 б/н,Chevrolet Malibu - 2021г,909AX05,
2,Алматинская область Карасайский район,"ГУ ""Аппарат Акима Карасайского района""","ГУ ""Аппарат Акима Карасайского района""",Договор купли-продажи №960540000422/210109/00 ОТ 24.11.2021 тех паспорт №АР00059560,ГУ Аппарат Акима Карасайского района,аким района Естенов Ж.Т./ водитель Турсунов Ернат,24.08.2023 б/н,Hyundai Elantra-2021,777WW05,
3,Алматинская область Карасайский район,"ГУ ""Аппарат Акима Карасайского района""","ГУ ""Аппарат Акима Карасайского района""",Договор купли-продажи №960540000422/260056/00 от 06.02.2026г тех паспорт №АР99858088,ГУ Аппарат Акима Карасайского района,заместитель акима Толепберген Н.А. / водитель Орынтаев Серик,10.04.2025 б/н,Hyundai Tucson -2025,146BG05,"На данный момент заместитель акима особожден от должности, машина на стоянке"
4,Алматинская область Карасайский район,"ГУ ""Аппарат Акима Карасайского района""","ГУ ""Аппарат Акима Карасайского района""",Договор купли-продажи №960540000422/260055/00 О Т 04.02.2026 тех паспорт,ГУ Аппарат Акима Карасайского района,руководитель аппарата Мантаев Д.Е./водитель не имеется,08.10.2025 б/н,Hyundai Elantra-2026,187BG05,
5,Алматинская область Карасайский район,"ГУ ""Аппарат Акима Карасайского района""","ГУ ""Аппарат Акима Карасайского района""",постановление о передаче №518 от 03.11.2025 тех паспорт ИЗЬЯТ,ГУ Аппарат Акима Карасайского района,,,Skoda Super B8-2019,777VV05,"Автомобиль после ДТП, на стоянке"
6,Алматинская область Карасайский район,"ГУ ""Аппарат Акима Карасайского района""","ГУ ""Аппарат Акима Карасайского района""",Постановление о передаче №265 от 02.08.2023г тех паспорт №АР00076010,ГУ Аппарат Акима Карасайского района,заместитель акима Ақылбек Б.А./водитель Тұрсынқожа Айдос,06.08.2024 б/н,Chevrolet Malibu - 2023г,037ZZ05,0
7,Алматинская область Карасайский район,"ГУ ""Аппарат Акима Карасайского района""","ГУ ""Аппарат Акима Карасайского района""",Договор купли-продажи №960540000422/260081/00 от 23.02.26г  тех паспорт №АР99857354,ГУ Аппарат Акима Карасайского района,аким района Естенов Ж.Т./ водитель Турсунов Ернат,24.08.2023 б/н,Tank 500 -2025,555VV05,0
8,"Алматинская область, Карасайский район, город Каскелен","ГУ ""Отдел сельского хозяйства Карасайского района""","ГУ ""Отдел сельского хозяйства Карасайского района""/на балансе",На основании акта приёма-передачи от 01.04.2024 г. Номер техпаспорта №ВВ99998163,"ГУ ""Отдел сельского хозяйства Карасайского района""","Жаркымбаев С.А.      -руководитель отдела,                                   Д.К. Жунисов -водитель отдела",Приказ 12 н-қ от 27.11.2024г,Hyundai Elantra,118BC05,
9,"Алматинская область, Карасайский район, город Каскелен","ГУ «Отдел культуры, развития языков физической культуры и спорта Карасайского района»","ГУ «Отдел культуры, развития языков физической культуры и спорта Карасайского района»",Тех паспорт №AP99999062,"ГУ «Отдел культуры, развития языков физической культуры и спорта Карасайского района»",руководитель отдела Дүйсенова Г.А./Водитель Бояубаев А.Е.,№12 от 01.10.2025г,KIA OPTIMA 2023,695AJ05,
10,"Алматинская область, Карасайский район, город Каскелен",ГУ Отдел строительства Карасайского района,ГУ Отдел строительства Карасайского района,Постановление акимата Карасайского района №486 от 22.11.2021г,ГУ Отдел строительства Карасайского района,Руководитель отдела Машрап Б./ водитель Жарылқасын Құрманәлі Сәкенұлы,№14 от 04.05.2026,KIA Serato 2012г.,446ST05,
11,"Алматинская область, Карасайский район, город Каскелен",ГУ Отдел архитектуры и градостроительства Карасайского района,ГУ Отдел архитектуры и градостроительства Карасайского района,Постановление акимата Карасайского района №520 от 07.11.2025г,ГУ Отдел архитектуры и градостроительства Карасайского района,Руководитель отдела Бейсембек Д.Е.,не имеется приказ,KIA Optima 2012г,276BG05,водитель и иные расходы по бюджету непредусмотрено
12,"Алматинская область, Карасайский район, город Каскелен",ГУ Отдел земельных отношений Карасайского района,ГУ Отдел земельных отношений Карасайского района. Форма владения: на балансе отдела,Постановление Акима №121 от 01.04.2026г. Акт-приема передачи от 03.04.2026г.,ГУ Отдел земельных отношений Карасайского района. Руководитель отдела,Мукатаев Елдос Мукатаевич. Руководитель отдела / водитель Жумадилова Г.Г.,не имеется приказ,SKODA Kodiaq. 2018г.в,889BM05,
13,"Алматинская область, Карасайский район, город Каскелен","ГУ ""Отдел жилищно-коммунального хозяйства и жилищной инспекции Карасайского района""","ГУ ""Отдел жилищно-коммунального хозяйства и жилищной инспекции Карасайского района""",Постановление акима Карасайского района №114   дата 30 марта 2026год Акты приема-передачи,"ГУ ""Отдел жилищно-коммунального хозяйства и жилищной инспекции Карасайского района""",Водитель Каратаев  Айбол Қуатұлы,Не имеется,HYUNDAI ELFNTRA  год выпуска 2020г,880AV05,нет
14,Алматинская область Карасайский район г.Каскелен,ГУ Отдел  Пассажирского транспорта и автомобильных дорог Карасайского района,ГУ Отдел  Пассажирского транспорта и автомобильных дорог Карасайского района,"Договор купли продажи  № 231040018983/260023/00 от 18.03.26г.от ТОО «Hyundai Trans Kazakhstan»"" Технический паспорт АР99856441",ГУ Отдел  Пассажирского транспорта и автомобильных дорог Карасайского района,руководитель отдела Шакиров Ж.Е./Водитель Кошмаганбетов Б.С,8/1 н.қ от 08.04.26г,Hyndai Tucson  год выпуска 2025г,605ВМ05,
15,"Алматинская область, Карасайский район","КГУ ""Центр поддержки семьи "" ГУ ""Отдел занятности и социальных програм Карасайского района""","КГУ ""Центр поддержки семьи "" ГУ ""Отдел занятности и социальных програм Карасайского района""",Акт приема передачи  от  29 ноября   на основании  государственных закупкам товаров № 64 от 19.10.2023г,"КГУ ""Центр поддержки семьи "" ГУ ""Отдел занятности и социальных програм Карасайского района""","директор Константинова Е.В./Каримов Газиз Акимжанович по совместительству на 0,5 ставку",24 от 01/04/2025,Chevrolet Onyx 4 LT AT (LTZ),639AJ05,
16,"Алматинская область, Карасайский район, село Шамалган","ГККП ""Фольклорно- этнографический ансамбль ""Ушконыр"" акимата Карасайского района ГУ ""Отдел культуры, развития языков, физической культуры и спорта Карасайского района""","ГККП ""Фольклорно- этнографический ансамбль ""Ушконыр"" акимата Карасайского района ГУ ""Отдел культуры, развития языков, физической культуры и спорта Карасайского района""",Акт приема передачи от 23.06.2025 года тех паспорт AR99883735,"ГККП ""Фольклорно- этнографический ансамбль ""Ушконыр"" акимата Карасайского района ГУ ""Отдел культуры, развития языков, физической культуры и спорта Карасайского района""",Директор Назарбаева Д.К./ руководитель  Айтмухаметов Болатхан,Приказ №4нқ 10.07.2025г,JAC S3 PRO,432BH05,
17,Карасайский район г.Каскелен,КГКП Районный дом культуры Каскелен,КГКП Районный дом культуры Каскелен - баланс,ТС BB №70013278,КГКП Районный дом культуры Каскелен - баланс,директор Булекбаева А.Б./Бауржанов Ринат - водитель,не имеется приказ,"Lada Ks035la185 , год выпуска 2016.",707AR05,
18,Карасайский район г.Каскелен,КГКП Районный дом культуры Каскелен,КГКП Районный дом культуры Каскелен - баланс,ТС VL02819104,КГКП Районный дом культуры Каскелен - баланс,директор Булекбаева А.Б./Бауржанов Ринат - водитель,не имеется приказ,"Газ 32232-288, год выпуска 2010№",012ZB05,
19,Карасайский район г.Каскелен,КГКП Районный дом культуры Каскелен,КГКП Районный дом культуры Каскелен - баланс,ТС VL02373351,КГКП Районный дом культуры Каскелен - баланс,директор Булекбаева А.Б./Бауржанов Ринат - водитель,не имеется приказ,"SAZ HD 50, год выпуска 2018",017ZB05,для развозки артистов
20,"Алматинская область Карасайский район, г.Каскелен",ГУ Отдел занятости и социальных програм Карасайского района,ГУ Отдел занятости и социальных программ Карасайского район на балансе,BW №00005175 технический паспорт,ГУ Отдел занятости и социальных программ Карасайского района,Руководитель Кыйлыбаева А.Ж. / водитель Калмурзаев С.К.,приказ №43 от 01.06.22г.,автомобиль Skoda Octavia,433VV05,
21,"Алматинская область Карасайский район, г.Каскелен",ГУ Отдел занятости и социальных програм Карасайского района,ГУ Отдел занятости и социальных программ Карасайского района на балансе,BW №00004134 технический паспорт,ГУ Отдел занятости и социальных программ Карасайского района,Руководитель Кыйлыбаева А.Ж. / водитель Тасыров Е.,приказ №116 от 02.09.25г.,автомобиль Lada 21214,441VV05,
22,"Алматинская область Карасайский район, г.Каскелен",ГУ Отдел занятости и социальных програм Карасайского района,ГУ Отдел занятости и социальных программ Карасайского района в аренде,BW №00005709 технический паспорт,"КФ ""Аулие Шока""Общественного объединения""Уйгурское районное общество инвалидов""",Руководитель Кыйлыбаева А.Ж. / водитель Ельчибеков Ю.С,приказ №12 от 06.05.25г.,инватакси SOLIFER SB LF,437VV05,Автомобиль передан в аренду для перевозки инвалидов
23,"Алматинская область Карасайский район, г.Каскелен",ГУ Отдел занятости и социальных програм Карасайского района,ГУ Отдел занятости и социальных программ Карасайского района в аренде,BB №70014275 технический паспорт,"КФ ""Аулие Шока""Общественного объединения""Уйгурское районное общество инвалидов""",Руководитель Кыйлыбаева А.Ж. / водитель Балгабаев А.С.,приказ №5 от 22.01.26г.,инватакси ГАЗ 1992DW/GAZ 1992DW,314AS05,Автомобиль передан в аренду для перевозки инвалидов
24,Алматинская область Карасайский район г.Каскелен,"КГП ""Таусамалы Кызмет"" на ПХВ Акимата Карасайского района",Хозяйственное ведение  Принято из коммунальной собственности,AP00073784,Айтжанов Қаныбек Құлжабайұлы,Айтжанов Қаныбек Құлжабайұлы партия «AMANAT»,,Хюндай элантра 2021г,441AJ05,
25,Алматинская область Карасайский район г.Каскелен,"КГП ""Таусамалы Кызмет"" на ПХВ Акимата Карасайского района",Хозяйственное ведение  Принято из коммунальной собственности,AP00032354,Нысанбаева Райхан Сақабайқызы,"Нысанбаева Райхан Сақабайқызы ""ҚАРАСАЙ АУДАНЫ ӘКІМІНІҢ АППАРАТЫ"" МЕМЛЕКЕТТІК МЕКЕМЕСІ басқару қызметінің басшысы",,Ниссан Максима 1998г,742ZA05,
26,Алматинская область Карасайский район г.Каскелен,"КГП ""Таусамалы Кызмет"" на ПХВ Акимата Карасайского района",Хозяйственное ведение  Принято из коммунальной собственности,AP00049395,Байгалиев Женис,"Байгалиев Женис  КГП ""Таусамалы Кызмет ""учаске шебері",,Тойота каролла 2010г,062ZB05,
27,Алматинская область Карасайский район г.Каскелен,"КГП ""Таусамалы Кызмет"" на ПХВ Акимата Карасайского района",Хозяйственное ведение  Принято из коммунальной собственности,BB99999969,Аманова Ғалия Матанқызы,Аманова Ғалия Матанқызы  - избирательная комиссия,,Тойота каролла 2011г,072BC05,
28,Алматинская область Карасайский район г.Каскелен,"КГП ""Таусамалы Кызмет"" на ПХВ Акимата Карасайского района",Хозяйственное ведение  Принято из коммунальной собственности,AP00049145,Аварийная,Аварийная,,Шкода супер 2014г,732ZC05,
29,Алматинская область Карасайский район г.Каскелен,"КГП ""Таусамалы Кызмет"" на ПХВ Акимата Карасайского района",Хозяйственное ведение  Принято из коммунальной собственности,AP00061277,Аварийная бригада,Аварийная бригада,,ГАЗ 3307 1992г,011ZD05,
30,Алматинская область Карасайский район г.Каскелен,"КГП ""Таусамалы Кызмет"" на ПХВ Акимата Карасайского района",Хозяйственное ведение  Принято из коммунальной собственности,AP00061278,Аварийная бригада,Аварийная бригада,,ГАЗ 3307 1992г,012ZD05,
31,"Алматинская область, Карасайский район, г.Каскелен","ГУ ""Отдел экономики и финансов Карасайского района","ГУ ""Отдел экономики и финансов Карасайского района",Договор о государственных закупках товаров №12 от 28.08.2020г.,"ГУ ""Отдел экономики и финансов Карасайского района","Ногайбаев Ж.К. - руководитель отдела, Гафуров С.М. - водитель отдела",№ 32/1 от 14.09.2020г.,Hyundai Elantra,077ОО05,
32,"Алматинская область, Карасайский район село Жибек Жолы","ГУ ""Аппарат акима сельского округа Жибек жолы""","ГУ ""Аппарат акима сельского округа Жибек жолы"" на балансе","Договор №15 от  20.02.2025г, АКТ
ПРИЕМА-ПЕРЕДАЧИ АВТОТРАНСПОРТНОГО СРЕДСТВА
 от 27 февраля 2025г.технический паспорт ТС № 99879568","ГУ ""Аппарат акима сельского округа Жибек жолы""",Аким округа Нұрақынов Дидар Құрманжаұлы/ водитель ГУ Бугырбаев Арман Бердибекович,№ 48 ө н-қ от 03.03.2025г,"HAVAL M6, 2025г",633BH05,
33,"Алматинская область, Карасайский район село Шамалган","ГУ Аппарат акима Шамалганского сельского округа, на балансе","ГУ Аппарат акима Шамалганского сельского округа, на балансе","Договор №11 от  20.02.2025г, АКТ
ПРИЕМА-ПЕРЕДАЧИ АВТОТРАНСПОРТНОГО СРЕДСТВА
 от 27 февраля 2025г.технический паспорт ТС № 99998308",ГУ Аппарат акима Шамалганский сельский округ,Аким округа Джолдаспеков Н. Б /водитель Судияв Танирберген Нурулы,№ 01-1/7 от 05 .01 2025г и датой,"HAVAL M6, 2025г",066ВН05,
34,"Алматинская область,Карасайский район,Иргелинский сельскиц округ","ГУ ""Аппрат акима Иргелинского сельского округа Карасайского района""","ГУ ""Аппрат акима Иргелинского сельского округа Карасайского района"", баланс","Договор Nº20 от
17.02.2025г, АКТ
ПРИЕМА-ПЕРЕДАЧИ
АВТОТРАНСПОРТНОГО СРЕДСТВА 
технический
паспорт ТС Nº
BC99999320","ГУ ""Аппрат акима Иргелинского сельского округа Карасайского района""",Аким округа Қамалбек А.Д/ водитель Омаров Елдар Иманкулович,№10 от 04.09.2025,Haval M6,959BF05,
35,"Алматинска обл,  Карасайского района,  Аппарат акима Елтайского  сельского  округа",Аппарат акима Елтайского  сельского  округа,Аппарат акима Елтайского  сельского  округа,"Договор №18 от 08.03.2025 год, акт приема-передачи от 10.03.2025 год,
технический паспорт ТС- № AP99873112",Аппарат акима Елтайского  сельского  округа,Аким округа Махатов Б /Арызбек И.Б. Водитель,38/1 от 10.03.2025 год,Haval M6,914AV05,
36,Алматинская  обл  Карасайского район  Аппарат акима   Умтылского  сельского  округа,Аппарат акима  Умтылского  сельского  округа,Аппарат акима    Умтылского  сельского  округа,"Договор 13 от 25.02.2025 г
Акт приемка б/н от 28.02.2025г технический паспорт AP99873473  28.02.2025",Аппарат акима Умтылского  сельского  округа,Аким округа Ибатжан И /водительДабылов  Д Водитель,№  41 01.04.2025,Haval M6,588BG05,
37,Алматинская область Карасайский район село Жандосов,"ГУ ""Аппарат акима Жандосовского сельского округа""","ГУ ""Аппарат акима Жандосовского сельского округа""",Договор №12 от 21.02.2025г. АКТ ПРИЕМА ПЕРЕДАЧИ АВТОТРАНСПОРТНОГО СРЕДСТВА от 19 марта 2025г. Технический паспорт ТС №99873142,"ГУ ""Аппарат акима Жандосовского сельского округа""",Аким округа Жамбауов А.Ғ/ водитель Рахимов Еламан Ергалиулы- водитель,№11 от 01.11.2024г,HAVAL M6/2025г,062BG05,
38,"ГУ ""Аппарат акима Первомайского сельского округа""","ГУ ""Аппарат акима Первомайского сельского округа""","ГУ ""Аппарат акимаПервомайского сельского округа""",Договор №12 от 17.02.2025г. АКТ ПРИЕМА ПЕРЕДАЧИ АВТОТРАНСПОРТНОГО СРЕДСТВА от 28 февраля 2025г. Технический паспорт AP №99873580,"ГУ ""Аппарат акимаПервомайского сельского округа""",Аким округа Молдыбаев Х.Н /Ибраймкулов Досымхан Работовий- водитель,№2 от 28.02.2025г,HAVAL M6/2025г,412AZ05,
39,"Алматинская область, Карасайский район, село Жамбыл,",Аппарат акима Жамбылского сельского округа Карасайского района,Аппарат акима Жамбылского сельского округа,Договор №16 от 25.02.2026 Технический паспорт AP99873348 от 05.03.2025,Аппарат акима Жамбылского сельского округа,Аким округа Омербаев Е/ Манас Ұ. Водитель,№1/1 от 10.01.2023г,Haval M6,962AV05,
40,Алматинская область Карасайский район село Айтей,"ГУ ""Аппарат акима Айтейского сельского округа""","ГУ ""Аппарат акима Айтейского сельского округа""",Договор №15 от 07.03.2025г. АКТ ПРИЕМА ПЕРЕДАЧИ АВТОТРАНСПОРТНОГО СРЕДСТВА от 19 марта 2025г. Технический паспорт ТС №99998294,"ГУ ""Аппарат акима Айтейского сельского округа""",Қатубаев Жарқын Қанатович/Адилов Жандос Работович- водитель,№2 от 01.03.2025г,HAVAL M6/2025г,166BH05,
41,Алматинская область Карасайский район село Райымбек,"ГУ ""Аппарат акима Райымбекского сельского округа""","ГУ ""Аппарат акима Райымбекского сельского округа""",Договор №13 от 25.02.2025г. АКТ ПРИЕМА ПЕРЕДАЧИ АВТОТРАНСПОРТНОГО СРЕДСТВА от 19 марта 2025г. Технический паспорт ТС №99873474,"ГУ ""Аппарат акима Райымбекского сельского округа""",Токтасымов Ержас Сергазыұлы / водитель Дунчебаев Ернур,№50/1 от 03.03.2025г,HAVAL M6/2025г,292BG05,
42,"Алматинская область, Карасайский район,город Каскелен Байгазиева 68",Аппарат акима города Каскелен Карасайского района,Аппарат акима города Каскелен Карасайского района,BB99998172 от 05.03.2025,Аппарат акима города Каскелен Карасайского района,Аким города Мукашев А Ерхан И. Водитель,не имеется,Haval M6,808BG05,
Кегенский район,,,,,,,,,,
1,"Алматинская область, Кегенский район, село Кеген",Аппарат акима Кегенского района,"ГУ ""Аппарат акима Кегенского района""",Техпаспорт,"ГУ ""Аппарата акима Кегенского района""",Теңізбаев Н.М -аким района Иманбеков Е-водитель,‒,TANK 500,070QN05,
2,"Алматинская область, Кегенский район, село Кеген",Аппарат акима Кегенского района,"ГУ ""Аппарат акима Кегенского района""",Техпаспорт,"ГУ ""Аппарата акима Кегенского района""",Кабылбеков К.К -зам акима района Ғазиз Ә-водитель,‒,HYUNDAI SANTA FE,665AJ05,
3,"Алматинская область, Кегенский район, село Кеген",Аппарат акима Кегенского района,"ГУ ""Аппарат акима Кегенского района""",Техпаспорт,"ГУ ""Аппарата акима Кегенского района""",Исаев М.Ш-зам акима района Кылышбаев Е-водитель,‒,HYUNDAI SANTA FE,585AV05,
4,"Алматинская область, Кегенский район, село Кеген",Аппарат акима Кегенского района,"ГУ ""Аппарат акима Кегенского района""",Техпаспорт,"ГУ ""Аппарата акима Кегенского района""",Кабылбеков К.К -зам акима района Ғазиз Ә-водитель,‒,HYUNDAI SANTA FE,665AJ05,
5,"Алматинская область, Кегенский район, село Кеген",Аппарат акима Кегенского района,"ГУ ""Аппарат акима Кегенского района""",Техпаспорт,"ГУ ""Аппарата акима Кегенского района""",Бектенов К.А -руководитель аппарат акима.вакант -водитель,‒,HYUNDAI SANTA FE,773AJ05,
6,"Алматинская область, Кегенский район, село Алгабас","Государственное учреждение ""Аппарат акима Алгабасского сельского округа"" Кегенского района","Балансодержатель автомобиля, Жексембиев Сырым Есенханович .",Договор №19 25.11.2022г. Технический паспорт №AL00018079,Жексембиев Сырым Есенханович,Сырым Темірлан водитель,нет,Chevrolet Cobalt   2022 года,887AI05,нет
7,"Алматинская область, Кегенский район, село Болексаз","ГУ ""Аппарат акима Болексазского сельского округа"" Кегенского района","ГУ ""Аппарат акима Болексазского сельского округа"" Кегенского района                                                                                                                                                                                                                   форма владения:
баланс,",Акт приема передачи  от 13 .12 .2023год .Договор купли продажа №20 от 14.09. 2023г. техпаспорт №AR99999642,"ГУ"" Аппарат акима Болексазского сельского округа"" Кегенского района",Водитель--Жанбабаев Ернат,13.12.2023г. №23,Chevrolet Onix,464AV05,нет
8,"Алматинская область, Кегенский район, село Жалагаш","Государственное учреждение ""Аппарат акима Жалағашского сельского округа"" Кегенского района","Балансодержатель автомобиля, Садирова Айгуль Бектурсыновна . Балансовая сумма - 5 890 000",Договор №24 28.11.2022г. Технический паспорт №AL00018219,Садирова Айгуль Бектурсыновна,Бекен Жанат Мәлікұлы водитель,№7-ө-ж/қ 20.02.2018г,Chevrolet Cobalt   2022 года,889AI05,нет
9,"Алматинская область, Кегенский район, село Жылысай","ГУ ""Аппарат акима 
Жылысайского 
сельского  округа"" Кегенского района","ГУ ""Аппарат акима 
Жылысайского 
сельского  округа.

 форма владение-государственная","Технический паспорт 
№AP99855522","ГУ ""Аппарат акима 
Жылысайского 
сельского  округа""","Водитель 
Капезов Ербол Туганбаевич",08.12.2025 №013 -ө ж/қ,«Chery Tiggo 09»,070JL05,
10,"Алматинская область, Кегенский район, село Кеген","ГУ ""Аппарат акима 
Кегенского 
сельского  округа"" Кегенского района","ГУ ""Аппарат акима 
Кегенского сельского  округа.

 форма владение-государственная","Технический паспорт 
№MX1PBGJB0SKE84229","ГУ ""Аппарат акима 
Кегенского 
сельского  округа""",Водитель Байқонақ Мирас Еркінбекұлы,нет,JETOUR T2,479BI05,
11,"Алматинская область, Кегенский район, село Карабулак","ГУ ""Аппарат акима 
Карабулакского 
сельского  округа"" Кегенского района","ГУ ""Аппарат акима 
Карабулакского 
сельского  округа.

 форма владение-государственная","Технический паспорт 
№MXHJB81DDK432985","ГУ ""Аппарат акима 
Карабулакского 
сельского  округа""","Водитель 
Қалиев Қуандық Оразханұлы",03.06.2024 №08 -ө ж/қ,«HUNDAI TUCSON»,723ВЕ05,
12,"Алматинская область, Кегенский район, село Каркара","ГУ ""Аппарат акима 
Каркаринского 
сельского  округа"" Кегенского района","ГУ ""Аппарат акима 
Каркаринского 
сельского  округа.

 форма владение-государственная","Технический паспорт 
№AР00086567","ГУ ""Аппарат акима 
Каркаринский 
сельского  округа""","Водитель 
Кыргызалиев КуанышАсаналиевич",02.07.2025 № 11 -ө ж/қ,«Hyundai Tucson»,475AZ05,
13,"Алматинская область, Кегенский район, село Саты","ГУ ""Аппарат акима 
Сатинского 
сельского  округа"" Кегенского района","ГУ ""Аппарат акима 
Сатинского сельского  округа.

 форма владение-государственная","Технический паспорт 
№MX1R9AGH0SK014535","ГУ ""Аппарат акима 
Сатинского 
сельского  округа""",Водитель Сәдуақас Дәурен Бауыржанұлы,нет,JETOUR X90PLUS,126BG05,
14,"Алматинская область, Кегенский район, село Тасашы","ГУ ""Аппарат акима 
Тасашинский  
сельского  округа"" Кегенского района","ГУ ""Аппарат акима 
Тасашинского  
сельского  округа "" (баланс)","Технический паспорт 
№AR20006203","ГУ ""Аппарат акима 
Тасашинского
сельского  округа""","Водитель 
Байұзақов Нұрболат Айтахынұлы",02.02.2026  №03 -ө ж/қ-т,«CHEVROLET COBALT»,611AI05,
15,"Алматинская область, Кегенский район, село Туюк","ГУ""Аппарат акима Туюкского сельского округа"" Кегенского района","ГУ""Аппарат акима Туюкского сельского округа"" Кегенского района",Тех паспорт №AR99999761 от 27.11.2023 г,"ГУ""Аппарат акима Туюкского сельского округа"" Кегенского района",Чиликбаев Абдикадир Водитель,,Chevrolet Onix  2023 г.в,434AV05,нет
16,"Алматинская область, Кегенский район, село Узунбулак","ГУ ""Аппарат акима Узынбулакского сельского округа""","ГУ ""Аппарат акима Узынбулакского сельского округа""",AH00498852,"ГУ ""Аппарат акима Узынбулакского сельского округа""",Водитель Мамыткулов М.,01.07.2025 ж №5-ө-ж/қ,Хюндай Туксон,801ВС05,нет информации
17,"Алматинская область, Кегенский район, село Шырганак","ГУ ""Аппарат акима 
Шырганакского 
сельского  округа"" Кегенского района","ГУ ""Аппарат акима 
Шырганакского 
сельского  округа.

 форма владение-государственная","Технический паспорт 
№AР00086567","ГУ ""Аппарат акима 
Каркаринский 
сельского  округа""","Водитель 
Кыргызалиев КуанышАсаналиевич",02.07.2025 № 11 -ө ж/қ,«Hyundai Tucson»,475AZ05,
18,"Алматинская область, Кегенский район, село Кеген","ГУ ""Отдел экономики и финансов"" Кегенского района",Баланс,01.11.2024 №36,"ГУ ""Отдел экономики и финансов"" Кегенского района",имеется водитель Амиров Айбек Магауяевич,"имеется, 01.11.2024 №36","TOYOTA CAMRY, 2024",517BH05,
19,"Алматинская область, Кегенский район, село Кеген","Государственное учреждение ""ОТДЕЛ ЗЕМЕЛЬНЫХ ОТНОШЕНИИ КЕГЕНСКОГО РАЙОНА""","Государственное учреждение ""ОТДЕЛ ЗЕМЕЛЬНЫХ ОТНОШЕНИИ КЕГЕНСКОГО РАЙОНА""

 форма владение-государственная","Технический паспорт 
№AR99885549","Государственное учреждение ""ОТДЕЛ ЗЕМЕЛЬНЫХ ОТНОШЕНИИ КЕГЕНСКОГО РАЙОНА""",Водитель Кашаганов Ерик Абирович,Приказ  3 б-ж/қ от   13.01.2026 года,JETOUR X70PLUS,411BH05,
20,"Алматинская область, Кегенский район, село Кеген","ГУ ""Отдел ЖКХ и ЖИ"" Кегенского района","ГУ ""Отдел ЖКХ и ЖИ"" Кегенского района","05.02.2024г. Акты приема-передачи,
договоры №2. Технический паспорт №АР00084375","ГУ ""Отдел ЖКХ и ЖИ"" Кегенского района",Рамазанов Алмат Бейкутбаевич,01.02.2024г. Приказ №4,Hyundai Tucson 2024 год,790AJ05,нет
21,"Алматинская область, Кегенский район, село Кеген","Государственное учреждение ""Отдел строительства"" Кегенского района",Баланс,Технический паспорт,Маусымбаев Дархан Оралбаевич,Зикраев Ербол Алтаевич,,Hyundai Tucson,125BE05,
22,"Алматинская область, Кегенский район, село Кеген","ГУ ""ОАиГ""","ГУ ""ОАиГ""",VK99886188,"ГУ ""ОАиГ""",Нарынбаев Е.,2.04.2026 г,Haval H6,119BE05,
23,"Алматинская область, Кегенский район, село Кеген","Алматинская   область
Кегенский  р-н  
""Отдель культуры,развития  языков,физической культуры и спорта форма владения государственное","Технический паспорт 
№NMTBB0BE20R135049","Алматинская   область
Кегенский  р-н  
""Отдель культуры,развития  языков,физической культуры и спорта","Водитель 
Муса Максат",08.12.2024 №013 -ө ж/қ,Tayota Corolla,KZ 456 BH05,11.2,
24,"Алматинская область, Кегенский район, село Кеген",Государственное учреждение «Отдел предпринимательства Кегенского района»,"Балансодержатель автомобиля, «Отдел предпринимательства Кегенского района»",Договор №02 12.02.2025г. Технический паспорт №AP99874158,Государственное учреждение «Отдел предпринимательства Кегенского района»,Тулегенов Алмат Жабырбаевич,14.02.2024 №03 -ө ж/қ,JETOUR X70 PLUS 2024 года,330BG05,нет
25,"Алматинская область, Кегенский район, село Кеген","Государственное учреждение ""ОТДЕЛ ЗАНЯТОСТИ И СОЦИАЛЬНЫХ ПРОГРАММ"" КЕГЕНСКОГО РАЙОНА",Баланс,Технический паспорт,Оразова Бибигуль Айтжановна,Суанбаев Абай Нурланович,,Hyundai Tucson,706AJ05,
26,"Алматинская область, Кегенский район, село Кеген","Государственное учреждение ""ОТДЕЛ ЗАНЯТОСТИ И СОЦИАЛЬНЫХ ПРОГРАММ"" КЕГЕНСКОГО РАЙОНА",Баланс,Технический паспорт,Оразова Бибигуль Айтжановна,Муслимов Ерлан Асанович,,ГАЗ-2705,176BD05,
27,"Алматинская область, Кегенский район, село Кеген","Государственное учреждение ""ОТДЕЛ ЗАНЯТОСТИ И СОЦИАЛЬНЫХ ПРОГРАММ"" КЕГЕНСКОГО РАЙОНА",Баланс,Технический паспорт,Оразова Бибигуль Айтжановна,,,Sollers Sb If,768VV05,Инватакси
28,"Алматинская область, Кегенский район, село Кеген","Государственное учреждение ""ОТДЕЛ ЗАНЯТОСТИ И СОЦИАЛЬНЫХ ПРОГРАММ"" КЕГЕНСКОГО РАЙОНА",Баланс,Технический паспорт,Оразова Бибигуль Айтжановна,,,JAC sunray,852BF05,Инватакси
29,"Алматинская область, Кегенский район, село Кеген","ГККП ""Районный дом культуры акимата Кегенского района""","ГККП ""Районный дом культуры акимата Кегенского района""",AR99886585    MX1R9BGH0SK011059,Районный дом культура,Нұрбайұлы Еркебулан директор,нет,Jetour X90 plus   2024г,982ВС05,нет
30,"Алматинская область, Кегенский район, село Кеген","ГККП ""Районный дом культуры акимата Кегенского района""","ГККП ""Районный дом культуры акимата Кегенского района""",AR20000793     Z76A63R45KS000166,Районный дом культура,Сқақ Айтмұхан водитель,нет,Газель-Next       2019,395LC05,нет
31,"Алматинская область, Кегенский район, село Кеген","ГККП ""Районный дом культуры акимата Кегенского района""","ГККП ""Районный дом культуры акимата Кегенского района""",AL99877638    MXTA65R33SS000155,Районный дом культура,Сқақ Айтмұхан водитель,нет,Автобус      2025,977BH05,нет
32,"Алматинская область, Кегенский район, село Кеген","ГККП ""Районный дом культуры акимата Кегенского района""","ГККП ""Районный дом культуры акимата Кегенского района""",AL99877155    MXTA21R33S0001106,Районный дом культура,Жаманкулов Берикбол,нет,GASelle NEXT        2025,882ВН05,нет
33,"Алматинская область, Кегенский район, село Кеген","Коммунальное государственное учреждение ""Кегенская районная библиотека"" государственного учреждения ""Отдела культуры, развития языков физической культуры и спорта"" Кегенского района",Баланс,Технический паспорт,Ахметова Индира Алиевна,Айтбек Медет,,Hyundai Tucson,142BJ05,
34,"Алматинская область, Кегенский район, село Кеген",,Баланс,Технический паспорт,Ахметова Индира Алиевна,Айтбек Медет,,Cobalt,540BF05,
35,"Алматинская область, Кегенский район, село Кеген",Государственное коммунальное предприятие на праве хозяйственного ведения «Кеген су құбыры» государственного учреждения «Аппарат акима Кегенского района»,Государственное коммунальное предприятие на праве хозяйственного ведения «Кеген су құбыры» государственного учреждения «Аппарат акима Кегенского района»,"13.03.2026г. Акты приема-передачи, Технический паспорт №AL99876064",Государственное коммунальное предприятие на праве хозяйственного ведения «Кеген су құбыры» государственного учреждения «Аппарат акима Кегенского района»,Сейітқожа Алмас Жомартұлы,01.11.2023г. №412-ө-ж/қ,JAC T9 2025 год,895BH05,нет
36,"Алматинская область, Кегенский район, село Кеген",Государственное коммунальное предприятие на праве хозяйственного ведения «Кеген су құбыры» государственного учреждения «Аппарат акима Кегенского района»,Государственное коммунальное предприятие на праве хозяйственного ведения «Кеген су құбыры» государственного учреждения «Аппарат акима Кегенского района»,Технический паспорт №AR99878992,Государственное коммунальное предприятие на праве хозяйственного ведения «Кеген су құбыры» государственного учреждения «Аппарат акима Кегенского района»,Сейітқожа Алмас Жомартұлы,01.11.2023г. №412-ө-ж/қ,CHERY ARRIZO 2025 год,473BI05,нет
Райымбекский район,,,,,,,,,,
1,Алматинская обл Райымбекский р/н  с Сумбе,ГУ Аппарат акима Сумбинского с/о,ГУ Аппарат акима Сумбинского с/о,Технический паспорт,ГУ Аппарат акима Сумбинского с/о,Водитель Абуталипов А.Я.,№45-ө ж/қ 02.11.2020,Автомобиль CHEVROLET COBALT  2022,216AI05,
2,"ГУ""Аппарат акима Какпакского с\о""",Тех.паспотр №,водитель,AL00016327,нет,Оразов Елеубай,,"LADA 21214,2019год",435АР05,
3,Алматинская область Райымбекский район село Тегистик,"ГУ ""Аппарат акима Тегистикского селького округа"" Райымбекского района Алматинской области","ГУ ""Аппарат акима Тегистикского селького округа"", баланс",Технический паспорт №AH00102622,Абдикасимов Кайнар Изаевич,Абдикасимов Кайнар Изаевич,нет,Nissan Terrano  2021,650ZC05,
4,"Алматинская область, Райымбекский район, Нарынколски сельский округ, село Нарынкол","ГУ ""Аппарат акима Нарынколского сельского округа""","Балансодержатель.   ГУ ""Аппарат акима Нарынколского сельского округа""  на праве оперативного  управления",Технический паспорт  Регистрацмонный номер 574ВС05,"ГУ ""Аппарат акима Нарынколского сельского округа""",Шенебеков А,Распоряжение  № 19 өжқ 04.09.2025 г.,SKODA KODIAQ                              2018 год,574ВС05,
5,"Алматинская область,Райымбекский район,с. Нарынкол",Отдел занятости и социальных программ Райымбекского района,Баланс,BF№66002689,начальник отдела,Каратаев Б.Б,,Kia-Rio,587VV05,
6,"ГУ ""Аппарат акима Кайнарского с/о""","ГУ ""Аппарат акима Кайнарского с/о""",Водитель,Оспанбаев Е,нет,,,LADA 4х4  29.08.2023,993AJ05,
7,ГУ Отдел экономики и финансов Райымбекского района,"ГУ ""Аппарат акима Кайнарского с/о""",ГУ Отдел экономики и финансов Райымбекского района,Берік Ерік Берікұлы,05.01.2026г приказ№02-т-ж/қ,,,Skoda  Kodiaq VIN: ХWWLD6NSХJD400038,566ВС05,
8,Технический паспорт,ГУ Аппарат акима Сарыжазского с/о,Водитель Балкиев Х С,,№32-ө ж/қ 23.06.2025,,15,LADA212140  2023,312AV05,
9,"Алматинская область, Райымбекский район, Жамбылский сельский округ, село Жамбыл","ГУ ""Аппарат акима Жамбылского сельского округа""","Балансодержатель.   ГУ ""Аппарат акима Жамбылского сельского округа""  на праве оперативного  управления",Технический паспорт  Регистрацмонный номер 974AJ05,"ГУ ""Аппарат акима Жамбылского сельского округа""",Алмабаев Б.,Распоряжение  № 19 өжқ 1717.06.2026 г.,LADA 4*4                              2023 год,974AJ05,
10,"ГККП ""Районный дом культуры акима Райымбекского района имени Б.Мукая""","ГККП ""Районный дом культуры акима Райымбекского района имени Б.Мукая""",техпаспорт №АР00019628,"ГККП ""Районный дом культуры акима Райымбекского района имени Б.Мукая""","Акыбаев Ерганат Мукыитжанович,  водитель",,"№32, 20.01.2023 г",Газ-а65к35-60,109LC05,
11,"ГККП ""Районный дом культуры акима Райымбекского района имени Б.Мукая""","ГККП ""Районный дом культуры акима Райымбекского района имени Б.Мукая""",техпаспорт №АР00048432,,,"Самейев Ерлан Даукенович, водитель","№12, 15.02.2026 г",ГАЗ 322173,761ZC05,
12,"ГККП ""Районный дом культуры акима Райымбекского района имени Б.Мукая""","ГККП ""Районный дом культуры акима Райымбекского района имени Б.Мукая""",техпаспорт №АР99876074,,,"Байжума Медет Серікұлы, директор","№35, 25.09.2025 г",CHEVROLET COBALT,199BG05,
13,"Алматинская область,Райымбекский район,с. Нарынкол",Отдел занятости и социальных программ Райымбекского района,Баланс,BF№66002698,Ыскакова Ф.Б,Ыскакова Ф.Б,,Автомобиль Shkoda,587VV05,
14,"Алматинская область,Райымбекский район,с. Нарынкол",Отдел занятости и социальных программ Райымбекского района,Баланс,AL99881227,Ыскакова Ф.Б,Ыскакова Ф.Б,,JAC SUNRAY,851BF05,
15,"Алматинская область,Райымбекский район,с. Нарынкол",Отдел занятости и социальных программ Райымбекского района,Балана,BB№70014280,Ыскакова Ф.Б,Ыскакова Ф.Б,,Инватакси для перевозки инвалидов,311AS05,
16,"Алматинская область,Райымбекский район,с. Нарынкол",Отдел занятости и социальных программ Райымбекского района,Баланс,AP№00023591,Ыскакова Ф.Б,Ыскакова Ф.Б,,Автомобиль грузопассажирский,820LC05,
17,Алматинская обл Райымбекский р/н  с Шалкоде,ГУ Аппарат акима Шалкудинского с/о,ГУ Аппарат акима Шалкудинского с/о,AP00060967,ГУ Аппарат акима Шалкудинского с/о,Водитель Тарақов О.,,Автомобиль CHEVROLET COBALT  2022,281AI05,
18,Государственное учреждение «Отдел ЖКХ» района Райымбек,Государственное учреждение «Отдел ЖКХ» района Райымбек,Государственное учреждение «Отдел ЖКХ» района Райымбек,AL00016097,Государственное учреждение «Отдел ЖКХ» района Райымбек,Мұқаш Әлібек,№36 ж/қ 04.11.2026ж.,Kia-Rio 2018,181ZC05,
19,Аппарат акима Райымбекского района,Аппарат акима Райымбекского района,Аппарат акима Райымбекского района,ВС80007605,Аппарат акима Райымбекского района,Бақытжанұлы Е.,,CHEVROLЕT MALIBU,205AV05,
20,Аппарат акима Райымбекского района,Аппарат акима Райымбекского района,Аппарат акима Райымбекского района,,Аппарат акима Райымбекского района,"Смагулов Д,",,TANK 500,050DC05,
21,Аппарат акима Райымбекского района,Аппарат акима Райымбекского района,Аппарат акима Райымбекского района,,Аппарат акима Райымбекского района,Омаров Ғ.,,CHEVROLЕT MALIBU,380ZC05,
22,Аппарат акима Райымбекского района,Аппарат акима Райымбекского района,Аппарат акима Райымбекского района,,Аппарат акима Райымбекского района,Марлен Ж.,,SKODA KODIAG,603VV05,
23,Аппарат акима Райымбекского района,Аппарат акима Райымбекского района,Аппарат акима Райымбекского района,,Аппарат акима Райымбекского района,-,,TOYOTO,622BI05,
24,Аппарат акима Райымбекского района,Аппарат акима Райымбекского района,Аппарат акима Райымбекского района,,Аппарат акима Райымбекского района,-,,SKODA KODIAG,650AY05,
Талгарский район,,,,,,,,,,
1,Талгарский район,ГУ Аппарат акима  Талгарского района,ГУ Аппарат акима Талгарского района на праве собственности,технический паспорт AR99999584,ГУ Аппарат акима  Талгарского района,Водитель-Ташуатов Ермек Муратбекович,Приказ руководителя аппарата № 01-31-б от 31.01.2024 г,"TANK 500, 2023 г.в.",957AJ05,нет
2,Талгарский район,ГУ Аппарат акима  Талгарского района,ГУ Аппарат акима Талгарского района на праве собственности,технический паспорт AL99878673,ГУ Аппарат акима  Талгарского района,Водитель-Айкынов Нурлан Серикович,Приказ руководителя аппарата № 01-30-б от 31.01.2024 г,"Hyundai Tucson, 2025 г.в.",614BH05,нет
3,Талгарский район,ГУ Аппарат акима  Талгарского района,ГУ Аппарат акима Талгарского района на праве собственности,технический паспорт AR20009493,ГУ Аппарат акима  Талгарского района,Заместитель акима района Аскербеков Ануар Жанболатович,Договор №5 от 05.01.2024г о мат.ответств,"KIA SORENTO, 2023 г.в.",424AV05,нет
4,Талгарский район,ГУ Аппарат акима  Талгарского района,ГУ Аппарат акима Талгарского района на праве собственности,технический паспорт BE01008581,ГУ Аппарат акима  Талгарского района,Водитель-Мамбетжанов Ернар Темирханович,Приказ руководителя аппарата № 05-100-б от 14.05.2025 г,"Chevrolet Malibu , 2023 г.в.",823DK05,нет
5,Талгарский район,ГУ Аппарат акима  Талгарского района,ГУ Аппарат акима Талгарского района на праве собственности,технический паспорт AP00049298,ГУ Аппарат акима  Талгарского района,Водитель-Садыков Айбек Рымбекович,Приказ руководителя аппарата № 01-32-б от 27.01.2025 г,"Kia K5 , 2021 г.в.",077BI05,нет
6,Талгарский район,"ГУ""Отдел экономики и финансов Талгарского района""","ГУ""Отдел экономики и финансов Талгарского района""форма владения- Баланс",Технический паспорт №BE99999784 от 07.06.2024г.,"ГУ""Отдел экономики и финансов Талгарского района""","Джұматайұлы Улан, водитель",Приказ №207-нк от 11.12.2023г,"Hyundai Elantra, 2019 г",673AK05,
7,Талгарский район,"ГКПП «Дом культуры Талгарского района» ,ГУ «Отдел культуры, развития языков, физической культуры и спорта Талгарского района»","ГКПП «Дом культуры Талгарского района» ,ГУ «Отдел культуры, развития языков, физической культуры и спорта Талгарского района»",Тех паспорт BL №01000346 от 09.02.2016г. Договор №1 от 17.10.2024г.,"ГКПП «Дом культуры Талгарского района» ,ГУ «Отдел культуры, развития языков, физической культуры и спорта Талгарского района»",Шагаев Берик Сапаргалиевич Директор,Приказ №190 от 17.10.2024г.,УАЗ 220695-440,343АН05,
8,Талгарский район,"ГУ""Отдел пассажирского транспорта и автомобильных дорог Талгарского района""","ГУ""Отдел пассажирского транспорта и автомобильных дорог Талгарского района"" на балансе",тех паспорт 602ВН05 от 10.04.2025г,"ГУ ""Отдел пассажирского транспорта и автомобильных дорог Талгарского района""","Н.Ордаханов, водитель",на оснавание договора №1 от 05.01.2026г,Gelly monjaro/2024,BH60205,
9,Талгарский район,"ГУ""Отдел архитектуры и градостроительства""","ГУ""Отдел архитектуры и градостроительства"" на балансе",тех паспорт №AR99999845,"ГУ""Отдел архитектуры и градостроительства""","Курбанбеков Х.Н.,водитель",Приказ №320 -нк 02.03.2026,KIA CERATO,964AJ05,
10,Талгарский район,"ГУ""Отдел жилищно-коммунального хозяйства и жилищной инспекции Талгарского района""","На балансе ГУ""Отдел жилищно-коммунального хозяйства и жилищной инспекции Талгарского района""",тех.пасполрт №BE99999851,"ГУ""Отдел жилищно-коммунального хозяйства и жилищной инспекции Талгарского района""",Заместитель руководителя отдела Салимов.Е.Е,"№Н/қ 1143 02.09.2025 г,",KIA CERATO,223BE05,
11,Талгарский район,"ГУ ""Аппарат Талгарского районного маслихата""","На балансе ГУ ""Аппарат Талгарского районного маслихата""","Распоряжение секретаря Талгарского районного маслихата № 10 от 27.05.2020 г., договор № 16 от 14.05.2020 г., Тех.паспорт № BW00007511 от 09.05.2020 г.","ГУ ""Аппарат Талгарского районного маслихата""",Водитель Касымов Б.К.,Распоряжение №1 от 01.04.2026г,"Kia Sportage, 2020 года выпуска",659VV05,
12,Талгарский район,"ГУ ""Отдел строительства Талгарского района""","ГУ ""Отдел строительства Талгарского района"",форма владения: баланс","№35н/қ от 03.04.2025г, тех. паспорт AL99878775 10.04.2025","ГУ ""Отдел строительства Талгарского района""",водитель Қыдыржанов Айбек Бекмұханбетұлы,№35н/қ от 03.04.2025г.,GEELY MONJARO черного цвета 2024 года,745BF05,
13,Талгарский район,"ГУ ""Отдел земельных отношений Талгарского района""","ГУ ""Отдел земельных отношений Талгарского района""-баланс","Приказ №10 нқ от 07.02.2024, технический паспорт №BE99999873 от 07.02.2024","ГУ ""Отдел земельных отношений Талгарского района""","Бекқадыр Азамат, водитель",Приказ №10 нқ от 07.02.2024,KIO RIO,647AK05,
14,Талгарский район,"ГУ ""Отдел сельского хозяйства Талгарского района""","ГУ ""Отдел сельского хозяйства Талгарского района"" баланс","Приказ №06 н/қ от 13.02.2025,технический паспорт №AP99874125 от14.02.2025","ГУ ""Отдел сельского хозяйства Талгарского района""","Бейдинчанов Рамазан ,водитель",Приказ №6 н/қ  от 02.02.2026,Skoda Super B6,607BG05,
15,Талгарский район,"ГУ ""Отдел занятости и социальных программ Талгарского района""","На балансе ГУ ""Отдел занятости и социальных программ Талгарского района""",Тех.паспорт AR20001413  Приказ    №48 от 20.08.2020 г.,"ГУ ""Отдел занятости и социальных программ Талгарского района""","Бектұрған Бақытбек Ұзақбайұлы, водитель",Приказ№48 от 20.08.2020 г.,Kia Rio 2020 г.,205ZA05,
16,Талгарский район,"ГУ ""Отдел культуры, развития языков, физической культуры и спорта Талгарского района""","ГУ ""Отдел культуры, развития языков, физической культуры и спорта Талгарского района""",техпаспорт № BE99999895,"ГУ ""Отдел культуры, развития языков, физической культуры и спорта Талгарского района""",Водитель Давлетов Арман Махсетұлы,Распоряжение № 64-б от 04.12.2025 г,"KIA SERATO, 2017 г.в.",828BD05,нет
17,Талгарский район,"КГУ  ""Библиотека Талгарского района"" ГУ ""Отдел культуры, развития языков, физической культуры и спорта Талгарского района""","КГУ  ""Библиотека Талгарского района"" ГУ ""Отдел культуры, развития языков, физической культуры и спорта Талгарского района""",технический паспорт ВA № 66025150,"КГУ  ""Библиотека Талгарского района"" ГУ ""Отдел культуры, развития языков, физической культуры и спорта Талгарского района""","Жанбаев Асет Кудайбергенович, водитель",нет,Nexia Ns 150 Gle C/K,186AA05,"Автомобиль с 2024г. неприогден в экплуатацию, расходов нет"
18,Талгарский район,"ГУ ""Аппарат акима Нуринского сельского округа Талгарского района""","ГУ ""Аппарат акима Нуринского сельского округа Талгарского района""","Договор купли-продажи № 110340000171/250012/00 от 20.03.2025, Акт приема-передачи товара (ов)
№ 250012/00/1 22.04.2025 Тех.паспорт AL99878356 от 22.04.2025","ГУ ""Аппарат акима Нуринского сельского округа Талгарского района""",не имеется водитель закреплен на акима с.о Оразбаев А.З.,Распоряжение №45нқ от 16.02.2026,BESTUNE T55 2023,537BH05,
19,Талгарский район,"ГУ ""Аппарат акима Туздыбастауского сельского округа Таларского района""",ГУ Аппарат акима Туздыбастауского сельского округа Таларского района на праве собственности,"Распоряжение №350 н.қ. От 01.09.2022 г. ""Талғар ауданының  Тұздыбастау ауылдық округі әкімінің аппараты"" ММ қызметтік автокөлігі туралы""","ГУ ""Аппарат акима Туздыбастауского сельского округа Таларского района""",Емелхан К. водитель,Распоряжение акима №2 от 01.04.2026 г.,"Chevrolet Cobalt, г.в. 2022",619AI05,нет
20,Талгарский район,ГУ Аппарат акима Бесагашского сельского округа Таларского района,ГУ Аппарат акима Бесагашского сельского округа Таларского района на праве собственности,"Распоряжение №151 н.қ. От 13.10.2022 г. ""Талғар ауданының Бесагаш ауылдық округі әкімінің аппараты"" ММ қызметтік автокөлігі туралы""",ГУ Аппарат акима Бесагашского сельского округа Таларского района на праве собственности,не имеется водитель закреплен на акима Жунусов Е.Д.,Распоряжение №02-ө н/к от 15.01.2024г.,"Chevrolet Cobalt, г.в. 2022",622AI05,нет
21,Талгарский район,"ГУ ""Аппарат акима города Талгар""","ГУ ""Аппарат акима города Талгар"" на праве собственности","Распоряжение №12-523ө от 06.12.2023 г. ""Талғар қаласының әкімінің аппараты"" ММ қызметтік автокөлігі туралы""","ГУ ""Аппарат акима города Талгар""",Сарсенбаев Д. водитель,Распоряжение акима №11ө от 15.06.2026 г.,"KIA Sorento, г.в. 2023",616AK05,нет
22,Талгарский район,ГУ Аппарат акима Кендалинского сельского округа Таларского района,ГУ Аппарат акима Кендалинского сельского округа Талгарского района на праве собственности,техпаспорт № BE99999313,"ГУ ""Аппарат акима Кендалинского сельского округа""",Чотбаев Ерсултан Нурсултанович водитель,Распоряжение № 119-өк от 04.12.2018 г,"BESTUNE T55, 2023 г.в.",437BF05,нет
23,Талгарский район,"ГУ ""Аппарат акима Бескайнарского района Талгарского района""","ГУ ""Аппарат акима Бескайнарского района Талгарского района"" Баланс",тех.паспорт №AR20006221  2022 г.,"ГУ ""Аппарат акима Бескайнарского района ""","Джабаев Арман Асылбекович, Аким",Распоряжение №26 от 28.07.2021 г.,Chevralet Cobalt,646AI05,
24,Талгарский район,ГУ Аппарат акима Белбулакского сельского округа Таларского района,ГУ Аппарат акима Белбулакского сельского округа Таларского района на праве собственности,техпаспорт № AL99879520,"ГУ Аппарат акима Белбулакского сельского округа """,Водитель Исаметов Руслан,Распоряжение № 119-өк от 04.12.2022 г,"BESTUNE T55, 2023 г.в.",539BH05,нет
25,Талгарский район,"ГУ ""Аппарата акима Панфиловского сельского округа ""","ГУ ""Аппарата акима Панфиловского сельского округа """,техпаспорт  АР99873642,"ГУ ""Аппарата акима Панфиловского сельского округа """,Водитель Айтбеков Тилек Серикович,өкім №43 от 26.02.2026,BESTUNE T55   2023г.в,101BG05,
26,Талгарский район,"ГУ ""Аппарата акима Кайнарского сельского округа ""","ГУ ""Аппарата акима Кайнарского сельского округа """,техпаспорт  АR20006225,"ГУ ""Аппарата акима Кайнарского сельского округа """,Ербол Самат Ерболұлы,Распоряжение акима  №33 от 06.05.2025г. Ербол Самат Ерболұлы,CHEVROLET COBALT   2022г.в.,626AI05,
27,Талгарский район,"ГУ ""Аппарат акима Алатауского сельского округа Талгарского района""","ГУ ""Аппарат акима Алатауского сельского округа Талгарского района"" (балансодержатель, на праве собственности)",Распоряжение №54-ө н/қ от 26.02.2025,"ГУ ""Аппарат акима Алатауского сельского округа ""","Оразай Айдар Нұрсұлтанұлы, водитель",Договор №1 от 05.08.2025,BESTUNE T55 2023 года,553BG05,
28,Талгарский район,ГУ Аппарат акима Гулдалинского сельского округа Таларского района,ГУ Аппарат акима Гулдалинского сельского округа Талгарского района на праве собственности,Распоряжение акима №259 н/к    от 14.12.2022ж,ГУ Аппарат акима Гулдалинского сельского округа,Куракбаев  К А водитель,Распоряжение акима №17 ж.қ. Т. от 27.06.2024 г.,Shevrolet COBALT,636AI05,нет
Уйгурский район,,,,,,,,,,
1,"Алматинская область, Уйгурский район, с. Шонжы","Государственное учреждение ""Аппарат акима Уйгурского района""","На блансе ГУ ""Аппарат акима Уйгурского района"", форма владения баланс.",технический паспорт ТС BC99998977,"ГУ ""Аппарат акима Уйгурского района""",Хасенов Нуртас Нуғайбекұлы-руководитель аппарат акима,приказ №2 от 03.09.2025г,"CHEVROLET EQUINOX,  2023 г.",094ВС05,
2,"Алматинская область, Уйгурский район, с. Шонжы","Государственное учреждение ""Аппарат акима Уйгурского района""","На блансе ГУ ""Аппарат акима Уйгурского района"", форма владения баланс.",технический паспорт ТС BW00003584,"ГУ ""Отдел обороны Уйгурского района""",Адильханов Асылбек Тойганбекович-начальник,Постановление №94 от 19.02.2020,"Toyota Corolla, 2011 г.",757VV05,Передано в отдел по делам обороны во временное безвозмездное пользование
3,"Алматинская область, Уйгурский район, с. Шонжы","Государственное учреждение ""Аппарат акима Уйгурского района""","На блансе ГУ ""Аппарат акима Уйгурского района"", форма владения баланс.",технический паспорт ТС BF66002369,"ГУ ""Аппарат акима Уйгурского района""",незакреплен,,"Шкода суперБ 101AN 05, 2014 г.",101AN05,
4,"Алматинская область, Уйгурский район, с. Шонжы","Государственное учреждение ""Аппарат акима Уйгурского района""","На блансе ГУ ""Аппарат акима Уйгурского района"", форма владения баланс.",технический паспорт ТС BA66021462,Комитет национальной безопасности Республики Казахстан по Алматинской области,Марсель Данияр Марсельевич-руководитель,Постановление №497 от 30.10.2018,"Toyota Corolla B770DE, 2011 г.",B770DE,Передано в Уйгурский районный отдел Комитета национальной безопасности Республики Казахстан для временного безвозмездного пользования
5,"Алматинская область, Уйгурский район, с. Шонжы","Государственное учреждение ""Аппарат акима Уйгурского района""","На блансе ГУ ""Аппарат акима Уйгурского района"", форма владения баланс.",технический паспорт ТС BW00007109,"ГУ ""Аппарат акима Уйгурского района""",незакреплен,,"Skoda Super B8, 2019 г.в.",600VV05,
6,"Алматинская область, Уйгурский район, с. Шонжы","Государственное учреждение ""Аппарат акима Уйгурского района""","На блансе ГУ ""Аппарат акима Уйгурского района"", форма владения баланс.",технический паспорт ТС VL05832110,"ГУ ""Аппарат акима Уйгурского района""",незакреплен,,Chevrolet Malibu-2023,513BC05,
7,"Алматинская область, Уйгурский район, с. Шонжы","Государственное учреждение ""Аппарат акима Уйгурского района""","На блансе ГУ ""Аппарат акима Уйгурского района"", форма владения баланс.",технический паспорт ТС BB99999869,"ГУ ""Аппарат акима Уйгурского района""",Елеусизова Бота Сериковна-аким района,приказ №1 от 26.04.2024г,Chevrolet Travers-2024 года выпуска,550BC05,
8,"Алматинская область, Уйгурский район, с. Шонжы","Государственное учреждение ""Аппарат акима Уйгурского района""","На блансе ГУ ""Аппарат акима Уйгурского района"", форма владения баланс.",технический паспорт ТС AR99878543,"ГУ ""Аппарат акима Уйгурского района""",Хусуров Алимжан Навердинович-заместитель акима,приказ №5 от 12.03.2026г,GAC G8-2025 г.в.,185BN05,
9,"Алматинская область, Уйгурский район, с. Шонжы","Государственное учреждение ""Аппарат акима Уйгурского района""","На блансе ГУ ""Аппарат акима Уйгурского района"", форма владения баланс.",технический паспорт ТС AR99878546,"ГУ ""Аппарат акима Уйгурского района""",Жүмәділ Самат Щайытқанұлы-заместитель акима,приказ №4 от 12.03.2026гг,GAC G8-2025 г.в.,155BN05,
10,"Алматинская область, Уйгурский район, с. Шонжы","Государственное учреждение ""Аппарат акима Уйгурского района""","На блансе ГУ ""Аппарат акима Уйгурского района"", форма владения баланс.",технический паспорт ТС AR99878545,"ГУ ""Аппарат акима Уйгурского района""",Толымбекұлы Ерасыл-заместитель акима,приказ №3 от 12.03.2026г,GAC G8-2025 г.в.,105BN05,
11,"Алматинская область, Уйгурский район, с. Шонжы","ГУ ""Аппарат Уйгурского районного маслихата""","На балансе ГУ ""Аппарат Уйгурского районного маслихата""",технический паспорт ТС,"ГУ ""Аппарат Уйгурского районного маслихата""",Есембаев Мухит Танжарыкович водитель,нет,"JAC J7 PLUS, 2024г",393BH05,
12,"Алматинская область, Уйгурский район, с. Шонжы","ГУ ""Отдел земельных отношений"" Уйгурского района","ГУ ""Отдел земельных отношений"" Уйгурского района",технический паспорт ТС,"ГУ ""Отдел земельных отношений"" Уйгурского района",Жапарбекулы Нурлан,,"HYUNDAY TUCSON, 2025г.",160BN05,
13,"Алматинская область, Уйгурский район, с. Шонжы","ГУ ""Отдел земельных отношений"" Уйгурского района","ГУ ""Отдел земельных отношений"" Уйгурского района",технический паспорт ТС,,Жапарбекулы Нурлан,,"TAYOTA COROLLA, 2016 г.",686VV05,Будет передано на баланс государственному предприятию
14,"Алматинская область, Уйгурский район, с. Шонжы","ГУ ""Отдел сельского хозяйства"" Уйгурского района","на балансе ГУ ""Отдел сельского хозяйства"" Уйгурского района",технический паспорт ТС №АР99992254,"ГУ ""Отдел сельского хозяйства"" Уйгурского района",Садыков Бауыржан Бакытович,№28-н/қ от 03.03.2026г.,Hyundai Tucson 2025г.,150BN05,
15,"Алматинская область, Уйгурский район, с. Шонжы","ГУ ""Отдел сельского хозяйства"" Уйгурского района","на балансе ГУ ""Отдел сельского хозяйства"" Уйгурского района",технический паспорт ТС,"ГУ ""Отдел сельского хозяйства"" Уйгурского района",Садыков Бауыржан Бакытович,,Chevrolet Niva 2013г,370AZ05,Требуется ремонт
16,"Алматинская область, Уйгурский район, с. Шонжы","ГУ ""Отдел сельского хозяйства"" Уйгурского района","на балансе ГУ ""Отдел сельского хозяйства"" Уйгурского района",технический паспорт ТС,"ГУ ""Отдел сельского хозяйства"" Уйгурского района",Садыков Бауыржан Бакытович,,Toyota Corolla 2016г.,885AV05,Будет передано на баланс государственному предприятию
17,"Алматинская область, Уйгурский район, с. Шонжы","ГУ ""Отдел культуры, развития языков и спорта""","На балансе ГУ ""Отдел культуры, развития языков и спорта""",ТС №BE99999726 от 17.07.2024г,"ГУ ""Отдел культуры, развития языков и спорта""",Руководитель отдела. Водитель-Аубакиров О.М.,,"HYUNDAI ACCENT, 2020 года выпуска",588BF05,
18,"Алматинская область, Уйгурский район, с. Шонжы","ГУ ""Отдел архитектуры и градостроительства""","На балансе ГУ ""Отдел архитектуры и градостроительства""",TC BN №00000707 от 16.05.2012г,"ГУ ""Отдел архитектуры и градостроительства""",Руководитель отдела (нет штата водителя,,"Лада 21703, 2011 года выпуска",В782CW,Требуется в капитальный ремонт
19,"Алматинская область, Уйгурский район, с. Шонжы","ГУ ""Отдел архитектуры и градостроительства""","На балансе ГУ ""Отдел архитектуры и градостроительства""",TC №AR99878612 от 06.03.2026г,,Руководитель отдела (нет штата водителя,,HYUNDAI TUCSON 2025 года выпуска,998ВМ05,
20,"Алматинская область, Уйгурский район, с. Шонжы",Отдел Предпринимательства Уйгурского района,На балансе Отдела предпринимательства Уйгурского района,Тех паспорт NMTBT90R036781,Отдел Предпринимательства Уйгурского района,Руководитель отдела Амаров Рехимжан Турсунович,,TOYOTA- COROLLA. 2016 год выпуска,864AV05,
21,"Алматинская область, Уйгурский район, с. Шонжы","ГУ ""Отдел занятости и социальных программ Уйгурского района""","На балансе ГУ ""Отдел занятости и социальных программ Уйгурского района""",Технический паспорт  BN №0000764,"ГУ ""Отдел занятости и социальных программ Уйгурского района""",Ахметов Нурахмет Анварович-водитель,,"Автомашина LADA -21214, 2013 год выпуска",B780CW,
22,"Алматинская область, Уйгурский район, с. Шонжы","ГУ ""Отдел занятости и социальных программ Уйгурского района""","На балансе ГУ ""Отдел занятости и социальных программ Уйгурского района""",Технический паспорт  BN №0000679,"ГУ ""Отдел занятости и социальных программ Уйгурского района""",Заитов Халмурат Усманович-водитель,,"Микроавтобус ГАЗ-322132-288, 2011 год выпуска",B620CW,
23,"Алматинская область, Уйгурский район, с. Шонжы","ГУ ""Отдел занятости и социальных программ Уйгурского района""","На балансе ГУ ""Отдел занятости и социальных программ Уйгурского района""",Технический паспорт  BF №66002853,"КФ ""АУЛИЕ ШОКА""  ОО  "" Уйгурское районное общество инвалидов"" -аренда",,,"Автобус-Инватакси ГАЗ 1992DW, 2018 год выпуска",306AS05,Согласно Договора имущественного найма (аренды) государственного имущества №57153 от 27.05.2024 года
24,"Алматинская область, Уйгурский район, с. Шонжы","ГУ ""Отдел занятости и социальных программ Уйгурского района""","На балансе ГУ ""Отдел занятости и социальных программ Уйгурского района""",Технический паспорт  BN №0000901,"КФ ""АУЛИЕ ШОКА""  ОО  "" Уйгурское районное общество инвалидов"" -аренда",,,"Автобус-Инватакси Ford Tranzit 300, Sollers Sb-If, 2014 год выпуска",986AE05,Согласно Договора имущественного найма (аренды) государственного имущества №57167 от 27.05.2024 года
25,"Алматинская область, Уйгурский район, с. Шонжы","ГУ ""Отдел занятости и социальных программ Уйгурского района""","На балансе ГУ ""Отдел занятости и социальных программ Уйгурского района""",Технический паспорт ТС  AR №99880150,"КФ ""АУЛИЕ ШОКА""  ОО  "" Уйгурское районное общество инвалидов"" -аренда",,,"Автобус-Инватакси JAC SUNRAY, 2025 год выпуска",483BI05,Согласно Договора имущественного найма (аренды) государственного имущества №57153 от 27.05.2024 года
26,"Алматинская область, Уйгурский район, с. Шонжы","ГУ ""Отдел экономики и финансов Уйгурского района""","На балансе ГУ ""Отдел экономики и финансов Уйгурского района""",Технический паспорт ТС,"ГУ ""Отдел экономики и финансов Уйгурского района""","Руководитель Ызғарбек Дархан Ызғарбекұлы, водитель Усенов Полатжан",не имеется,"Хюндай Туксон, 2025 г.в.",987BM05,
27,"Алматинская область, Уйгурский район, с. Шонжы","ГУ ""Отдел экономики и финансов Уйгурского района""","На балансе ГУ ""Отдел экономики и финансов Уйгурского района""",Технический паспорт ТС,,,,Toyota Corolla 2018г.,688VV05,Будет передано на баланс государственному предприятию
28,"Алматинская область, Уйгурский район, с. Шонжы","ГУ ""Отдел строительства"" Уйгурского района","На балансе ГУ ""Отдел строительства"" Уйгурского района",Технический паспорт ТС,"ГУ ""Отдел строительства"" Уйгурского района",Руководитель отдела Исмаилов Рамиль Мирзалимович,,"HYUNDAI ACCENT, 2020 года выпуска",849AV05,
29,"Алматинская область, Уйгурский район, с. Шонжы","ГУ ""Отдел строительства"" Уйгурского района","На балансе ГУ ""Отдел строительства"" Уйгурского района",Технический паспорт ТС,,,,"Toyota Avensis, 2006 г.в.",683AU05,В аварийном состоянии
30,"Алматинская область, Уйгурский район, с. Шонжы","ГУ ""Отдел внутренней политики"" Уйгурского района","На балансе ГУ ""Отдел внутренней политики"" Уйгурского района",Технический паспорт ТС,"ГУ ""Отдел внутренней политики"" Уйгурского района",Руководитель отдела Ташкенов Ақжол,,"Hyundai Elantra, 2020 года выпуска",891AG05,
31,"Алматинская область, Уйгурский район, с. Шонжы","ГУ ""Отдел пассажирского транспорта, автомобильных дорог"" Уйгурского района","На балансе ГУ ""Отдел пассажирского транспорта, автомобильных дорог"" Уйгурского района",Технический паспорт ТС,"ГУ ""Отдел пассажирского транспорта, автомобильных дорог"" Уйгурского района",Руководитель отдела Исмаилов Дамир Марупович,,"HYUNDAI TUCSON, 2025 года выпуска",988ВМ05,
32,"Алматинская область, Уйгурский район, с. Шонжы","ГУ ""Отдел пассажирского транспорта, автомобильных дорог"" Уйгурского района","На балансе ГУ ""Отдел пассажирского транспорта, автомобильных дорог"" Уйгурского района",Технический паспорт ТС,,Водитель Ахметов Батуржан Рахметжанович,,"Kia optima, 2012 г.в.",988ВF05,
33,"Алматинская область, Уйгурский район, с. Шонжы","ГУ ""Отдел жилищно-коммунального хозяйства и жилищной инспекции"" Уйгурского района","На балансе ГУ ""Отдел жилищно-коммунального хозяйства и жилищной инспекции"" Уйгурского района",Технический паспорт ТС,"ГУ ""Отдел жилищно-коммунального хозяйства и жилищной инспекции"" Уйгурского района",Руководитель отдела Авакриев Бахадур Тельманович,,HYUNDAI TUCSON 2025 года выпуска,220ВМ05,
34,"Алматинская область, Уйгурский район, с. Шонжы","ГУ ""Отдел жилищно-коммунального хозяйства и жилищной инспекции"" Уйгурского района","На балансе ГУ ""Отдел жилищно-коммунального хозяйства и жилищной инспекции"" Уйгурского района",Технический паспорт ТС,,Водитель Азимов Аскар Ахметжанович,,Toyota Corolla 2018г.,694VV05,Требуется ремонт
35,"Алматинская область Уйгурский район, село Ават","ГУ ""Аппарт акима Аватского сельского округа""","На балансе ГУ ""Аппарт акима Аватского сельского округа""",Технический паспорт ТС,"ГУ ""Аппарт акима Аватского сельского округа""","Аким сельского округа Кадыров Гожахмет Нурдунович, водитель Анаятов Долкун Итахунович",,"Chevrolet Lacetti, 2023 г.в.",477ВF05,
36,"Алматинская область Уйгурский район, село Cумбе","ГУ ""Аппарт акима Сумбинского сельского округа""","На балансе ГУ ""Аппарт акима Сумбинского сельского округа""",Технический паспорт ТС,"ГУ ""Аппарт акима Сумбинского сельского округа""",Аким СО Рыскелдиұлы Мақсат,нет,"Chevrolet Lacetti, 2023 г.в.",874DK05,
37,"Алматинская область Уйгурский район, село Cумбе","ГУ ""Аппарт акима Сумбинского сельского округа""","На балансе ГУ ""Аппарт акима Сумбинского сельского округа""",Технический паспорт ТС,,водитель - Алимжанов Дархан Аятович,нет,"Lada 21214, 2012 г.в.",781VV05,
38,"Алматинская область Уйгурский район, село Кыргызсай","ГУ ""Аппарт акима Кыргызсайского сельского округа""","На балансе ГУ ""Аппарт акима Кыргызсайского сельского округа""",Технический паспорт ТС VH99997818,"ГУ ""Аппарт акима Кыргызсайского сельского округа""",Аким СО Айгожаев Жанібек Абиирұлы,нет,"Chevrolet Lacetti, 2023 г.в.",874DK05,
39,"Алматинская область Уйгурский район, село Кыргызсай","ГУ ""Аппарт акима Кыргызсайского сельского округа""","На балансе ГУ ""Аппарт акима Кыргызсайского сельского округа""",Технический паспорт ТС,,Водитель - Турсун Ерболсын Байғалықұлы,нет,"Lada 21214, 2012 г.в.",699VV05,Будет передано на баланс государственному предприятию
40,"Алматинская область Уйгурский район, село Большое Аксу","ГУ ""Аппарт акима Больше-Аксуского сельского округа""","На балансе ГУ ""Аппарт акима Больше-Аксуского сельского округа""",технический паспорт ТС,ГУ Аппарат акима Большеаксуского  сельского округа,Аким СО Абдикаров Марат,нет,"Chevrolet Lacetti, 2023 г.в.",441BF05,
41,"Алматинская область Уйгурский район, село Большое Аксу","ГУ ""Аппарт акима Больше-Аксуского сельского округа""","На балансе ГУ ""Аппарт акима Больше-Аксуского сельского округа""",технический паспорт ТС,ГУ Аппарат акима Большеаксуского  сельского округа,Водитель -Шаимов Шамиль Туглукович,,"Lada 21214, 2012 г.в.",702VV05,
42,"Алматинская область Уйгурский район, село Актам",ГУ Аппарат акима Актамского сельского округа,"На балансе ГУ ""Аппарт акима Актамского сельского округа""",технический паспорт ТС,ГУ Аппарат акима Актамского сельского округа,"Аким с.о, Кожакбаев Айдар Иембердиевич",нет,"Chevrolet Lacetti, 2023 г.в.",455BF05,
43,"Алматинская область Уйгурский район, село Актам",ГУ Аппарат акима Актамского сельского округа,"На балансе ГУ ""Аппарт акима Актамского сельского округа""",технический паспорт ТС,,Водитель - Джалпаков Избасар Кырыкбаевич,нет,"Lada 21214, 2012 г.в.",702VV05,Будет передано на баланс государственному предприятию
44,"Алматинская область Уйгурский район, село Тиирмен",ГУ Аппарат акима Тиирменского сельского округа,"На балансе ГУ ""Аппарт акима Тиирменского сельского округа""",технический паспорт ТС,ГУ Аппарат акима Тиирменского сельского округа,Аким СО Насыров Миршат Мирзагулович,,"Chevrolet Lacetti, 2023 г.в.",575BF05,
45,"Алматинская область Уйгурский район, село Тиирмен",ГУ Аппарат акима Тиирменского сельского округа,"На балансе ГУ ""Аппарт акима Тиирменского сельского округа""",технический паспорт ТС,ГУ Аппарат акима Тиирменского сельского округа,Водитель Мамиров Долкунжан Юлдашевич,,"Lada21214, 2012 г.в.",705VV05,
46,Алматинская область Уйгурский район село Дардамты,ГУ Аппарат акима Дардамтинского сельского округа,"На балансе ГУ ""Аппарат акима Дардамтинского сельского округа""",технический паспорт ТС,ГУ Аппарат акима Дардамтинского сельского округа,Аким СО Кодаров Даулеткелді Ракимбайұлы,,"Chevrolet Lacetti, 2024 г.в.",545ВF05,
47,Алматинская область Уйгурский район село Дардамты,ГУ Аппарат акима Дардамтинского сельского округа,"На балансе ГУ ""Аппарат акима Дардамтинского сельского округа""",технический паспорт ТС BF66002672,,,,"ВАЗ 21214, 2012 г. в.",708VV05,
48,Алматинская область Уйгурский район село М. Дихан,"ГУ ""Аппарат акима Мало Диханского сельского округа Уйгурского района""","На балансе ГУ ""Аппарат акима Мало Диханского сельского округа Уйгурского района""",Технический паспорт  BE 99999723,"ГУ ""Аппарат акима Мало Диханского сельского округа Уйгурского района""",Жауырбеков Магжан Маратович,,"CHEVROLET LACETTI, 2023 г.в.",424BF05,
49,"Алматинская область, Уйгурский район, с. Кетпен","ГУ ""Аппарат акима Кетпенского сельского округа""","На балансе ГУ ""Аппарат акима Кетпенского сельского округа""",Технический паспорт,"ГУ ""Аппарат акима Кетпенского сельского округа""","Аким с.о, Умбетжанов Марат Нурахметович",нет,"CHEVROLET LACETTI, 2023 г.в.",484BF05,
50,"Алматинская область, Уйгурский район, с. Калжат","ГУ ""Аппарат акима Калжатского сельского округа""","На балансе ГУ ""Аппарат акима Калжатского сельского округа""",Технический паспорт,"ГУ ""Аппарат акима Калжатского сельского округа""",Аким Баратов Дилшат Гожабдуллаевич,нет,Лада 21214  2012 г,783VV05,Требует ремонта
51,"Алматинская область, Уйгурский район, с. Калжат","ГУ ""Аппарат акима Калжатского сельского округа""","На балансе ГУ ""Аппарат акима Калжатского сельского округа""",Технический паспорт,,Водитель - Ахметов Дилшат Махаметжанович,нет,"CHEVROLET LACETTI,2023",878DK05,
52,"Алматинская область, Уйгурский район, с. Шонжы","ГУ ""Аппарат акима Шонжинского сельского округа""","На балансе ГУ ""Аппарат акима Шонжинского сельского округа""",Технический паспорт,"ГУ ""Аппарат акима Шонжинского сельского округа""",Водитель - Раипов Багдат Баратович,нет,CHEVROLET LACETTI 2023г,494BF05,
53,"Алматинская область, Уйгурский район, с. Шонжы","ГУ ""Аппарат акима Шонжинского сельского округа""","На балансе ГУ ""Аппарат акима Шонжинского сельского округа""",Технический паспорт,,,нет,"Kia Cerato, 2007 г.в.",577AZ05,Требуется ремонт
54,"Алматинская область, Уйгурский район, с. Шонжы","ГУ ""Аппарат акима Шонжинского сельского округа""","На балансе ГУ ""Аппарат акима Шонжинского сельского округа""",Технический паспорт,,,нет,"ВАЗ 21214, 2012 г.в.",696VV05,Требуется ремонт
55,"УЙгурский район, с. Бахар","ГУ ""Аппарат акима Бахарского сельского округа""","На балансе ГУ ""Аппарат акима Бахарского сельского округа""",технический паспорт ТС,"ГУ ""Аппарат акима Бахарского сельского округа""",Аким - Мадамилов Максат Серикжанович,нет,CHEVROLET LACETTI 2023г,434BF05,
56,"УЙгурский район, с. Бахар","ГУ ""Аппарат акима Бахарского сельского округа""","На балансе ГУ ""Аппарат акима Бахарского сельского округа""",технический паспорт ТС,"ГУ ""Аппарат акима Бахарского сельского округа""",Водитель -Мукаджанов Куаныш Жумашевич,нет,"ВАЗ 21214, 2012 г.в.",698VV05,
57,"Алматинская область Уйгурский район, село Таскарасу","ГУ ""Аппарат акима Таскарасуского сельского округа""","На балансе ГУ ""Аппарат акима Таскарасуского сельского округа""",технический паспорт ТС,"ГУ ""Аппарат акима Таскарасуского сельского округа""",Аким СО Альмахунов Жаксылык Мысаханұлы,нет,CHEVROLET LACETTI 2023г,873DK05,
58,"Алматинская область Уйгурский район, село Таскарасу","ГУ ""Аппарат акима Таскарасуского сельского округа""","На балансе ГУ ""Аппарат акима Таскарасуского сельского округа""",,,Водитель Деқанбай Думан,нет,"ВАЗ 21214, 2012 г.в.",697VV05,
59,"Алматинская область Уйгурский район, село Шарын","ГУ ""Аппарат акима Шарынского сельского округа""","На балансе ГУ ""Аппарат акима Шарынского сельского округа""",технический паспорт ТС BE 99999718,"ГУ ""Аппарат акима Шарынского сельского округа""",Омаров Бахтыбай - водитель,нет,CHEVROLET LACETTI 2023 г.в.,577BF05,
60,"Алматинская область Уйгурский район, село Шарын","ГУ ""Аппарат акима Шарынского сельского округа""","На балансе ГУ ""Аппарат акима Шарынского сельского округа""",технический паспорт ТС,,,,"Лада 21713, 2010 г.в.",112AS05,Требуется ремонт
61,"Алматинская область Уйгурский район, село Шарын","ГУ ""Аппарат акима Шарынского сельского округа""","На балансе ГУ ""Аппарат акима Шарынского сельского округа""",технический паспорт ТС BF 66002701,,Омаров Бахтыбай - водитель,нет,"Лада 21214, 2012 г.в.",695VV05,
62,"Алматинская область, Уйгурский район, с. Шонжы","КГУ ""Районная библиотека имени Аль-Фараби""","На балансе КГУ ""Районная библиотека имени Аль-Фараби""",технический паспорт ТС,"КГУ ""Районная бибиотека имени Аль-Фараби""",,,"УАЗ 22069-04,            2008 г.в.",В705СА,
63,"Алматинская область, Уйгурский район, с. Шонжы","ГККП ""Районный дом культуры акима Уйгурского района""","На балансе ГККП ""Районный дом культуры акима Уйгурского района""",технический паспорт ТС,"ГККП ""Районный дом культуры акима Уйгурского района""",Ермухаметова С,,"Автобус Hundai Caunti, 2015 г.в.",376AN05,
64,"Алматинская область, Уйгурский район, с. Шонжы","ГККП ""Районный дом культуры акима Уйгурского района""","На балансе ГККП ""Районный дом культуры акима Уйгурского района""",технический паспорт ТС,,Даулет Ә.,№ 12 от 10.01.2026,"CHEVROLET COBALT, 2024 г.в.",131BF05,
65,"Алматинская область, Уйгурский район, с. Шонжы","ГККП ""Районный дом культуры акима Уйгурского района""","На балансе ГККП ""Районный дом культуры акима Уйгурского района""",технический паспорт ТС,,,,"Шкода октавия, 2011 г.в.",826AY05,
66,"Алматинская область, Уйгурский район, с. Шонжы",ТОО «Қарадала тынысы – Қарадала нәпәси»,На балансе ТОО «Қарадала тынысы – Қарадала нәпәси»,технический паспорт ТС,ТОО «Қарадала тынысы – Қарадала нәпәси»,АЙТМУХАМЕТОВ БОЛАТХАН КЕНЕСХАНОВИЧ директор (закреплен)                      Водитель: Арипжанов Ермек Фазылович,№ 06  от 01.04.2025,Chevrolet Aveo  2014 г.в.,380AN05,
67,"Алматинская область, Уйгурский район, с. Шонжы",ГКП на ПХВ «Ұйғыр аудаының су құбыры»,На балансе ГКП на ПХВ «Ұйғыр аудаының су құбыры»,технический паспорт ТС BF66003019,ГКП на ПХВ «Ұйғыр аудаының су құбыры»,Сламбакиев Р,,"Легковая А/м KIA CERAT,2011г",253AW05,
68,"Алматинская область, Уйгурский район, с. Шонжы",ГКП на ПХВ «Ұйғыр аудаының су құбыры»,На балансе ГКП на ПХВ «Ұйғыр аудаының су құбыры»,технический паспорт ТС BN00000685,,Юлдашев Д,,Легковая А/м Chevrolet cruze 2011,B752CW,
69,"Алматинская область, Уйгурский район, с. Шонжы",ГКП на ПХВ «Ұйғыр аудаының су құбыры»,На балансе ГКП на ПХВ «Ұйғыр аудаының су құбыры»,технический паспорт ТС ВЕ01008102,,Сайдалиев Н,,Легковая А/м Daewoo Nexia  2011,251ВЕ05,
70,"Алматинская область, Уйгурский район, с. Шонжы",ГКП на ПХВ «Ұйғыр аудаының су құбыры»,На балансе ГКП на ПХВ «Ұйғыр аудаының су құбыры»,технический паспорт ТС ВЕ01008103,,Кулинич В,,Груз/пас УАЗ39094  2007,279ВЕ05,
71,"Алматинская область, Уйгурский район, с. Шонжы",ГКП на ПХВ «Ұйғыр аудаының су құбыры»,На балансе ГКП на ПХВ «Ұйғыр аудаының су құбыры»,технический паспорт ТС ВЕ01008108,,Турдиев Р,,Легковая А/м  ВАЗ 21310  2008,278ВЕ05,
72,"Алматинская область, Уйгурский район, с. Шонжы",ГКП на ПХВ «Ұйғыр аудаының су құбыры»,На балансе ГКП на ПХВ «Ұйғыр аудаының су құбыры»,технический паспорт ТС ВЕ10008118,,Явуров Ш,,Легковая А/м Лада 21214  2011,252ВЕ05,
73,"Алматинская область, Уйгурский район, с. Шонжы",ГКП на ПХВ «Ұйғыр аудаының су құбыры»,На балансе ГКП на ПХВ «Ұйғыр аудаының су құбыры»,технический паспорт ТС ВЕ10008105,,Джанабилов Е,,Легковая А/м  ВАЗ 21214 2007,256ВЕ05,
74,"Алматинская область, Уйгурский район, с. Шонжы",ГКП на ПХВ «Ұйғыр аудаының су құбыры»,На балансе ГКП на ПХВ «Ұйғыр аудаының су құбыры»,технический паспорт ТС ВЕ01008109,,Розиев Б,,Легковая А/м  ВАЗ 21214 2007,253ВЕ05,
75,"Алматинская область, Уйгурский район, с. Шонжы",ГКП на ПХВ «Ұйғыр аудаының су құбыры»,На балансе ГКП на ПХВ «Ұйғыр аудаының су құбыры»,технический паспорт ТС ВЕ01008101,,Амирдинов М,,Легковая А/м ВАЗ 21213  2000,249ВЕ05,
